ticker,date,piotroski_fscore,beneish_mscore,ohlson_oscore,altman_zscore,gross_margin,net_margin,roa,asset_turnover,current_ratio,debt_to_equity,fcf_yield,revenue_growth_yoy,eps_growth_yoy,rd_intensity,capex_to_sales,pe_ratio,ps_ratio,ev_ebitda,buyback_yield
AAPL,2020-06-30,,,,-0.13503166584079349,0.3799949736114602,0.18853983412917819,0.03545994252294041,0.18807666128869618,0.7396523135092888,3.3903599789712513,0.009257052237674946,,,,,0.0,0.0,140.07246676342524,0.012304338371401616
AAPL,2020-09-30,6.0,-2.573576646756673,0.0007544158763535181,-0.10071799286373732,0.3808317856941865,0.19235747650402385,0.07462509668887392,0.38795007111310725,0.7213013916248332,3.6594051779888246,0.01676175532335487,,,0.7071067811865441,0.7071067811865475,0.0,0.0,152.30345478443317,0.02035298817175531
AAPL,2020-12-31,6.0,-1.8447645541952191,0.0005783877959501756,-0.003551341021575699,0.3888398877119183,0.22339306765272113,0.15879154333528253,0.7108167903497086,0.7003757119573649,3.882562731487159,0.03028031438286097,-0.7071067811865475,0.7071067811865476,1.151107775344039,1.121066201847183,0.0,0.0,75.58385302638118,0.030413306266975863
AAPL,2021-03-31,5.0,-2.7153490587937483,0.0008422213494194965,0.06774948890910237,0.3988125603092752,0.2345101196658943,0.22908580022875258,0.9768695720045271,0.6657014662477387,3.8803360889009353,0.04375122197588411,-1.1156331877678525,-1.1498906432758627,0.9274011697793071,0.377665017180552,0.0,0.0,84.81808448351089,0.044034118142208784
AAPL,2021-06-30,3.0,-2.5204275297975625,0.0009400225575733232,0.06638482014067537,0.4100502657314456,0.25003816738920653,0.2581587282704061,1.032477285232055,0.6174448737823642,4.0748431256391004,0.04065108142465225,-1.1558548342319566,-1.1375310177155125,0.8495240229416674,0.17324366601188365,0.0,0.2,107.8186953527315,0.042113813440291116
AAPL,2021-09-30,3.0,-2.0617603491023706,0.0006025819376993219,0.1581873599727124,0.4177935962516778,0.2588179335569424,0.2760241214995911,1.0664798907331636,0.6678908936347833,4.221461951806129,0.03976633505502053,-0.9330556469288336,-0.9576887522619092,0.8114519174206679,1.536926657515562,0.0,0.16666666666666666,109.93021846884722,0.042968501933839165
AAPL,2021-12-31,7.0,-2.252034075129163,0.0006092918944058722,0.15859250095233604,0.4301906043248758,0.2657914004699688,0.2874661143475051,1.0815478372859746,0.6481897807148328,4.211527860548272,0.034722647141311215,-0.8294599369731205,-0.855673783761633,0.6291347697220404,-0.373788487084333,0.42857142857142855,0.42857142857142855,77.51658920338411,0.03281594075601718
AAPL,2022-03-31,4.0,-2.7375970041122093,0.000978975672059701,0.1463319400153607,0.4332218529235759,0.2640686809130168,0.2886256410619419,1.0929945954363822,0.6317715203860096,4.296924271000108,0.03667722053995679,-0.7601673455270354,-0.8283990960404196,0.40391407923989997,-0.29035465673782856,0.375,0.375,105.77177028953601,0.03483907790951006
AAPL,2022-06-30,4.0,-2.4142900314187585,0.0007503743369721825,0.20549675724581512,0.43314273033632483,0.25708955416445184,0.28082166684047793,1.0923106843183734,0.7002571624607639,4.447260946999939,0.048386943109643796,-0.7202920068370023,-0.8035665110092096,0.08720297609205037,-0.3371863816335804,0.0,0.0,108.90220983532674,0.044751917973355745
AAPL,2022-09-30,6.0,-2.279690358872338,0.0008093252157007222,0.18232394995626064,0.43309630561360085,0.2530964070519973,0.28095377844026076,1.1100662459524377,0.6750402203699104,4.726963846680908,0.04939349694387636,-0.6359576705211039,-0.6931144640679824,-0.09042899627173626,-0.555308741402907,0.1,0.0,102.41142186068932,0.046202330356509634
AAPL,2022-12-31,8.0,-2.519685702207473,0.0005581371869136199,0.24823851600427843,0.4305937239540999,0.2455791317990282,0.2745700781767838,1.1180513432284653,0.7587043615369985,4.952955067516799,0.047029451812995865,-0.6670759407421222,-0.7304467266357069,-0.7049223146971808,1.6598785341068643,0.0,0.0,65.56859284040426,0.04981654665161296
AAPL,2023-03-31,6.0,-2.6783615816407504,0.0006023164667650555,0.340652543072916,0.43181033251535333,0.2449291733208689,0.275798244261026,1.1260326425048484,0.9042360166735647,5.008727774263828,0.03730705664430595,-0.6011719613000015,-0.6115384035120331,-1.0568693702646936,1.9679056838729245,0.5,0.5,102.34675100642701,0.03838007938336261
AAPL,2023-06-30,5.0,-2.3815655089183743,0.0006394056056419794,0.3561817516645935,0.4344924765518984,0.2468138972164414,0.2773395770834858,1.1236789346601301,0.9318448796023165,4.946543329663971,0.033003572959020656,-0.5609837167256921,-0.5511258923558423,-1.461879322224286,1.6339343379141797,0.6923076923076923,0.6923076923076923,145.40821259979128,0.031355796365405815
AAPL,2023-09-30,6.0,-2.074172823557453,0.000573312557746843,0.3887940825215436,0.4413112957720756,0.2530623426432028,0.2839166120269764,1.121923590295991,0.980890674185512,4.663073703404406,0.03711290582945423,-0.45745687284884873,-0.3823247973314634,-1.7088139735588725,-0.17383273639731808,0.42857142857142855,0.5,109.9253655230079,0.03450079588248841
AAPL,2023-12-31,8.0,-2.5423139324963406,0.0003580909828692074,0.4187828543757896,0.4502678205679974,0.26163191653746637,0.2939295635679151,1.1234468923283052,1.0161964015339253,4.308897548303296,0.03563522654446184,-0.3693652513030421,-0.16454889127446204,-1.3338564868024843,-1.8872333546064313,0.6666666666666666,0.6666666666666666,81.18358659822158,0.031109340367104703
AAPL,2024-03-31,5.0,-2.4495915540403708,0.0004764211775114166,0.43466057715883255,0.4558582685005883,0.2630580441954494,0.2912895180864476,1.1073203215561904,1.0607923039634903,4.092259727978605,0.03843261423421725,-0.9279335962366956,-0.5729001515900545,-1.3277992966334453,-2.08214440048181,0.25,0.4375,104.97656986810036,0.03656526559767407
AAPL,2024-06-30,3.0,-2.4441009627931463,0.0005101076796614371,0.44930595148059804,0.4596203867708498,0.26440665658721535,0.29657338995869453,1.1216562918145325,1.0778441086072716,3.96168112344307,0.03227678870864552,0.07251338131689183,0.040349505626631574,-1.1915974527537314,-1.6605350868515085,0.7058823529411765,0.7647058823529411,138.3372364507731,0.03280824408967709
AAPL,2024-09-30,4.0,-2.131408117401101,0.0008293814614662504,0.3943230965818797,0.4620634981523393,0.23971255769943867,0.2702265990254534,1.1272942962140284,1.0347860900750532,4.102065805730423,0.030636178892866576,0.5789678784075633,-2.1251882660490558,-1.0406146757240242,-0.962429594388862,0.7777777777777778,0.7777777777777778,129.44734767327904,0.03102361152272113
AAPL,2024-12-31,7.0,-2.463148436512049,0.00038472436504877677,0.39812638960646923,0.46518849807964424,0.24295027289266222,0.27908232275442496,1.148721997434126,1.0160111519338109,4.207996674350931,0.025908523283332444,0.7039990239160946,0.8601866525230284,-0.97876662641746,-0.5388054382401238,0.7894736842105263,0.7894736842105263,95.07959267136721,0.029962734467008978
AAPL,2025-03-31,4.0,-2.528537930566941,0.0006046452642989134,0.3804342850478529,0.46632081645294554,0.2430126434312604,0.28367458506753357,1.1673243871682544,0.9652300524170064,4.333771363699983,0.02944786679053448,0.7866884363893072,0.45404910728718434,-0.981138702517143,0.22580967061212046,0.7,0.65,122.44730552874378,0.034810831463229344
ABBV,2020-06-30,,,,-0.03411489333244165,0.6440287769784173,-0.07079136690647482,-0.004935464455293252,0.07010406367949798,0.8624523249208796,9.15001357588922,0.018008384040663326,,,,,0.0,0.0,184.73548909657322,0.011119187673459019
ABBV,2020-09-30,7.0,-2.457229529781814,0.0009818730721768759,-0.003604868444364218,0.6244266300853089,0.0673039825095383,0.01049637139772222,0.1559546850921441,0.9065680873287321,8.9647246927151,0.05486384563315323,,,0.7071067811865485,-0.7071067811865476,0.5,0.0,87.86353333333334,0.025163359111510752
ABBV,2020-12-31,5.0,-2.424633818772609,0.0032769513717377605,-0.009149774524366465,0.6384294742503698,0.04318945811483125,0.010713428030134572,0.24805655124567502,0.8832077224860625,9.429890069112668,0.06841550984830819,-0.7071067811865476,0.7071067811865476,0.9075827352104594,1.152228357899354,0.6666666666666666,0.0,77.28898999448515,0.03181060080046146
ABBV,2021-03-31,6.0,-2.390201138832874,0.0011071413187565445,0.019279693844059732,0.648211973304114,0.10277916127104293,0.034380898908228194,0.33451235136625584,0.8681274499949744,9.557721060315561,0.09260739078715502,-0.8258901837342847,1.0060852908793738,0.8356436284313544,-0.22824509175961272,0.25,0.0,79.92493297587131,0.04752447414109495
ABBV,2021-06-30,5.0,-2.4503750459700315,0.002720854966036241,0.03481180438279555,0.656237785925664,0.12401124160136984,0.044519501084924806,0.3589956886975724,0.8790327555363642,9.941805421015115,0.09783620623464373,-0.9935708363099247,0.1032317711477165,1.0731903123195015,-1.1616136323004609,0.2,0.0,75.66654807475794,0.04833824413902539
ABBV,2021-09-30,8.0,-2.537262052318656,0.0012090870026855007,0.04621740235760065,0.677173775127336,0.13656219978611175,0.05040341464067329,0.36908760051915385,0.8970457187958821,10.28084375766495,0.1130865802272781,-0.8725656760035629,0.010938260080560761,1.1631005356271795,-1.3108320727154068,0.16666666666666666,0.0,76.15158848118904,0.05153246480071288
ABBV,2021-12-31,7.0,-2.3998827015678046,0.0016231904543168943,0.07871282793924492,0.6895563820132747,0.2053846290727263,0.0777422288081366,0.3785201899437578,0.880116112638909,9.731116732923745,0.09103569559716766,-0.7676979479356311,0.25354907910517904,0.9981764658187309,-1.9305716416388992,0.14285714285714285,0.42857142857142855,60.694353017102294,0.041195825688377236
ABBV,2022-03-31,6.0,-2.390509494876745,0.001576182122758864,0.08734780162640435,0.6952842661965624,0.21999118554429264,0.08509811275721568,0.3868251018633752,0.8756203374635801,9.127069629322698,0.07649057747246156,-0.7028141952823448,-0.07005063865606222,1.167547437333502,-1.6676728453605325,0.25,0.5,86.46520567667626,0.03740395136438554
ABBV,2022-06-30,6.0,-2.4446417570072647,0.002564550056845888,0.08404287501890736,0.7047550959912117,0.2203525780745959,0.08688447946316846,0.39429753998047384,0.8605656321478569,8.69397650587353,0.08157360455302189,-0.6385142566033265,-0.11769236552983561,1.2845946597926476,-1.6994168086783967,0.2222222222222222,0.4444444444444444,113.00806116722784,0.04032043657117945
ABBV,2022-09-30,7.0,-2.5431868626236263,0.0010920064768465325,0.08686166850384239,0.6962244244971376,0.23187879416800705,0.09338773463172027,0.4027437479429727,0.8443365455893255,8.193164171936285,0.09186365674933655,-0.597320076100379,-0.0723635956219555,1.235151051584314,-1.6411478456875273,0.1,0.3,78.95151410725823,0.04685587090526582
ABBV,2022-12-31,7.0,-2.4022600110513643,0.0016133570815093955,0.08563051716864331,0.7000378957522306,0.20387914700106796,0.08356883255343522,0.4098939679838737,0.8854260159078952,7.808492443559923,0.08438707552497092,-0.5679976109331231,-0.22463295496802793,1.1709163895327228,-1.2716450891262658,0.45454545454545453,0.5454545454545454,71.87037946040034,0.039214515300864915
ABBV,2023-03-31,3.0,-2.43658813476531,0.0028334623097591464,0.05484960384325817,0.6942598826245572,0.13367758763504345,0.054386405191266626,0.40684759617108235,0.920378399684667,8.099747165810292,0.08309746654479039,-0.5960433867518532,-0.43595987583424173,-0.15967610538558805,-0.9682128500071465,0.75,0.5833333333333334,139.54073680603153,0.042223546882516574
ABBV,2023-06-30,6.0,-2.4695052781507827,0.0012088047496066584,0.0711612407075109,0.6890919800796101,0.15502561447976723,0.06315892815262862,0.4074096294639854,0.9351895084330638,8.242056624380409,0.10367265055591339,-0.5403652324760272,0.07213918752060428,-0.8001530369727232,-0.5218147256610384,0.5384615384615384,0.3076923076923077,75.49266472753598,0.05055081618299547
ABBV,2023-09-30,4.0,-2.562643500730403,0.0018796000414370414,0.051277120107461965,0.6575682832166564,0.11813993978744242,0.04781470151595506,0.4047293540354206,0.9427017883035282,8.798029379506266,0.09367568477118761,-0.5432477894083048,-0.7209460436241705,-1.3746809909355198,-0.00010235307786764994,0.7857142857142857,0.5,164.599599488709,0.046176820630060934
ABBV,2023-12-31,5.0,-2.480396220100098,0.0026250310905860195,0.026219069119873973,0.6241577377664862,0.0895283331492323,0.035966075182631556,0.4017284128665805,0.9178741043316747,10.099452049171918,0.08045103023017576,-0.49943902730550804,-0.6788761841624255,-1.672141237314264,0.2143732497389368,0.8,0.6666666666666666,114.25307183718148,0.04496607985533031
ABBV,2024-03-31,6.0,-2.3682960202348036,0.002056678305479447,0.03359241173472052,0.6227597742771538,0.11015936621142217,0.043179333288902735,0.39197151158287596,0.9151084543125534,11.771111775666537,0.06780268924959883,-0.2178805215734277,0.7439259843132678,-0.934168406411668,0.6029299372692782,0.75,0.8125,152.19068197164077,0.03639001397805201
ABBV,2024-06-30,6.0,-2.4486112037103536,0.002706501341706712,0.016614003200751952,0.6275454545454545,0.09707272727272727,0.03801738517435909,0.3916381690559562,0.8901769293372038,14.022276301010857,0.0585326824376143,0.5829927864243352,-0.4793893258752641,-1.0468120056053798,1.4068989553344162,0.8235294117647058,0.7647058823529411,88.11533333333334,0.039211629950192575
ABBV,2024-09-30,4.0,-2.47753349792277,0.0028335966772797547,-0.014686858460586635,0.6720508526461744,0.09223344677939244,0.03601057397564611,0.39042858348097526,0.8121820615796519,17.156242021955578,0.04464549028824132,0.6727749125451774,-0.14465966732517602,-1.3446870365151977,1.6741230878389708,0.8333333333333334,0.8333333333333334,123.77627395859955,0.03434070644522793
ABBV,2024-12-31,5.0,-2.5266270227812324,0.00551975203738329,-0.04052729744254417,0.6999325451769801,0.0759399297049739,0.030053003719744148,0.3957470573978651,0.7628170991479474,22.42895938772991,0.05650276049825853,1.0878647345651147,-0.5699616165061173,-2.9600515121298288,1.922528696892925,0.8421052631578947,0.7368421052631579,1658.2268263462274,0.03966790369435277
ABBV,2025-03-31,5.0,-2.3299287870022307,0.00210062477637819,-0.05538715790797309,0.7069395296947723,0.07312566458068227,0.030142719850543846,0.41220438847822377,0.7172841896221172,30.419178236821313,0.04143890754919123,1.2542315076985697,0.3042612326068743,-2.036324247242885,1.6720034544890643,0.85,0.85,127.10655362974127,0.03334505527845222
ABT,2020-06-30,,,,0.12019018262184483,0.554721615720524,0.07328056768558952,0.007807956263812958,0.10654879609165988,1.5714025002281231,1.2331320215598416,0.0041665081963867855,,,,,0.0,0.0,1658.2268263462274,0.004258416465424729
ABT,2020-09-30,7.0,-2.3758409339848776,0.00017364219760807926,0.15257112589700986,0.5532414560286756,0.10932575242568444,0.025671351555300793,0.2348152286694868,1.6313631221719458,1.2088856121680316,0.011563840195065837,,,0.7071067811865483,-0.7071067811865476,0.0,0.0,235.82237765482233,0.007272370611563627
ABT,2020-12-31,7.0,-2.359896359629416,0.00016253626770770872,0.20357280371921455,0.5639461349601964,0.14623167919053642,0.056059172779000514,0.3833586066255639,1.6620475198502551,1.2051972829049435,0.027386566586842253,-0.7071067811865475,-0.7071067811865475,0.8077367617472003,-0.6988612521089727,0.0,0.0,121.81324681739432,0.009859980110330801
ABT,2021-03-31,5.0,-2.530472766782012,0.00019492757912394074,0.24578742159688083,0.5681879050832932,0.15330226578820505,0.08086116290896762,0.5274622817426683,1.6862783810463968,1.1918503839484766,0.035441185783225373,-0.8721758034535768,-0.940169986337757,0.8831072253715468,-1.0009840318308585,0.0,0.0,158.2410747,0.013610086063685706
ABT,2021-06-30,5.0,-2.5041873997221664,0.00021214046285392499,0.27029011455092217,0.5574031267864689,0.15847687221932244,0.08866484729440804,0.5594813050809158,1.7416384419983064,1.1722992108144847,0.04161993355968009,-1.055989169489001,-0.9389714288921428,1.0789132253011173,-1.231459103578937,0.0,0.0,277.586084222973,0.01728546523360152
ABT,2021-09-30,8.0,-2.410227157385734,0.00014954304290453575,0.2968525668868012,0.5683085941193154,0.1712205729412877,0.09909814396180536,0.5787747480309305,1.7728585757271815,1.1585805194229946,0.0442454208079649,-0.8896655072949361,-0.7648911345749498,1.0311056428997412,-1.1319652675111078,0.0,0.0,123.2687117472853,0.02062632780203818
ABT,2021-12-31,6.0,-2.46859557104725,0.00016098100622249104,0.3014794353403718,0.5696575739988392,0.16415554265815438,0.09586334287989967,0.5839787151112542,1.8056535025858016,1.1306118617263268,0.03448184017555435,-0.8188924928379913,-0.8031598242140796,0.8369800903447979,-1.0648752299450812,0.2857142857142857,0.42857142857142855,155.5473068669528,0.02091717548114687
ABT,2022-03-31,6.0,-2.381790980418702,0.00015417587648993106,0.31837767959306973,0.5704048164622366,0.17354090847823156,0.10429781244620562,0.6009984237191452,1.8305974664766849,1.1113668757126567,0.03880260270647202,-0.7019596054876301,-0.6095665622843063,0.9286905521568487,-1.0748818328414627,0.0,0.0,103.7815625,0.034923294413320066
ABT,2022-06-30,5.0,-2.4845873330683483,0.00015108218186303326,0.3432987886944818,0.5804645648546588,0.187801879336085,0.1151278600269179,0.613028263795424,1.8842210503616867,1.0782199472753082,0.04415769637412019,-0.6600557588671215,-0.5459138045411461,0.9612888199025647,-1.0319568147134215,0.0,0.0,123.22926698769395,0.035996761699403836
ABT,2022-09-30,3.0,-2.5892146258913105,0.00016276723098574395,0.3353422955645733,0.571063735287586,0.17519431490117698,0.10653396622620744,0.6080903155236559,1.8922712535673378,1.053378439269894,0.05001130099647854,-0.6802229806384119,-0.7092154350848479,0.3017292846545724,-0.9023004794209749,0.0,0.0,164.12708333333333,0.04192494030380357
ABT,2022-12-31,4.0,-2.5093283812264815,0.00017162007369706943,0.3124001516341285,0.5614963461846838,0.15882069960827436,0.09386423329993772,0.5910075546289025,1.8268420759653388,1.0356911543814682,0.03865206902237259,-0.673600870127817,-0.7068689990765896,0.04141136853392135,-0.7704932619099529,0.36363636363636365,0.18181818181818182,296.3889975247525,0.034357945003613354
ABT,2023-03-31,6.0,-2.494264106403596,0.00014687865091187098,0.28741036801192266,0.5546078785688471,0.1398385736658234,0.07863566311582298,0.5623317018646163,1.7821643717728055,1.0120010631265461,0.03845947454764037,-0.6722349340250191,-0.7090605203014025,-0.47540689082324555,-0.5223122122286827,0.4166666666666667,0.16666666666666666,210.73872298624755,0.029451964606686344
ABT,2023-06-30,5.0,-2.4506177295139335,0.00015127434905054388,0.2621107589669381,0.5516332720131258,0.12830010441008302,0.07012537917774901,0.5465730484022732,1.6965912633803304,0.9968594200440902,0.028765364153366356,-0.5908957564077268,-0.6035102056934987,-1.7001004758924738,-0.026463349557892948,0.6153846153846154,0.38461538461538464,217.93630268199234,0.029892287129491314
ABT,2023-09-30,7.0,-2.4235986300662673,0.00013312426033247772,0.25517236682602595,0.5492379689181411,0.12918241197227157,0.07030877565752734,0.5442596603059153,1.6681472191740259,0.9678761684591416,0.026533753746445527,-0.4719202166022947,-0.3570147083095396,-1.0841609258662042,0.4561862976633574,0.5,0.14285714285714285,178.4570373588184,0.029357247577879404
ABT,2023-12-31,6.0,-2.4635458766576654,0.00011899737402414029,0.2632650828170093,0.5518462190530804,0.14268618015906653,0.07827609317084513,0.5485891701886122,1.671646073561322,0.9347565775981265,0.02632397523558631,-0.30365167731798826,0.3905945590259753,-0.8008582615910426,1.30423705738489,0.5333333333333333,0.4666666666666667,175.13931485758275,0.024018871256664638
ABT,2024-03-31,3.0,-2.467953140607269,0.00014167910528872598,0.25652623443538,0.5509844765163914,0.13961216088875664,0.0773550880206097,0.5540712752254187,1.6508307090889347,0.9031758276240782,0.02475543183142164,-0.044635450237677086,-0.18951587932799077,-0.8465230580933266,1.546913235340085,0.5625,0.5,255.36618853391684,0.02160757476734081
ABT,2024-06-30,8.0,-2.4488540808225534,0.00011840719810126656,0.2562595430347882,0.5524370779619399,0.13645181092694905,0.07644056838659091,0.5602019340550504,1.6615871505927118,0.8745519713261649,0.031072369080157827,0.2931026799996432,-0.0621859237265716,-0.4090904792767647,1.3587727016639057,0.4117647058823529,0.23529411764705882,180.1989217278798,0.021691305404913857
ABT,2024-09-30,6.0,-2.4607359988724165,0.00011104866493193449,0.2553345117282139,0.555523206443943,0.13991799500206226,0.07871586806527124,0.562585735052243,1.6270433798032695,0.8611566258938892,0.03255312667249013,0.5658543417598776,0.5791537051146787,-0.3638931336058985,1.0635903405136962,0.5555555555555556,0.5,167.8491965226782,0.023749829696920025
ABT,2024-12-31,5.0,-2.432408212778764,4.664426194725547e-05,0.39298001022393064,0.554088200238379,0.3194755661501788,0.17794950440492077,0.5570050522150743,1.6353448275862068,0.8089856604136142,0.03220288255645067,0.7987756529687656,3.0908259573416066,-0.2544659385336327,0.6789517753166988,0.0,0.3157894736842105,159.6810994329184,0.02467822853129356
ABT,2025-03-31,6.0,-2.3985388754534984,0.00012195650341391272,0.39034796202878463,0.5581192140563008,0.31886453806914794,0.17408738536915563,0.5459603204022757,1.679057019508088,0.7571777313328009,0.028722597366056275,0.5940356217673568,-0.20829915807723953,-0.16165697194098883,0.7663037969700786,0.05,0.7,208.3183291437549,0.020869941934747515
ACN,2020-05-31,,,,0.19684987320336733,0.32104358854567316,0.11174305507853707,0.03503411085143162,0.3135238322131821,1.3650534680398614,1.1267941040953018,0.019908853167150995,,,,,0.0,0.0,86.84432519294016,0.006041724667270527
ACN,2020-08-31,5.0,-2.5077633041386154,0.00018918535153270073,0.2541218581945703,0.3193001046064211,0.11527831942124134,0.06976084256063748,0.6051514535506254,1.384025582430286,1.1227171919644805,0.035789916797587945,,,,0.7071067811865475,0.0,0.0,112.89992819708385,0.011458810447876633
ACN,2020-11-30,8.0,-2.3981897951368842,0.0001922552600847338,0.318135010107358,0.3235464386435689,0.11957592005254376,0.10913731986502002,0.9127031581029288,1.4077225470832595,1.1065876352538764,0.043868771468183486,-0.7071067811865476,-0.7071067811865475,,-0.8415076620087869,0.0,0.0,95.44928427864245,0.01717755929798004
ACN,2021-02-28,3.0,-2.472841718249757,0.00020292151477973485,0.36823877689859774,0.3166318299369182,0.11947543884668495,0.14515006700196284,1.2148946126762044,1.4023718149179394,1.1106882846935588,0.05865018995992828,-0.8322912475874428,-0.882048099298304,,-1.124211485250018,0.0,0.0,110.0363223039404,0.02654919475896353
ACN,2021-05-31,8.0,-3.1978310245024506,0.0001923825877834567,0.37759443552621785,0.3198884590281217,0.12051230864818763,0.14679520285351977,1.2180930271783272,1.4142884077690039,1.1089396609617397,0.05030874845339318,-1.1093602944171372,-1.09307893044059,,-1.0204943101395958,0.2,0.2,95.73057580624699,0.024820961837201082
ACN,2021-08-31,4.0,-2.434096982827411,0.0002289493633032074,0.35962410289579483,0.3238280337778256,0.1168892313951079,0.14446098891880274,1.2358793636900312,1.372730903992068,1.1169431740505509,0.03867340821106528,-0.8827978577943979,-0.9312973925709306,,-0.7081357111929646,0.3333333333333333,0.3333333333333333,121.84084111043663,0.02245054095577169
ACN,2021-11-30,5.0,-2.3467549638833716,0.00022430161103598252,0.34058469786179074,0.32347970667233733,0.11533266015781457,0.14672171049591712,1.2721609845394322,1.317416453043449,1.1180429945217858,0.03136891963996025,-0.7446654669066753,-0.7515233950950808,,-0.13099668234239686,0.42857142857142855,0.2857142857142857,103.89998026129958,0.021397555690312303
ACN,2022-02-28,4.0,-2.4896344863042708,0.00021677358945514444,0.32570386114219635,0.32298037258184925,0.11273742755634654,0.1475334532106309,1.3086466172637585,1.2802058375795495,1.1111005233916353,0.033262936939315736,-0.6863350013165966,-0.7093969876025688,,0.2547613278853633,0.25,0.125,109.97659718636191,0.026552002296937584
ACN,2022-05-31,8.0,-2.422123552442735,0.000185902125180298,0.3141434710960801,0.32256619587070184,0.11123169076226348,0.14956907599219132,1.344662433585287,1.2454358879447027,1.105156799625635,0.03873317346572364,-0.6369886356619239,-0.6347248006144063,,0.2255276355157774,0.0,0.0,82.43155390914279,0.02875364632374024
ACN,2022-08-31,3.0,-2.5490579068234345,0.00024384957996536756,0.31591650515314024,0.31985975002072026,0.11165267633103418,0.1516873384570647,1.3585642856184967,1.2412914619592457,1.1395069404403093,0.047581134081639116,-0.6347641206627967,-0.5870648466862911,,-0.7357057847460797,0.0,0.0,92.39989068426837,0.028175184608005183
ACN,2022-11-30,7.0,-2.40474930088725,0.00018980733046663223,0.320646087446581,0.3201645915573242,0.11304006604747004,0.15262754679379079,1.3502075160651126,1.249253841059354,1.1121435918687177,0.04614665396107579,-0.6488288805433169,-0.5804532620522715,,-1.528715719171604,0.09090909090909091,0.09090909090909091,83.50991465563611,0.03034862963014576
ACN,2023-02-28,4.0,-2.5010785801616224,0.00021455228682649053,0.3188062914495899,0.32119543296455066,0.10990363218006646,0.14749713327435157,1.3420587686555416,1.2633071023113898,1.1109607117765068,0.05374782986474118,-0.6100712111611538,-0.653831887858512,,-1.7797675199614447,0.0,0.0,88.67747451405249,0.031301134881535166
ACN,2023-05-31,7.0,-2.4455594922235955,0.00016133891523562006,0.3303334764777777,0.3225172332657138,0.11272540270958388,0.14906197385937467,1.3223458978754348,1.2890180214716647,1.1084349670584197,0.04800332754136249,-0.5940715661890688,-0.48569104482518344,,-1.7708146288494706,0.23076923076923078,0.15384615384615385,81.5433894469989,0.026470991592423488
ACN,2023-08-31,3.0,-2.512348181327483,0.00021452543659607887,0.3235211989637393,0.32336675596647696,0.10718093853162163,0.1400810225868557,1.306958350113043,1.306766717319969,1.0747497148915006,0.0434657693536114,-0.5683892074636423,-0.7544229845927383,,-1.616480234994193,0.42857142857142855,0.35714285714285715,97.44218742340563,0.027331192835660656
ACN,2023-11-30,7.0,-2.4138178957923193,0.00013715521560820048,0.3305085923311531,0.3250344652492963,0.10652171913756568,0.13716741801739393,1.287694370011541,1.3405936709718664,1.0390876773797586,0.04252153674982904,-0.5367212154789885,-0.47937537011961695,,-1.540749010059324,0.4666666666666667,0.4,87.96382938740662,0.026004713416248777
ACN,2024-02-29,3.0,-2.491571542614693,0.00017657599219989513,0.3261125042819999,0.32578497014925695,0.10888756058551605,0.13772448348571184,1.2648321143859993,1.3347647672573,1.0086776587382327,0.03686347414731446,-1.2534302338462162,0.010018700350409483,,-1.2589128762722495,0.625,0.5625,122.25530161904973,0.024665509828117358
ACN,2024-05-31,5.0,-2.4423470608999964,0.00017872732194295008,0.2983306272039783,0.3258040278494993,0.10784579868631423,0.13357539212221844,1.2385776149773124,1.2804598055603782,1.001949065910703,0.0483086788512655,-1.098364100574758,-1.0080702274037197,,-1.1602897487451918,0.058823529411764705,0.058823529411764705,75.87059349630117,0.03687703689894969
ACN,2024-08-31,3.0,-2.482819830699113,0.0002129154535802436,0.2803496837318251,0.32609352953344267,0.11194426556121763,0.13648398776310497,1.2192137496178184,1.2267802955672642,0.998994843506535,0.03974284304729308,-0.6395097660085363,0.9660124936951596,,-0.8053898955213449,0.3888888888888889,0.4444444444444444,98.94115208002064,0.029286296599201275
ACN,2024-11-30,6.0,-2.451474800408031,0.00020119543605217312,0.28624450174905247,0.3245426662177732,0.11407538257078563,0.1368635224540427,1.1997638699052064,1.2474705511642257,1.0804004097965962,0.0393737000868143,0.24626012183655707,0.9115010369923154,,-0.20685130877252966,0.47368421052631576,0.47368421052631576,87.74204870572163,0.02683140753917618
ACN,2025-02-28,4.0,-2.5142511377406667,0.00016491437369223677,0.2892341527126657,0.32182748455170435,0.11430054075115528,0.13373486936085027,1.1700283172938406,1.2660926783567734,1.080905803904388,0.04409746742011663,-0.09606281579133759,-0.030989993621219552,,0.3686724436378941,0.25,0.4,111.75864690691108,0.029355201445008437
ADBE,2020-11-30,,,,0.2598748146928018,0.875,0.5288310614452381,0.09265359907758194,0.1409981881073958,1.477866473149492,0.8308202653799759,0.007235261709413532,,,,,0.0,0.0,206.69893707482993,0.003662878173318346
ADBE,2021-02-28,5.0,-2.367930983642596,0.00018581069641565256,0.302121009153829,0.8806112702960841,0.4790558057033702,0.14252369644198176,0.2975095902088534,1.372150556635448,0.837709809772473,0.015277860915705078,,,0.7071067811865476,-0.7071067811865474,0.0,0.0,165.5430163236338,0.007715499925885259
ADBE,2021-05-31,4.0,-2.519675673026105,0.0001598472227752983,0.35814351177672976,0.8818523826585454,0.4144571838050878,0.18544842420274948,0.44744893187799767,1.351886846475405,0.8408096011017658,0.02168541952813676,-0.7071067811865476,-0.7071067811865476,0.710801441263366,-0.4691967726824139,0.0,0.0,187.30431228585414,0.011131985464491017
ADBE,2021-08-31,7.0,-2.4427345221800545,0.0001498072695684318,0.4256250309421258,0.8817140207960792,0.38671435194383735,0.23125897321649586,0.5980098024654686,1.362433415067219,0.8337388336117365,0.02065532576305516,-0.7709667259662374,-0.7445114673666849,-0.2060045819456767,-0.35874294934634227,0.25,0.0,236.56613018597997,0.01099487313138059
ADBE,2021-11-30,4.0,-2.2895929012713654,0.00015206654831432086,0.3483761736185932,0.8818498574596135,0.3054798859676908,0.1855471756195167,0.6073957211020471,1.306133843822286,0.836315780176297,0.021359546626397413,-1.0189678777400275,-1.358829149742337,0.39537148227153296,-0.6110079978354448,0.6,0.0,228.63353867214238,0.011356376214180201
ADBE,2022-02-28,6.0,-2.561587732267746,0.00018817865182001138,0.33049941396758237,0.880436129352001,0.2990335770040887,0.18398559217861124,0.6152673356012311,1.2409597581711695,0.8463527921460995,0.030781280947836578,-0.8641728213006681,-0.6728380876213048,-0.8544984410592452,-0.00397147371383744,0.0,0.0,152.25894018205463,0.022980175378576443
ADBE,2022-05-31,6.0,-2.5415563263668877,0.00018292064968933276,0.31544844682884365,0.8786916671658779,0.2928772539387767,0.18503694872595494,0.63179009717373,1.1792817181014257,0.8551017184181425,0.03467153284671533,-0.729938583814029,-0.5653843517739898,-1.765189118025447,0.32243260146099256,0.0,0.0,141.22864828513787,0.026816224194755038
ADBE,2022-08-31,5.0,-2.4104536816521303,0.00017760982521620644,0.29411687224213684,0.8776103775231225,0.27997207841312316,0.18113221748661643,0.6469652920865204,1.1239983420834485,0.8669769892850869,0.040703798305570936,-0.6641648057096854,-0.6079266148720769,-1.9628960042240047,0.6277325885342449,0.0,0.0,130.10590562109647,0.03152274799341522
ADBE,2022-11-30,5.0,-2.3262274343631995,0.00018463577888802309,0.28082590315504047,0.8770305577643985,0.27013518118823127,0.17911515756371751,0.6630574987524832,1.088089247881356,0.8904136408942047,0.04552448347469252,-0.620165462858184,-0.546825146318248,-1.9872401844893621,0.21457806741201857,0.0,0.0,119.59588516746412,0.03860594380114541
ADBE,2023-02-28,8.0,-2.5722697382970443,0.00017885052407499798,0.28504237525958354,0.8766042557919884,0.263181287849325,0.17724645001964415,0.6734766421582384,1.1079545454545454,0.8882275015455268,0.04911520162129153,-0.5794663249884988,-0.48048207549577154,-2.02755849090565,0.01720953640102596,0.0,0.0,104.65592616580311,0.03552614802337988
ADBE,2023-05-31,6.0,-2.548318363185312,0.00016449183109722447,0.29521279539542866,0.8776927668348798,0.26338922350643007,0.17909126127621894,0.6799490840666335,1.1293031336464836,0.8865107538108165,0.03870871320462517,-0.5392888425052558,-0.33598818605436,-2.0194561890462737,-0.32453185060620876,0.2727272727272727,0.2727272727272727,129.26808470290771,0.026558463741230765
ADBE,2023-08-31,7.0,-2.399129872259752,0.00015065896874186027,0.31356446370530877,0.8788520597267817,0.27115323520067774,0.18494041170097508,0.6820512820512821,1.157733441741197,0.8814017088209815,0.029703541826022313,-0.5070855167643896,-0.1872495598966549,-1.7966276813610225,-1.222688111995966,0.5,0.4166666666666667,162.9663504531722,0.018836392377477564
ADBE,2023-11-30,7.0,-2.3036738191786608,0.0001429946011561404,0.33706846366891874,0.878716059559998,0.2796640733680251,0.1915077531003581,0.6847778150193166,1.1998772817916858,0.8483484952231896,0.02480680388238273,-0.4742593066844066,-0.15670266252758286,-1.566710461791201,-2.291689431272616,0.5384615384615384,0.5384615384615384,172.1643621399177,0.014601066070788798
ADBE,2024-02-29,5.0,-2.537596865504099,0.00024159795774725298,0.30403436747561885,0.8808186195826645,0.24082062600321028,0.1663288814980339,0.6906753971141021,1.2018391888705493,0.8446127300613497,0.02539065680192485,-0.42351987332235297,-1.0926095744702917,-1.389098550312477,-2.4506948815561462,0.6428571428571429,0.35714285714285715,144.07730831099195,0.018231798887523656
ADBE,2024-05-31,6.0,-2.7152051095339806,0.00016145098055255034,0.3232931214772119,0.8824220470899212,0.24861716187772284,0.17271544798388125,0.694704447108232,1.2312881836870602,0.8791156125692925,0.03174686105902503,-0.3215980282750946,0.43018043400815176,-1.2746781871184987,-2.341470755028689,0.2,0.13333333333333333,116.30182311448725,0.030704917911830273
ADBE,2024-08-31,6.0,-2.367935034327866,0.0002095236449786477,0.3330759417743121,0.8865708693368979,0.2558838974554829,0.1811315653856227,0.7078662127113131,1.22409259788511,0.9288694065117492,0.025453135764150543,-0.35647102894952165,0.8268019090278184,-1.320575595099279,-1.9633375822269823,0.4375,0.375,139.3462955361724,0.029684962458373435
ADBE,2024-11-30,4.0,-2.371078917912688,0.0002248513823094752,0.33447120806611785,0.89035108114392,0.25854452452917925,0.1871770270497736,0.7239643825009678,1.2002625111706882,1.0154699506386444,0.034291734986259134,0.15937312791746572,0.48981222664599405,-1.1939146226984179,-1.5732419635433317,0.35294117647058826,0.29411764705882354,127.70501305483027,0.0398059400532735
ADBE,2025-02-28,6.0,-2.5337123515574174,0.00028636999784232295,0.38486610788022196,0.8915460362118256,0.3063484140309479,0.22499208478445618,0.7344320207961874,1.189727719412547,1.1209797130133596,0.04785274847196054,-0.48702121524309444,2.415090214322603,-1.0023414354188847,-1.3676334503606284,0.0,0.05555555555555555,97.99612629594722,0.054089431747570714
AMD,2020-06-30,,,,0.5210086586662616,0.4389233954451346,0.08126293995859213,0.02384930882576333,0.2934832143399666,2.0990139687756777,0.9918305597579425,0.002354673647654381,,,,,0.0,0.0,392.0836416184971,0.0006041596859113214
AMD,2020-09-30,7.0,-2.218570902070386,0.00012557119228663827,0.620402763486697,0.4390450031692373,0.11557151912106486,0.08040570336616198,0.6957224753785095,2.18697175840033,0.8970998326826548,0.004185996786720452,,,0.7071067811865475,-0.7071067811865475,0.0,0.0,229.03084632516703,0.00030115084796550015
AMD,2020-12-31,6.0,-2.0747958478185824,3.577385661481315e-05,0.9375398794753633,0.4423968910618027,0.29183903723204213,0.3094647288195675,1.060395249911379,2.304898183819483,0.7347989853178569,0.008417238278784562,-0.7071067811865475,0.7071067811865476,0.8028578317361935,-0.8322149587579257,0.0,0.0,192.54974269005848,4.6918830985421194e-05
AMD,2021-03-31,4.0,-2.4781959407900405,7.82761393950802e-05,0.9907771943098277,0.4479075468394327,0.2524076343897741,0.34665660094473283,1.4008278399509428,2.363699170943545,0.6737657805604024,0.01789234582210103,-0.8608771575555034,-1.1191601146246846,0.7895429378051264,-0.888856118423578,0.0,0.0,151.8476443768997,3.104513445130312e-05
AMD,2021-06-30,8.0,-2.5302401999384188,4.5120000475841604e-05,0.9907771943098277,0.4571214392803598,0.2575712143928036,0.34665660094473283,1.45304032894916,2.5172804532577904,0.5797556568872064,0.02131839713674467,-1.0188806544028006,-0.8631074203881102,1.013597214233305,-1.1152359625869768,0.2,0.2,143.3699759036145,0.0021880545539944836
AMD,2021-09-30,5.0,-2.379379174640901,5.8383519627510745e-05,0.9907771943098277,0.46821976838136276,0.26723673579315915,0.34665660094473283,1.4541894108143834,2.483258072761353,0.5407505185743918,0.023418426604091113,-0.9073838299447224,-0.7446364894185697,0.8755678277731691,-1.01433754583569,0.0,0.16666666666666666,137.72645502645503,0.008951780479903925
AMD,2021-12-31,4.0,-2.2591292536404683,8.626321340712815e-05,0.8877995937711578,0.4824753559693319,0.1924059875867105,0.2854434664861205,1.483547731888964,2.3293510324483777,0.5726708074534161,0.018192398741221603,-0.7920821751046458,-0.8370947536146999,0.8519407764755971,-0.9583947132235395,0.5714285714285714,0.42857142857142855,150.4827514546966,0.009367390407747023
AMD,2022-03-31,5.0,-1.2871310018997155,2.286936441071317e-05,0.4425665658542371,0.48527230345412165,0.1797520661157025,0.13413983276996977,0.746249184605349,2.3197149351846162,0.31347119990653116,0.024787918105269018,-0.6283759967655932,-0.5876799911944853,0.7141118954935721,-1.0044944091053098,0.375,0.0,242.8699652173913,0.026920936420486916
AMD,2022-06-30,5.0,-2.4125775910101606,2.6705863241853253e-05,0.296987764970979,0.48007044864664444,0.14506859473489062,0.07924602345732931,0.5462658792700757,2.2954305056060926,0.26254844767650937,0.026682897560750467,-0.5890117513224667,-0.6362846901776757,0.33963988274249896,-0.8117162580845412,0.4444444444444444,0.0,-1096.4066528798187,0.03415090372490045
AMD,2022-09-30,3.0,-2.418349914115737,3.841723558528675e-05,0.21471345977348855,0.46548098826003154,0.09957070264587349,0.04235791788378128,0.4254054331064492,2.2615838438847287,0.24403475116059373,0.0331002331002331,-0.7329798916765283,-0.7180221017536397,-0.24450132850284148,-0.6873155866749459,0.5,0.0,-171.4297583081571,0.04112276612276612
AMD,2022-12-31,7.0,-2.5179196623337896,3.405641342637626e-05,0.1701921366304928,0.4492606245498072,0.055929833481632135,0.019569471624266144,0.349893257427504,2.3286707498758483,0.2275494326505728,0.026644461523130856,-0.7335248703299513,-0.7642866554353015,-1.0014302359361984,-0.5510085254930194,0.7272727272727273,0.09090909090909091,-171.4084105960265,0.03370973446634309
AMD,2023-03-31,4.0,-2.50046020379982,4.45482140642771e-05,0.1563274645414321,0.4397624311787402,0.01712402999956648,0.005840452154498442,0.3410676198678875,2.3274642289348173,0.23440943624375443,0.015874897489062612,-0.8144865133006163,-0.9032710341127363,-1.6507650292757379,-0.10760062188516464,0.8333333333333334,0.25,-254.86060921248142,0.014198548647422812
AMD,2023-06-30,6.0,-2.4150245565780457,1.5691670816128593e-05,0.1517816024089272,0.4369628816968367,-0.0011428049003474126,-0.0003690145834563382,0.3229025211076342,2.2640302840971738,0.2367174450762589,0.010073836853591646,-0.8281475004532743,-1.0787598747333262,-2.2135484007208164,0.3280592623483906,0.0,0.46153846153846156,-389.58559921414536,0.0070252466970414165
AMD,2023-09-30,8.0,-2.323727142530877,1.6634343111679995e-05,0.16260584106023848,0.45009271403373885,0.00940708244765049,0.0030722987219680437,0.3265942165453626,2.2693195949546987,0.2334639034388522,0.007892830408388897,-0.6756202444983213,-1.6211939407879896,-1.889390334636529,0.6104428469036496,0.8571428571428571,0.35714285714285715,-764.0170762711864,0.0070629488450257676
AMD,2023-12-31,6.0,-2.5859554198799994,1.906309964035672e-05,0.18209153412611762,0.46119929453262787,0.037654320987654324,0.012599958688660037,0.33462185369884034,2.3052520639381697,0.22846319757852573,0.004679778535012237,-0.5631557731006283,2.6525176559465087,-1.507618144734037,0.9221089297707922,0.7333333333333333,0.6666666666666666,-1096.4066528798187,0.002993221418022992
AMD,2024-03-31,5.0,-2.2883661154156014,3.18625532597035e-05,0.19408415723008554,0.4675877192982456,0.04894736842105263,0.016449683645756948,0.33606880566600217,2.363902404625908,0.2213226160686961,0.0039618270526599495,-0.7754136120365138,0.3229631281471875,-1.3221950188219629,0.8680093090164568,0.6875,0.75,-865.498202247191,0.0019809135263299748
AMD,2024-06-30,8.0,-2.3420002731111946,1.7224878954679554e-05,0.20939209412736093,0.4761127341467606,0.05817150713180959,0.019963729118440646,0.34318741429898414,2.5201037613488975,0.21330244456569378,0.005110384108445288,-0.43745065698615726,0.24383817027457094,-1.1261989634373324,0.9875328025878344,0.6470588235294118,0.7058823529411765,-1096.4066528798187,0.0027905634667339417
AMD,2024-09-30,5.0,-2.2889899538390925,1.7420371049634183e-05,0.22706895668527854,0.48380325169788024,0.07515949783906153,0.02672501481877191,0.3555773466714477,2.6082359073646586,0.2113752310372186,0.0057965641424840165,0.00423793515227605,0.3413084792869663,-0.8283462004899139,0.6589226949383221,0.5555555555555556,0.6666666666666666,753.6481989247312,0.000689180184035696
AMD,2024-12-31,7.0,-2.568566083815348,2.0854909873931224e-05,0.22956783897641664,0.49350397517936784,0.06364165212332752,0.02390011760722101,0.37554206733832646,2.635081967213115,0.20834268266392125,0.012170286445529442,0.36621669613797925,-0.03717743542113834,-0.513578158972685,0.9145966400566304,0.5263157894736842,0.3157894736842105,288.8978482758621,0.0029502191258809415
AMD,2025-03-31,5.0,-2.6544566666906864,1.9607406016399054e-05,0.2524962450323035,0.500936936936937,0.08025225225225226,0.032008853818568585,0.3988530280490697,2.679451863733045,0.21542371993082124,0.01647957885068436,0.8538851781078284,0.3204919359021082,-0.04540113143215317,1.0447835030671035,0.45,0.15,366.095387755102,0.007362833994312301
AMGN,2020-06-30,,,,0.2671947824214364,0.7602320335159523,0.29052529809861427,0.02773376813154697,0.095460768177693,2.1757103487598592,5.09916502486162,0.01922235132614171,,,,,0.0,0.0,83.50457167455876,0.010721259290325686
AMGN,2020-09-30,7.0,-2.6887032221121845,0.0009968059413039273,0.31472294212020235,0.7585715416897617,0.3027951540106105,0.05899049734666173,0.19481981981981983,2.2248486032428207,4.9972245351096305,0.03952565473508927,,,-0.7071067811865476,-0.707106781186548,0.0,0.0,83.04738687321647,0.021362691202098272
AMGN,2020-12-31,5.0,-2.38500453438418,0.0014114609575118875,0.3340100521298469,0.7588122307013445,0.282354773399782,0.08472138569856072,0.3000529606014663,2.0760061004077315,5.207367776452767,0.05871235777290057,-0.7071067811865475,-0.7071067811865475,-1.073119872086274,-0.08152372381258129,0.0,0.0,93.80454847277556,0.039664483818972335
AMGN,2021-03-31,4.0,-2.4958366599367037,0.0013662257929545189,0.3577604013561448,0.7561595930694643,0.2815530122397075,0.11107844866443256,0.39452054794520547,1.9556202497888795,5.321325041500458,0.06803468849070976,-0.8448815260734693,-0.7074577159291261,-0.7236767021960653,0.6152574451484917,0.0,0.0,93.11982620948802,0.049958975117428146
AMGN,2021-06-30,5.0,-2.4552095527553752,0.0023139101498975143,0.2975193779837293,0.753374666457385,0.22547480772249254,0.09197389324401653,0.40791205976862466,1.716326946596005,5.585074705525837,0.06325912100608808,-1.0597756437651207,-1.1164246459079732,-0.8934147575875877,1.0227128091038573,0.2,0.0,82.99646378054008,0.05911389592498778
AMGN,2021-09-30,6.0,-2.4565272621107628,0.0011001973522766417,0.2788298242178915,0.7542205146117127,0.21768153063996584,0.08965327088985946,0.41185520253503455,1.5926523197834992,6.108046695259466,0.0646808651065708,-0.8611134772545552,-0.6908488781706261,-1.602559924342565,1.845721090653387,0.16666666666666666,0.0,73.57947855340622,0.07170995912070324
AMGN,2021-12-31,5.0,-2.4296660466640025,0.0017438933612677367,0.2761717712399887,0.7515685746179607,0.2268370607028754,0.09486859580633476,0.4182235279913068,1.5448421439060205,6.64570127392455,0.06748886969148221,-0.7517534681325935,-0.49193387246321946,-1.4183211322755251,1.8983747287123547,0.14285714285714285,0.14285714285714285,77.33352430555556,0.0723767999984539
AMGN,2022-03-31,4.0,-2.464929123247722,0.0035980462480798957,0.2623668547324448,0.7520519835841313,0.21747226022191823,0.09338832523549018,0.42942637897905983,1.4933666073361835,9.179692691029901,0.061605099382777945,-0.664491168224818,-0.5994307268477597,-1.0106251780082924,1.5145632338800126,0.375,0.25,76.75602,0.10642743853213427
AMGN,2022-06-30,7.0,-2.427209288852213,0.002931570750618974,0.2931477060920179,0.757504548211037,0.24924196482716798,0.1075177397730617,0.43137896079264904,1.5535313154387969,12.403900942362482,0.06394845547832756,-0.6314788112927783,-0.1860472936606412,-0.7477417616842065,1.5591867877409815,0.0,0.2222222222222222,86.05289522058824,0.09942434909197785
AMGN,2022-09-30,6.0,-2.51072755565576,0.001967236071156926,0.30161697931006143,0.7578047854158755,0.2595898214963919,0.11234616095827084,0.43278338230157587,1.562679021126896,16.778711279953242,0.0741927609899625,-0.5963172049146669,-0.4249374592433636,0.2992659460567124,0.8698198536419508,0.0,0.0,67.17366541353384,0.09853610104135399
AMGN,2022-12-31,4.0,-2.4214211465434676,0.002686218022587946,0.28697793466525956,0.7566386810014056,0.24890779926300194,0.10597183303613669,0.4257473383715241,1.51453477900652,22.223870785989295,0.0638336398704406,-0.5537275844685682,-0.5906124018138705,0.3657215148479878,1.1319708746410027,0.2727272727272727,0.45454545454545453,88.24612556053812,0.07670209476065691
AMGN,2023-03-31,5.0,-2.5416641208182544,0.001327369217981153,0.3917192551519858,0.749331806032837,0.302290950744559,0.11439305001173984,0.378420358697419,1.9396844382684562,17.35654134341224,0.0579033764795885,-0.535246257560125,0.07187294737623434,-0.1068267109392461,1.8235179978509901,0.0,0.3333333333333333,101.76991150442478,0.032699915040192526
AMGN,2023-06-30,6.0,-2.4589351973773645,0.0016453318928217116,0.4453513531074364,0.7416296742156346,0.30016552554360093,0.10368733959260583,0.34543387154413435,2.255519321702266,14.831404618628813,0.08123314003452639,-0.45218739069067565,-0.46718179808937205,0.03622498282278213,1.5099315935362392,0.0,0.0,71.2803614008942,0.03651926605166008
AMGN,2023-09-30,6.0,-2.437260174478279,0.0012237477340023583,0.4808728081184781,0.7359221853687623,0.28196623560541123,0.09043640405923907,0.3207348704892363,2.5447750691914375,13.272967670391537,0.06486488131365804,-0.39267742656821053,-0.7145977852716174,0.6078773935949214,1.604747300219358,0.21428571428571427,0.5714285714285714,110.04076199901039,0.03081756169460073
AMGN,2023-12-31,3.0,-2.1448841316475864,0.0026456982417654784,0.44370385925487554,0.7002128414331323,0.23827598439162823,0.07327429863340215,0.3075186062938226,2.5637132827267544,13.093746396586846,0.047403170698179974,0.17834990135417483,-1.005753306617852,0.7390730891519522,0.6836937672156969,0.6,0.6,189.14852871754525,0.029347580608901747
AMGN,2024-03-31,2.0,-2.5547958511553794,0.004236243840386433,0.32228114208073066,0.6637207097385887,0.12742110253284572,0.04057831922941092,0.3184583905083613,2.137256260653852,13.438402553423378,0.046145708618130415,1.9122134517371465,-2.437983160037927,0.5107657442141137,-0.3969030533665368,0.875,0.4375,242.30940464177598,0.030081176919708286
AMGN,2024-06-30,7.0,-2.431075298359556,0.001391601625178043,0.23276162282177218,0.6329604965410228,0.10118316415594492,0.03369440893493911,0.3330041041512481,1.7504472622327854,13.96174753372257,0.03242515105559218,1.5274748489885301,-0.817008140151822,0.08444020937348459,-1.1167462154356464,0.8823529411764706,0.5882352941176471,133.95518596123625,0.02778707070025844
AMGN,2024-09-30,7.0,-2.422625769074118,0.0014151538176640946,0.1682214646002947,0.6047826888793263,0.13001782750353477,0.04549316527032404,0.3498994418214474,1.4053043097516733,14.053994980976281,0.035977315795627775,1.4113381212260059,1.7868508415392155,-0.4804913896397275,-1.4000159424516883,0.8333333333333334,0.5,127.71974596971177,0.027296492821543467
AMGN,2024-12-31,5.0,-2.545039763052917,0.003117035665942727,0.148852865041502,0.6153063666826233,0.12236716132120631,0.04462520014511373,0.36468280920544777,1.3117719335554452,14.055192805223605,0.0737130498621905,0.2643593606088935,-0.11709871278431846,-0.9025661890191452,-0.7508704577722806,0.6842105263157895,0.0,98.04012981393336,0.035686363950985435
AMGN,2025-03-31,4.0,-2.261089763358375,0.0018511446939075604,0.16424092827469172,0.6300181679657739,0.17385571118795054,0.06537813088849465,0.3760482209170349,1.2501250909752548,13.215068922305765,0.06475878908480673,-0.05001695604354851,1.7676686349856336,-1.220977072548039,0.1866358775992754,0.65,0.25,214.69741086587436,0.03027614298669434
AMZN,2020-06-30,,,,0.10744520235062753,0.40772899046247973,0.05896841821126507,0.020297002872473036,0.34420124344789677,1.181179176961745,2.5036078559027777,0.009963473199389387,,,,,0.0,0.0,271.9177135033373,0.0
AMZN,2020-09-30,5.0,-2.3878807459396354,0.00033891334085866983,0.12227725428451432,0.40685302366297954,0.0625428921899739,0.0428275666844899,0.6847711256204984,1.1433496077790488,2.4535631904819715,0.010015596219194614,,,,0.7071067811865478,0.0,0.0,291.27875363254765,0.0
AMZN,2020-12-31,5.0,-2.3281986768233605,0.0002988344254217091,0.1395442433920398,0.39136285784193786,0.06051279409681532,0.06543899880235074,1.0814076556711942,1.106821066876065,2.4480346688968297,0.01693039612985317,-0.7071067811865476,-0.7071067811865475,,1.0677838766382053,0.0,0.0,272.77287938309325,0.0
AMZN,2021-03-31,6.0,-2.411736890168996,0.00030845816707422756,0.16810253510189785,0.40005964736477945,0.0641877221864338,0.09082982701210789,1.4150654349174732,1.0923703773106306,2.354117890195257,0.013428493304654295,-0.9647669004091773,-0.799063126709648,,0.7535051472653861,0.0,0.0,202.49368302312465,0.0
AMZN,2021-06-30,5.0,-2.4008469452646466,0.00027322031024091295,0.171445402053203,0.4067895636795113,0.06640679633113616,0.0915097492170318,1.378017827583795,1.1006840840489456,2.263412308332192,0.003986963928664902,-1.0997232766633898,-1.0606916981347851,,0.9568073412084876,0.2,0.2,258.55359646844977,0.0
AMZN,2021-09-30,3.0,-2.394404736362155,0.0003770524469018569,0.14924819592255786,0.4130708678610811,0.057347177186029503,0.0757406108304488,1.3207382568239152,1.1032828413379516,2.2099650305144056,-0.0020930679316102908,-0.9166593709603781,-1.0925557295847526,,1.1324246034474275,0.3333333333333333,0.0,397.877473206925,0.0
AMZN,2021-12-31,7.0,-2.3672182564313764,0.00016305452770287214,0.17649370841745993,0.420325144416396,0.07101412875514557,0.08978767464750924,1.2643635318979165,1.125959043439262,2.1164841109424404,-0.004312845830756752,-0.7996763090363486,-0.32341761070698394,,0.3928104711834905,0.0,0.0,533.5832225433526,0.0
AMZN,2022-03-31,2.0,-2.403352663977338,0.0005635428839717382,0.11527196559683008,0.42136858762360074,0.04482070045295846,0.0544153551273442,1.2140674861709446,1.0979352891741156,2.100868181074953,-0.010631335350199477,-0.7295300969458407,-1.2964283187270247,,0.6586209192349337,0.5,0.125,524.924230035432,0.0016066628900647246
AMZN,2022-06-30,5.0,-2.409893408143593,0.0003743944521642571,0.05565716734518963,0.4264522475725558,0.02388753287699989,0.028423275888456948,1.1898790902690624,1.0395470086565737,2.1160103164368613,-0.022325618408849744,-0.663790117650457,-1.2241388889412534,,0.7868051135891039,0.6666666666666666,0.0,409.4049593005728,0.005552025135868466
AMZN,2022-09-30,6.0,-2.4254354341449424,0.00017965476863940596,0.03644050336845289,0.4304437952890434,0.02254719817758582,0.026969059298347153,1.1961157695042175,0.996724914122341,2.1034765687801795,-0.01770254145312287,-0.5776182407730249,-0.4068111778482344,,0.5857268731012795,0.7,0.1,575.0377227722772,0.0051396133126264025
AMZN,2022-12-31,5.0,-3.1978310245024506,0.00042637153406893896,-0.02959735863173034,0.43805339865326287,-0.005295895000418302,-0.006324599252293887,1.194245590555389,0.9482968612904067,2.1361308715968192,-0.013676880881448906,-0.5649432686463771,-1.92998307598918,,0.17296856214500633,0.0,0.0,416.1597552064304,0.007093204709887928
AMZN,2023-03-31,6.0,-2.5638846231407855,0.00018504640312361266,-0.010434990307823088,0.447276322783327,0.008180652585173854,0.009675840199916288,1.1827711908280065,0.9392152730300866,2.1172391388332805,-0.0019742844676126255,-0.538413254044085,-2.1507961151967288,,-0.19851280895752804,0.8333333333333334,0.08333333333333333,287.00510682865524,0.0031195565947964425
AMZN,2023-06-30,8.0,-2.4048061893516657,0.00018786698652256513,0.015970784856919336,0.455303078175472,0.024295320474457573,0.028525571433403417,1.1741179320270023,0.9381182762980844,2.021498038439983,0.007864878610410957,-0.5009557947738562,1.884733116260387,,-1.5465835224411444,0.6923076923076923,0.3076923076923077,217.25324046348135,0.0
AMZN,2023-09-30,7.0,-2.3902554240845584,0.00016664353601224805,0.04045966705488588,0.4624351115828081,0.03624185059238883,0.04246057319341934,1.1715895435631123,0.9498235289186221,1.9004989695527368,0.019078586669982384,-0.3941719140170789,0.5500294889824959,,-2.336238786962472,0.35714285714285715,0.2857142857142857,147.6566598140865,0.0
AMZN,2023-12-31,6.0,-2.325290921302122,0.00014557852327550305,0.07855587048134585,0.46982088955000567,0.05293283575597832,0.0621958561308147,1.1749957326590084,0.9770769004800813,1.7638253274122286,0.02282706132028404,-0.19768621482502605,0.5416148116236307,,-1.7484892615351966,0.13333333333333333,0.4,145.7247073964721,0.0
AMZN,2024-03-31,6.0,-2.5028868050467965,0.00014334300869537047,0.10933058800096672,0.475943731590886,0.06379117716762027,0.0744995954654569,1.1678667610992466,1.0138762116944255,1.6273004800606665,0.026056103780906975,-0.11859590333962532,0.28555660755520834,,-1.4655270815415995,0.125,0.4375,146.20468413144314,0.0
AMZN,2024-06-30,7.0,-2.431559974111768,0.00011107071594759123,0.13634464543133046,0.48043135087550926,0.07350074627606588,0.08458651269873613,1.150825222658727,1.0504999452732153,1.5067235033820392,0.025599218294310066,-0.4914491105614408,0.21861722588059476,,-0.8324763798371145,0.058823529411764705,0.5294117647058824,162.5520038167939,0.0
AMZN,2024-09-30,6.0,-2.4417945385314903,0.00010130454799393703,0.15318903481697171,0.4840613550750813,0.08041565612260694,0.09074056973061052,1.1283943215269119,1.075146149755855,1.4047535700455294,0.02387048575441136,0.08821340961190352,0.14364415583472911,,0.10906685463757439,0.05555555555555555,0.3888888888888889,133.32294526448797,0.0
AMZN,2024-12-31,6.0,-2.4022004452016414,7.866718675567027e-05,0.17168980010081442,0.48854393464156787,0.09287117197186653,0.10325067627119161,1.1117623916974941,1.079611069788128,1.299379200564199,0.016173591339080137,0.4751882715705774,0.21588591326799844,,1.123186678224449,0.05263157894736842,0.6842105263157895,126.74240390510776,0.0
AMZN,2025-03-31,4.0,-2.447193394399908,9.278419162535434e-05,0.17798615547305732,0.4915817460207623,0.10140347801750849,0.1095600005648793,1.0804363194126585,1.073098744022593,1.214011871973957,0.012624933394649847,-1.144012230068454,0.10252354526993535,,1.681706806368887,0.05,0.35,129.50371801140994,0.0
AVGO,2020-05-31,,,,0.12181046745475058,0.5553814002089864,0.09804946011842564,0.006903909354000098,0.07041251778093884,2.1545220421148312,2.4020859407592825,0.025232131493569305,,,,,0.0,0.0,810.1814479638009,0.012118008991365095
AVGO,2020-08-31,7.0,-2.621454454646211,0.0005187848293244348,0.13070141626151724,0.5625702672316872,0.10818991611173571,0.015555251607127315,0.14377727764445494,2.0974968052319025,2.38231521396278,0.04196060017035403,,,0.7071067811865476,-0.7071067811865476,0.0,0.0,441.66065217391304,0.01913752811933518
AVGO,2020-11-30,7.0,-2.572892656886111,0.0004212350829592549,0.1476642776597587,0.5686078757626178,0.1428175263449806,0.032625359512456764,0.2284408667998429,2.0228728270814273,2.3136335647111506,0.0549800796812749,-0.7071067811865475,-0.7071067811865475,1.104933614482478,-0.7719861233301788,0.0,0.0,234.70651420651419,0.025785094914459808
AVGO,2021-01-31,7.0,-2.4019248877106176,0.0004813240752314328,0.17661393907907863,0.5754101681182905,0.16013773546688273,0.050396652122224314,0.3147081602927162,2.0516535194174756,2.2868995861924466,0.06529034775295857,-0.8401232559130652,-1.1242614215012288,1.107815765890027,-0.7762511172942719,0.0,0.0,172.72595473833098,0.03152475080472739
AVGO,2021-04-30,8.0,-2.5071148113133783,0.00044992784342202664,0.197728506110936,0.5898328963331115,0.19109302234571282,0.06347184354963978,0.3321515499127473,2.0654505209327176,2.2239264125048455,0.06645832921136186,-1.1241133546669535,-1.1524538751078515,1.239607949041993,-1.0012682581354813,0.0,0.0,162.7683930942895,0.03191707600012913
AVGO,2021-07-31,8.0,-2.555493451161408,0.0004067038287481383,0.23031326710678945,0.6018106374952849,0.22900792153904187,0.07980046597373065,0.3484615966008235,2.1566033382047536,2.1622104683424603,0.06412420835669971,-0.894713159982071,-0.9044961248843245,1.3170403767130954,-0.7946504337319914,0.0,0.3333333333333333,154.53429776974082,0.03148956660373647
AVGO,2021-10-31,8.0,-2.537463922730741,0.00038933328022635087,0.26171622590854954,0.6130418943533698,0.24539162112932605,0.08864732551176854,0.36124837964638457,2.345129669651127,2.123128615612252,0.059509742648619114,-0.7753309941658458,-0.977843719922954,1.3023234266381227,-1.0564048790563543,0.0,0.42857142857142855,131.44177003816793,0.02851071072618326
AVGO,2022-01-31,6.0,-2.270518990138076,0.0004200962871360827,0.2911798213179302,0.6289253008666362,0.27472720255429633,0.10433114144664521,0.3797626899579611,2.4233679670652815,2.1168030233813697,0.055306802046678503,-0.687345649995864,-0.7645489753913841,1.3517429594129091,-1.1572564499747982,0.0,0.5,109.53306451612903,0.03640314934450525
AVGO,2022-04-30,6.0,-2.2939165751568935,0.0004996145452743105,0.3160128613023925,0.6436954057478163,0.2976261919050477,0.12047517991315584,0.4047868876795336,2.4009007275106815,2.1754124705378186,0.061485336308031345,-0.5963045673687405,-0.7343948183454947,1.4245324053554373,-1.4168134004500141,0.0,0.3333333333333333,94.64978433974784,0.051200113256850845
AVGO,2022-07-31,8.0,-2.592605535725688,0.00046151024892915424,0.3427972272383061,0.6562815656565657,0.3196022727272727,0.1387751465705406,0.4342120141584915,2.3796027501909855,2.247129378254484,0.06756240715356276,-0.5448294845666883,-0.6866520140691944,1.4553625791514246,-1.3601178084484908,0.0,0.0,81.80958357944478,0.06045475715897076
AVGO,2022-10-31,7.0,-2.411502304323748,0.0003959401317174825,0.3767986791840231,0.6654820347558955,0.3462036562961178,0.1588156867621357,0.45873486277191744,2.382694519683871,2.3051509201333396,0.08203073336340591,-0.5330107230481358,-0.6364518041554099,1.4850953667352886,-1.1088616456645541,0.0,0.0,68.44161405435081,0.06999164706669221
AVGO,2023-01-31,7.0,-2.3885743536812956,0.000374127944179196,0.41186434818681505,0.669853539462978,0.37187608973613856,0.17695578525253225,0.47584609534345074,2.405620492414822,2.2904495404495404,0.06718068256529795,-0.5358567724596001,-0.6458061547430125,1.4623758011313428,-1.0885944958797076,0.08333333333333333,0.16666666666666666,80.0277556440903,0.049983065367680754
AVGO,2023-04-30,4.0,-2.5284659838581844,0.0004307238777093509,0.4393972712625079,0.6771017635979681,0.3906169739170139,0.18931048551611587,0.48464480080769523,2.461806038680952,2.252234928988294,0.0638542439596958,-0.5607663199685803,-0.7074811158788044,1.3068380017501264,-0.8344786552039507,0.07692307692307693,0.3076923076923077,86.55975742709185,0.047604718231280055
AVGO,2023-07-31,6.0,-2.520418681924702,0.00041722616363793017,0.4522441422240031,0.6828284537710837,0.3925368082585886,0.19229879061926788,0.48988728336678333,2.50226259739376,2.212773985905333,0.045282693460799515,-0.5616690223878215,-0.7990098180250443,1.1172918512519407,-0.71216435755695,0.35714285714285715,0.7857142857142857,116.58360408821947,0.034167305462592786
AVGO,2023-10-31,7.0,-2.415748938589021,0.0003339227554463063,0.46430738259212245,0.6892989754041151,0.39314330383316115,0.19483982995444468,0.4955949346071761,2.551338084991931,2.163562549242756,0.04929837395605458,-0.5334465850220258,-1.063253600683977,0.8202171463961997,-0.818342361127381,0.26666666666666666,0.7333333333333333,104.25298079385404,0.03731556724275282
AVGO,2024-01-31,4.0,-1.9261326512125139,0.0003104426759752803,0.29208742287299516,0.6705519104592821,0.29931815257944167,0.11810362113032465,0.3945755381440787,1.976143560872625,1.8476343977218521,0.0333774906543752,2.2381762300633348,-2.4467047872893954,-0.21211584468812508,-0.9296164008790806,0.6875,0.875,321.80468341182626,0.036010597757050046
AVGO,2024-04-30,7.0,-2.37677186486312,0.00021495237486927898,0.20338105507731083,0.650461061967667,0.2410427274220418,0.08259084249010626,0.34263984387090807,1.658057514921324,1.6704506419339602,0.02957811017970212,1.9896480227918067,-1.5736197708890818,-1.0981883485305415,-1.1908799974175655,0.7647058823529411,0.8823529411764706,288.8684156378601,0.028144146222666564
AVGO,2024-07-31,4.0,-2.598789471716272,0.00048003715897206446,0.1008210025795241,0.6389832318701271,0.10883263911139592,0.034315079103160756,0.31530135980656937,1.3889170115832414,1.583511684153747,0.02405725727820047,1.6136341433793369,-2.6544952077557022,-1.5052606376380837,-1.1511561241262107,0.8888888888888888,0.8888888888888888,264.24143946325097,0.0211621330439705
AVGO,2024-10-31,8.0,-2.512592982387278,0.00013422871939195076,0.0752966395414538,0.6303369915073487,0.11430177996664986,0.034338538966523564,0.300419984505426,1.2037458473933402,1.510077712063281,0.023695548114985827,1.3951909930855166,0.7403157571245034,-1.4215614151033678,-1.626974249307857,0.8421052631578947,0.8421052631578947,223.27916747337852,0.020505058634581328
AVGO,2025-01-31,7.0,-2.308450459864373,0.00019701488276381536,0.09939600700109763,0.6744484586183499,0.18472739276348366,0.05976445459669524,0.3235278412293453,1.1147417498928558,1.468809392153919,0.019376452416221376,0.03756819232757922,2.329755231962984,-0.7065461524157046,-2.1550076256654913,0.75,0.9,262.9379847225343,0.009665797595301326
BA,2025-03-31,,,,0.18376295576827226,0.12397414854329093,-0.0018978251949117767,-0.00023643078967883752,0.12457985609671936,1.2316167248731356,-14.793496511909352,-0.017798722212065975,,,,,0.0,0.0,625.404273318872,0.0005603445558674028
BKNG,2020-06-30,,,,0.4410673297628156,,0.19365079365079366,0.005833970925784238,0.07010406367949798,2.929905346635968,4.229307326831708,0.000796593297681831,,,,,0.0,0.0,-146.24729234875446,0.00019914832442045774
BKNG,2020-09-30,7.0,-1.2871310018997155,0.000597581203467482,0.5103746196901782,,0.28226299694189605,0.042873400376245444,0.1518916784727222,3.051415513520376,3.831350987432675,0.012806566965296475,,,,-0.7071067811865475,0.0,0.0,107.30828633906634,0.0002561313393059295
BKNG,2020-12-31,2.0,-2.655384532823236,0.001868610236348575,0.5099505629052378,,0.1681455190771961,0.035021792364202,0.20828263849316966,3.206689081578481,3.703440782325244,0.0028040282770263364,-0.7071067811865475,-0.7071067811865476,,-0.5475523537726079,0.3333333333333333,0.0,-566.8866019170985,0.00023818000808717915
BKNG,2021-03-31,1.0,-2.4080788815391223,0.0013538562534784358,0.48577427584494165,,0.12444680474420251,0.031743164834172444,0.25507416521798026,2.8334271243669105,3.770639237438742,-0.00013618193206861573,-0.6918124469258476,-0.5559401286653677,,-0.42975428039732944,0.5,0.0,-271.5499623076923,0.0016656097845315309
BKNG,2021-06-30,3.0,-1.5134454491340295,0.0021082854832719165,0.44606629894598876,,0.057668198913497705,0.018087488394953853,0.31364753426901865,2.5594364828758804,3.726883163818473,0.011466481366215933,-0.5608324942901507,-0.5849743131569634,,-0.6746988143340359,0.6,0.0,-660.7307458282208,0.001773512195747406
BKNG,2021-09-30,7.0,-1.8737881393548381,0.0004539941378440494,0.437838945132667,,0.041454150841020075,0.016474215911418746,0.3974081141982297,2.4314609751741383,3.637318134093295,0.01729153020457484,-0.4750831907538032,-0.39131256991337243,,-0.7838105007908205,0.6666666666666666,0.0,60.80921774176686,0.0016608835729791979
BKNG,2021-12-31,3.0,-2.3878330363504197,0.0009080470161277597,0.4521509130535983,,0.10631502098923161,0.049302778306777546,0.4637423559533634,2.1966927073006306,3.440383350559053,0.0253657244824855,-0.6218367757225254,0.6146052569462229,,-0.7333176407959195,0.14285714285714285,0.0,158.56540709851552,0.0015929191050209496
BKNG,2022-03-31,2.0,-2.329375501946573,0.0023630716167220016,0.3907128379465291,,0.04156010230179028,0.022306347657297287,0.536725042092507,2.0650855988103864,3.462646566164154,0.045019580298437195,-0.6661889429189833,-0.7120370556515406,,-0.6652948664809806,0.5,0.0,1164.0982318181818,0.01098214270197359
BKNG,2022-06-30,5.0,-2.1104960420691707,0.0008462343461982969,0.4182827432638319,,0.10542127543356548,0.06580082890292886,0.6241702980001917,1.856504952157126,3.670066673300826,0.08124939115041795,-0.543649369150868,0.6497122093747923,,-0.6847399811426644,0.0,0.0,100.99857095661847,0.03166224785262928
BKNG,2022-09-30,6.0,-2.3230008263973856,0.0014548841506341508,0.4173167280543524,,0.15235301460491824,0.10546440414339875,0.6922370680809238,1.6391901440904482,4.080447785765242,0.06544170923021028,-0.6959563344544784,-0.1586457246196179,,-0.6705394948778858,0.0,0.0,33.89048701860841,0.06550307042029956
BKNG,2022-12-31,4.0,-2.423168783053493,0.0017842258563277654,0.45175342785336314,,0.1789350497366881,0.12971230421734659,0.7249127792918421,1.6104609368260632,5.360086328994402,0.08256108391313118,-0.7160281391918512,-0.3456086341544007,,-0.7332867136601599,0.0,0.09090909090909091,85.1689200338696,0.08194162800141801
BKNG,2023-03-31,3.0,-2.6682048460241115,0.00396125534409084,0.5087198706794477,,0.22142739228525835,0.16572799439885505,0.7484529925970161,1.5836743204149184,7.424965301873699,0.07820619930143485,-0.6777170618697201,-0.28984142249195005,,-0.7737343231094527,0.0,0.25,370.13708796969695,0.07556590878053351
BKNG,2023-06-30,5.0,-2.196703286444337,0.0005468696088356457,0.5495059886276565,,0.23044310014994054,0.1797394846150744,0.7799733838770819,1.606906921711694,13.456784725258709,0.06744477410004684,-0.6357779156012014,-0.41400284327364023,,-1.1937944422249807,0.0,0.23076923076923078,79.18604904639176,0.09488554003290904
BKNG,2023-09-30,5.0,-2.2406860498431103,0.0006122769241835321,0.5972401712728688,,0.2570043625787688,0.20638380692876607,0.8030362008563643,1.5885591992331185,36.117862222020484,0.07615641928965998,-0.9740951464650113,-0.18902937829124236,,-1.213452157546375,0.0,0.2857142857142857,45.73994910894418,0.09109576420000738
BKNG,2023-12-31,3.0,-2.3784736645113833,0.002786734196591467,0.5047679893061794,,0.2007488883688275,0.16862425177656992,0.8399760175347205,1.4582503570494638,-14.793496511909352,0.054938415129479265,-1.1769340972043107,-0.642340556474332,,-1.0494389845154455,0.3333333333333333,0.4,317.8689114105263,0.08206711188147238
BKNG,2024-03-31,4.0,-2.522069669220507,0.0014136094278004803,0.4863662085303511,,0.21811653486046723,0.18411133383846617,0.8440961798528721,1.358053177106805,-13.894261686866189,0.053737136156390426,-1.0593643758889792,-0.29356113670459816,,-0.9076579689170737,0.1875,0.375,235.4685829969419,0.08222591939507982
BKNG,2024-06-30,5.0,-2.323110296150632,0.0016046116914959169,0.4467594074129849,,0.22456359658913344,0.1893718351749713,0.8432882179093801,1.2627777777777778,-10.083183722321962,0.05698027923585475,-1.0594934736070805,-0.4401835318815282,,-0.4597410942658613,0.35294117647058826,0.47058823529411764,96.40284159859976,0.06788277610321933
BKNG,2024-09-30,6.0,-2.403687808090168,0.001323384081161628,0.4175818913517944,,0.21846260628145064,0.18550681929108842,0.8491467828233062,1.2196291854994927,-8.37446519524618,0.058812711630556645,-0.9030782788520808,-0.5094285502294724,,-0.3979766300777955,0.3888888888888889,0.5,57.363667883597884,0.060593427896400175
BKNG,2024-12-31,3.0,-2.514604295567081,0.002342284227044872,0.4595632173641195,,0.24777791819368972,0.21015586619623955,0.8481622080300121,1.2289981146920417,-7.996750203112305,0.05040965281497856,-0.7959142188015079,-0.1360172904480868,,-0.5817292587648533,0.3684210526315789,0.5263157894736842,123.30549687422167,0.04618776910849111
BKNG,2025-03-31,3.0,-2.443694776725771,0.004130719805099457,0.4385646843418478,,0.22581582662127378,0.19526467895672153,0.864707677395035,1.2291819200597685,-7.1689828913127736,0.05679653904242373,-0.9773500757712505,-0.6484284204570013,,-0.6494844388527582,0.35,0.5,196.6236410957447,0.05249367155058519
BLK,2020-06-30,,,,0.05512831920275578,,0.33278508771929827,0.007715676678827014,0.07010406367949798,1.0533499784286908,3.6230827995533876,0.019708408339138877,,,,,0.0,0.0,150.4606740325453,0.01994600217083434
BLK,2020-09-30,6.0,-2.278917105428409,0.0007650029402250545,0.07147429138497799,,0.32156667082449797,0.015989580102958506,0.07010406367949798,1.0591774111060268,3.603283369022127,0.03017031586144931,,,,-0.7071067811865476,0.0,0.0,123.03263172092487,0.02591138450992873
BLK,2020-12-31,5.0,-2.468296295323408,0.000753936877964128,0.0861553493698968,,0.33021208483393355,0.02478365856295626,0.07505375999615571,1.0632776006689102,3.637086141904815,0.04071887083189075,-0.7071067811865476,-0.7071067811865475,,-0.40261157388089736,0.0,0.0,132.9216494222442,0.025262026936022107
BLK,2021-03-31,2.0,-2.214834194906982,0.0008570286212784277,0.09418016607728193,,0.3152193216125022,0.031635182481535004,0.10035927467804147,1.0619949195746972,3.6260357550190316,0.03367790750142515,-0.7955663010726568,-0.9048439292615073,,-0.44188485387795784,0.0,0.0,164.31247132727995,0.034769559939577525
BLK,2021-06-30,5.0,-2.482516364975551,0.0007517734709210211,0.09275227623351003,,0.30384721837807915,0.03168615181239997,0.10428317225195946,1.060943453426011,3.6224933623300557,0.029273210901260498,-0.9907599491216107,-1.0226896282037794,,1.5532583083064269,0.2,0.2,143.01014440051216,0.02443258386474359
BLK,2021-09-30,6.0,,0.0007146906491008303,0.0898154533944904,0.16904939720473702,0.30971940680678545,0.03329896951561355,0.10751334525313325,1.0551499015886405,3.5808199563880936,0.03659567297760481,-0.856952762680924,-0.7980698527810568,,0.9460702005697008,0.16666666666666666,0.16666666666666666,140.08343842320505,0.028375745587237173
BLK,2021-12-31,8.0,-2.602109555107966,0.0005853639852613497,0.10775852207307923,0.3301847837307732,0.3045834623722515,0.03506733719107717,0.11513211163191478,1.0752426074469739,3.3853631204842043,0.03239404522943669,-0.7502250759033308,-0.7675699347756997,,1.717649538748196,0.2857142857142857,0.2857142857142857,135.9310427697751,0.02837557904955219
BLK,2022-03-31,2.0,-2.327470226290633,0.0006553978269395814,0.11027540839717823,0.4711054637865311,0.3119695044472681,0.038208888328641256,0.12247635677191542,1.0734070316819206,3.1588331995754264,0.039676680840122415,-0.7047857808766009,-0.6423643416706007,,2.0131073967290827,0.0,0.0,138.66719116289107,0.03856863175113941
BLK,2022-06-30,7.0,-2.5046481310759585,0.0005585615345012951,0.11493212210751938,0.623136061090759,0.30117125019348845,0.039467389705820206,0.13104633885360656,1.0790760307165492,2.830886590728065,0.0483362543988199,-0.7019654001118825,-0.7688715718824977,,1.5030328577479015,0.0,0.0,124.01108035141104,0.05206271251423694
BLK,2022-09-30,7.0,-2.4618077761617263,0.000402216543796737,0.13104689311481266,0.6202124235597039,0.2983585452204699,0.04140156428240452,0.1387644662626007,1.1017522478267898,2.485483933737206,0.05215071786593604,-0.6944656372484902,-0.7006228059950275,,1.985531356941388,0.0,0.0,120.75988753333331,0.059791543043550895
BLK,2022-12-31,4.0,-2.519709415307982,0.0004237929904060013,0.12400094754464508,0.613551166564091,0.2897107368656633,0.04123013590099353,0.14231483564280753,1.0978846805147888,2.2606220710604545,0.04095551939839703,-0.652377018648182,-0.6997113413100698,,1.7646560307220154,0.2727272727272727,0.2727272727272727,131.71266846725186,0.04917810615529881
BLK,2023-03-31,2.0,-2.471255631494965,0.0004404126757852713,0.15419193958644692,0.6068209220876155,0.28127691336050986,0.04078913954814725,0.14501417503777927,1.149833856306907,2.114123107239162,0.0446176971586597,-0.5762333688967777,-0.6191711856046691,,1.1800290513402982,0.25,0.16666666666666666,130.46063954318345,0.05016898026761847
BLK,2023-06-30,7.0,-2.4043002661787725,0.0003795844606627298,0.18999203521274366,0.6006684337904806,0.298951250432177,0.04349612240620415,0.14549570320687488,1.2060274478478847,2.0610215381456793,0.03755947949704631,-0.4929249721084589,-0.3021478224879492,,0.6206668937146069,0.23076923076923078,0.3076923076923077,116.89736882129277,0.047679032510821055
BLK,2023-09-30,6.0,-2.394077202735769,0.0003549218052169918,0.20463045673652538,0.5988044406490179,0.30663250782806717,0.04485950172304297,0.1462972795702283,1.2286914935193132,2.0323531825959575,0.03852788865541943,-0.36699797681582114,-0.19969055509733838,,-0.01059800216363777,0.14285714285714285,0.14285714285714285,111.84979974968711,0.05053605257866162
BLK,2023-12-31,3.0,-2.4588268954637647,0.0004070034564510485,0.20546601953737664,0.5989137129738508,0.30807995968419283,0.04529905030071752,0.14703666654316871,1.2298129448105273,2.0207794468762437,0.031631884011899744,-0.16849335492556705,-0.06752175090965515,,-0.2815288493814334,0.5333333333333333,0.4666666666666667,125.65133084577114,0.039935150084638674
BLK,2024-03-31,5.0,-2.467208995530261,0.0003854006473288545,0.20387856552040423,0.5995965983427823,0.3226122982991714,0.04846568992768637,0.15022889760619784,1.226920996114563,1.987107979842458,0.03055817332445676,0.5946835102642486,1.2914056686666602,,-0.719054481167343,0.4375,0.5,124.6932749244713,0.036911140843531844
BLK,2024-06-30,6.0,-2.4681581134267674,0.000380032032813313,0.19786378307928845,0.6019479824467516,0.3236112597666702,0.0492572115139852,0.1522110557880482,1.220173721402961,1.9607488468843266,0.036127056056260605,0.5662254236748884,0.24789489124537764,,-1.339537557880036,0.23529411764705882,0.4117647058823529,113.09585689948892,0.04026749836613735
BMY,2020-06-30,,,,0.10140385396171024,0.7335373679534011,-0.00839174647053016,-0.000663668446859677,0.0790858552734314,1.4663336322104095,1.6052888527257934,0.03278111951806794,,,,,0.0,0.0,-141.50894526034713,0.0076729763933854585
BMY,2020-09-30,8.0,-2.438573196587041,0.0001466130637392648,0.13676639906629023,0.7483671198413082,0.086457980550583,0.014092393104427236,0.16299701906849834,1.5636322205765067,1.5516852802092767,0.0469057488514393,,,0.7071067811865459,0.7071067811865475,0.5,0.0,-187.27162750217582,0.014754016431498124
BMY,2020-12-31,3.0,-2.477538469210498,0.0008783833102764175,0.022597576412348525,0.7444307905599143,-0.1613158266361148,-0.06416635287421729,0.25587957849247367,1.5693162868260144,1.7106256192085787,0.0693046014901941,-0.7071067811865476,,0.7098721841439016,1.1411847680306701,0.3333333333333333,0.0,-95.17281791483114,0.028896273411443518
BMY,2021-03-31,7.0,-2.445732018364669,0.00022481023428672225,0.041127034970115245,0.7441719224480262,-0.1452697967764541,-0.05134068619357395,0.35341610804741935,1.568254561305187,1.7696018748749607,0.09230750940016903,-0.8180914866298487,1.1547005383792517,1.3593160104932929,0.7374797128847254,0.25,0.0,-324.57319587628865,0.04800354152002123
BMY,2021-06-30,5.0,-2.4366579121967846,0.000469257485848363,0.054379570635785204,0.7588094808940159,-0.1144331290555155,-0.04348002884971396,0.37996014972744724,1.5915244183747446,1.8725677644643088,0.07721974557854684,-1.0787985113256024,0.8944290753373514,1.4340771370334107,0.946718971142625,0.2,0.2,-1096.4066528798187,0.054034660677792085
BMY,2021-09-30,6.0,-2.461568926010312,0.00033283967194814505,0.041950835826303684,0.769200316706255,-0.11887481305533562,-0.04776781571609744,0.40183294079177034,1.534028961371827,2.0231576416209682,0.10977385109861632,-0.8884782124506889,0.897546776560144,0.8066060375793431,1.2911662316965355,0.3333333333333333,0.0,-395.5247817836812,0.06613254795061811
BMY,2021-12-31,7.0,-2.4852801019123896,0.00034112800339518653,0.20016281833578012,0.7857065861808774,0.15078150264093995,0.06308872246239054,0.4184115515324543,1.5188765709550653,1.9995129771302178,0.10893017964470056,-0.7746130288620623,-0.9086778962076772,1.2065783332494513,1.1522536193157478,0.7142857142857143,0.14285714285714285,-1096.4066528798187,0.07180496678430373
BMY,2022-03-31,4.0,-2.577364907808808,0.0005652023682849516,0.1880526589837756,0.7962095400340715,0.13311328790459967,0.05760785921969966,0.4327731673263631,1.4562720225510923,2.0607225211375866,0.09343823773829851,-0.7080554370214284,0.8093663527872833,1.1457065991238577,1.301518932802672,0.75,0.5,932.9794444444444,0.08028826517058525
BMY,2022-06-30,7.0,-2.4269573773576454,0.00042435652629118,0.19497920197923502,0.7913202104191414,0.14035720346173425,0.06248376998947115,0.4451767949801463,1.4358632729945786,2.07856333032937,0.08358158290560273,-0.6644237878347851,0.8559725036997983,1.2572537019198498,1.3609702931039926,0.6666666666666666,0.5555555555555556,1077.171111111111,0.06676108929376166
BMY,2022-09-30,6.0,-2.386615564065506,0.000395038216231951,0.19563933891618662,0.7881809234455903,0.1428601994094741,0.06499862497292536,0.4549806401055242,1.4238649537464216,2.088413030079822,0.08329383558196143,-0.6435584958108481,0.7382824856449984,1.623219664165444,1.124886766063673,0.6,0.2,-696.6650783699059,0.07513136697915547
BMY,2022-12-31,5.0,-2.4751996230092184,0.0004260107379256639,0.17874987136270196,0.7803895231699127,0.13706969388418294,0.06352298026892098,0.4634356324060571,1.352665689010833,2.1087173645031916,0.07293684643680738,-0.6098199327560171,0.6308576727224281,1.2672207508747795,1.1905371465018821,0.8181818181818182,0.6363636363636364,-369.3969183359014,0.0676689917053068
BMY,2023-03-31,8.0,-2.4602365366794965,0.0003756636349411593,0.19906583789721138,0.7768277787471646,0.15946169952887804,0.07505119926909515,0.47065345152365945,1.3776416728532541,2.0347121083497535,0.08709336429136558,-0.5589735979620545,0.7800232245545968,0.9914201403484664,1.2188948534452295,0.5,0.16666666666666666,1203.214659090909,0.05009831546889449
BMY,2023-06-30,3.0,-2.4936386617083297,0.0004157805647247671,0.20795326892833071,0.7701108725961007,0.17622325004979308,0.08321098472775912,0.4721907279785572,1.3644244581849978,1.9959457767203055,0.09091456887182169,-0.5508625918362079,0.668442735372884,0.7639568988140792,1.1135413002300922,0.38461538461538464,0.07692307692307693,-556.6780898876405,0.06438635083754331
BMY,2023-09-30,5.0,-2.4646233075998722,0.0004732398923883591,0.20478644576470056,0.7654167130299321,0.18437743407143653,0.08817276967324991,0.4782188781252245,1.301204676841595,2.028727759154203,0.11059767655559652,-0.47545273620065887,0.4944486025991621,0.8549349298790783,1.6133103440693812,0.35714285714285715,0.0,-615.2653535353535,0.10116486090854208
BMY,2023-12-31,5.0,-2.4547195579459022,0.00046745011391016185,0.21503292427416942,0.7624094565169088,0.17830955872550328,0.08578483773036302,0.481100611450806,1.3484386586471122,2.0555514726897104,0.12767316283850091,-0.31586816001954277,0.2619811522326093,0.8875060195180939,1.2683560306599189,0.3333333333333333,0.0,-445.9879466666667,0.09463804351566911
BMY,2024-03-31,2.0,-2.560865035599778,0.002866707281910663,-0.012269951602092141,0.75712654280318,-0.13501998506610444,-0.06416635287421729,0.4806434757825736,1.2706333973128598,2.5373815635939323,0.11594489299662766,0.4018862669049404,-1.9056949716319889,0.07980440036579221,1.0955719159959432,0.25,0.0625,-210.74915776986953,0.08789753169547804
BMY,2024-06-30,7.0,-2.399161323847451,0.0006961797818682789,-0.030467851796505657,0.7538110903266034,-0.14063944612870627,-0.06416635287421729,0.4894409088158611,1.2201643269240912,3.124159107677618,0.1541458151292177,1.263344852465642,0.47013404649999446,-1.2041614572369899,0.8229255863368873,0.35294117647058826,0.0,-215.51464827586207,0.10463497205283799
BMY,2024-09-30,6.0,-2.512628687860442,0.0011317760178947197,-0.035781922375073855,0.7491093074733847,-0.15300938125856436,-0.06416635287421729,0.4960445064914014,1.239022417993978,3.763343378745237,0.12962018744253404,1.2314620654531938,0.5233409461562667,-1.2509462414634172,0.2929081869418041,0.3333333333333333,0.05555555555555555,-771.9441880341881,0.04631535513419082
BMY,2024-12-31,4.0,-2.572654135090752,0.001841490757089766,-0.07199157783918937,0.710807453416149,-0.1613158266361148,-0.06416635287421729,0.5084879589419661,1.1985675242672698,4.6535972025890935,0.11599347830631057,1.135058960670612,0.6242698534295917,-2.2016689551495996,0.4594912150285229,0.42105263157894735,0.15789473684210525,-163.1471259509721,0.043277638812438596
BMY,2025-03-31,7.0,-2.4203458879897757,0.000621182034125102,0.15457016968219744,0.7046561424133009,0.11373750944663699,0.05804818599418768,0.5103697652305508,1.2432717846971104,4.481998120521555,0.10378589868477314,-1.1074208248456079,-2.0078609181385993,-1.2867565220825006,0.22285806292804947,0.75,0.25,75.26437945256843,0.040355378091554706
CAT,2020-06-30,,,,0.2063370164302693,0.28848654596378914,0.04581374412323697,0.005981767364104172,0.13056709244312098,1.5006143236494789,4.557523408579517,0.01607160356711201,,,,,0.0,0.0,141.12352625937834,0.009175477375261781
CAT,2020-09-30,7.0,-2.498027283272799,0.0008737716539845133,0.22554221268435232,0.29409397323674413,0.05664553778046081,0.014689479280137242,0.2593227967411795,1.521559879702842,4.3285252511209205,0.03087284755144943,,,-0.7071067811865406,0.707106781186548,0.0,0.0,128.13151515151515,0.014258445490772749
CAT,2020-12-31,7.0,-2.4263340336689927,0.0009029404521681707,0.24144436625494858,0.2988140005785363,0.061260566322758975,0.02468581493841498,0.4029641973656376,1.5259594868687931,4.246574101338648,0.04163192035696279,-0.7071067811865475,-0.7071067811865476,0.7312372824652636,0.9684222539720598,0.0,0.0,108.11793633952254,0.018309690725553867
CAT,2021-03-31,8.0,-2.4116747367220643,0.0007039720526952167,0.2764950697912665,0.3063255813953488,0.07990697674418605,0.04400051222947881,0.5506466897169933,1.5457055334425973,4.140374551558438,0.046295312093992104,-0.8462015688458769,-0.4393845616223611,1.3824692594313506,-0.8910127043044296,0.0,0.0,98.37628571428571,0.019303400954210598
CAT,2021-06-30,5.0,-2.486695585574898,0.0008545255893721227,0.2994806151985411,0.31151398936633834,0.09568116447311079,0.055321253200878134,0.578183318582259,1.5606359931667,3.9709718329706116,0.05550778658163551,-1.1268093832433137,-1.0838502059504318,0.8126880355950196,-1.2526988804551844,0.0,0.0,96.27647349081364,0.019624806695654046
CAT,2021-09-30,6.0,-2.494564133062033,0.0008354382862940916,0.3177281407253976,0.3122211204759544,0.10636671624524872,0.06405543426200651,0.6022131407564986,1.577666644608098,3.903675461339027,0.06380389367341288,-0.9187430592855713,-0.9966325390792165,0.7545771429481434,-1.211652384116448,0.0,0.0,94.73460394366197,0.035271667974137666
CAT,2021-12-31,4.0,-2.400983174717102,0.0008167164955034611,0.3358791176768312,0.30327048713974614,0.12730768476192345,0.07961889921258393,0.6254052876814017,1.5546952478868883,3.8870150506685857,0.05340661078100023,-0.7929210501955357,-0.7192084475712884,1.290939930741342,-1.303441660145475,0.0,0.14285714285714285,103.26772112018669,0.04336891361201237
CAT,2022-03-31,4.0,-2.3863965703064265,0.000990405638048714,0.3235499923675775,0.2964137224004708,0.12332694169688455,0.07932834681727981,0.6432361471531064,1.5139062403090473,3.875126510686432,0.03441626653862481,-0.7487503278622711,-1.0429721285725364,0.24960132343229877,-0.22724211383391668,0.125,0.25,94.8458092809791,0.04806366855466205
CAT,2022-06-30,7.0,-2.555102744500279,0.0009148129877183787,0.31970883288475654,0.29384982695119466,0.12503932927393532,0.08265231220944458,0.6610105211646684,1.4862051470459594,3.948915494876413,0.04277532317689696,-0.6978654513072541,-0.8559641509246121,0.6598075361164776,0.3287123231936597,0.0,0.0,78.59419864341085,0.06926117645273411
CAT,2022-09-30,6.0,-2.5070967713728507,0.0008905943692047302,0.31712317668603995,0.298244684608321,0.13016528925619836,0.09014225746981654,0.6925214700855746,1.4389931164799568,4.032510693294766,0.055643727111795535,-0.5881045003187682,-0.6909309125000372,1.6684040236422586,0.30310595635103116,0.0,0.0,59.04148214285714,0.0780768012349234
CAT,2022-12-31,5.0,-2.4214869375144517,0.0016862263548868834,0.20695147333347638,0.30418833190300704,0.11282750265031047,0.0822111803526927,0.728644864253463,1.171109070726727,4.068169460454567,0.045639734834434384,-0.5471440823744372,-0.9611599746355366,2.6590455027281306,0.6871157551338386,0.36363636363636365,0.36363636363636365,70.48501969208736,0.050373420855281174
CAT,2023-03-31,6.0,-2.4164698016009027,0.0007510637549552507,0.21588127201577506,0.32100486223662883,0.11525121555915721,0.08682380664578793,0.7533439558494045,1.173704233332434,4.006051159805629,0.05974280759191508,-0.5480814443322535,-0.6068734622194983,2.3114749290720256,1.126585562528287,0.16666666666666666,0.16666666666666666,62.551050203527815,0.05233910801708262
CAT,2023-06-30,5.0,-2.4646460600834192,0.0007194107982691771,0.22932460849707464,0.33636967161229564,0.12907010853622763,0.10074534685441935,0.7805474714243537,1.1579464822804215,3.885647419008228,0.06305451374434512,-0.4857068681998727,-0.3432335346283602,1.9895967954806484,1.128795716921202,0.15384615384615385,0.23076923076923078,49.45150115473441,0.05209297186813794
CAT,2023-09-30,6.0,-2.4977113114519574,0.0006515823739108529,0.24671501731742695,0.34874675236908104,0.1368585459624251,0.10790681152126935,0.7884550486960126,1.1709252499603238,3.638718005053279,0.06718603285126891,-0.5133304287952613,-0.45935501226471787,1.453467418855162,1.492868087551447,0.21428571428571427,0.2857142857142857,55.29265218557254,0.039774245782829475
CAT,2023-12-31,4.0,-2.4563017015751214,0.000744958233840258,0.35242658216419154,0.36225767968983,0.1541157172681181,0.12040437696414373,0.7812595567697609,1.3896509836454136,3.491901721701816,0.07048254574476528,-0.6285607262284529,-0.15025570951269598,0.265345464696067,1.6702096137297713,0.13333333333333333,0.5333333333333333,63.340066627703095,0.05016565531256889
CAT,2024-03-31,4.0,-2.454630904208974,0.000834077648201392,0.3583967854179102,0.368240368971745,0.1678881143931818,0.13100586719466567,0.7803165082184401,1.3695005791776416,3.5241796314104676,0.060622015379725114,-1.922360746867998,-0.19233961978563655,-0.2031770760334822,1.4183672659539084,0.3125,0.6875,65.22401545716531,0.06366464959972581
CAT,2024-06-30,5.0,-2.464383593831259,0.0008999240281555782,0.3490660448110996,0.37603965766634523,0.16584799903567984,0.12898425049217213,0.7777256960719977,1.3582336101414936,3.5639716008610662,0.06624248823001433,-1.851843248338713,-1.0960315162474115,-0.49621290686451197,1.2828191635433575,0.17647058823529413,0.5882352941176471,60.50861433087461,0.07351622131406182
CAT,2024-09-30,5.0,-2.511294318772309,0.0007498911254156628,0.33659403918715125,0.377223440545809,0.16260051169590642,0.12530734157605347,0.7706454319799546,1.3444736267788473,3.625320612862513,0.054486779296772155,-1.5400094824996555,-1.0015439523581957,-0.57726034522831,0.9765768496690356,0.5,0.7222222222222222,73.827979902383,0.0654555794483013
CAT,2024-12-31,5.0,-2.4689714295652023,0.000710602922007253,0.342380553128866,0.3797312101714268,0.1665200820873644,0.12655006830561044,0.7599688080817557,1.3600766724170978,3.6297945112516627,0.05429079954723908,-1.3635885596567598,-0.46406338700256283,-0.5514205537884757,1.8192927850887353,0.3684210526315789,0.631578947368421,74.37652360515021,0.05873442923141365
CAT,2025-03-31,3.0,-2.4711491587681955,0.0009690224928960244,0.3241483056664729,0.375551304952655,0.15711598349641948,0.11612778847193053,0.7391214177428165,1.3528079051504414,3.619880436689473,0.054598869585410846,-1.4537138474649831,-1.423685824046422,-0.7383476754557634,2.1761304217936637,0.3,0.55,77.2490808950086,0.06107497808355235
CHTR,2020-06-30,,,,-0.028800573255429392,,0.06549247606019151,0.0052778084003968695,0.08058648440083784,0.5212207394443229,2.987143210351364,0.015357301935739287,,,,,0.0,0.0,-471.2548556379957,0.01047680343921197
CHTR,2020-09-30,5.0,-2.4530414929044544,0.0009159318019065108,-0.02856125725385288,,0.06656835896355592,0.010921822561858646,0.16406927753526263,0.454943808640066,3.1266099011595565,0.0253388798890342,,,,0.7071067811865475,0.0,0.0,-1096.4066528798187,0.034056314036200415
CHTR,2020-12-31,5.0,-2.289651198979228,0.000948332354220162,-0.018401282480076588,,0.07772490992601556,0.019555514548998353,0.25159906351274985,0.4350083694872408,3.318335757116959,0.03979661753511568,-0.7071067811865476,-0.7071067811865475,,0.5306326772147639,0.0,0.0,1658.2268263462274,0.06480614741148942
CHTR,2021-03-31,3.0,-2.5399709514768336,0.0013833579098294824,-0.012141968268934128,,0.07432335672347129,0.0251865768648154,0.338878355003865,0.4184082267983363,3.52262590632961,0.05760958535509365,-0.8215597108082994,-1.0826673576636296,,-1.1337968403328982,0.0,0.0,-641.761989712386,0.09775050852066108
CHTR,2021-06-30,6.0,-2.4218965032661846,0.0012559073826765128,-0.011735409749524195,,0.07776021765659072,0.02699943042107164,0.3472139255101899,0.4069851565423475,3.9962172479611313,0.0542421541401962,-1.0909860136714904,-1.05962561607555,,-1.4251477239567065,0.2,0.2,1170.387444349774,0.10305591181646476
CHTR,2021-09-30,5.0,-2.4618515922730677,0.001606929623656286,-0.013154383923812976,,0.08396289192468782,0.02988682715451629,0.3559528080729266,0.3744591831883231,4.5704251314589515,0.06268425496596743,-0.8787478712890078,-0.8112545298047729,,-1.6938581839966418,0.0,0.16666666666666666,386.5259461442314,0.1110853707673605
CHTR,2021-12-31,6.0,-2.5128387602471465,0.0017966853215256823,-0.015766589629505404,,0.09005069463256066,0.03251981392293838,0.3611278519908254,0.3508032558876106,5.294197847145103,0.07390688549631336,-0.7786917444922604,-0.7412460302567696,,-1.4323358494917613,0.0,0.0,351.88565248264797,0.13095408188988641
CHTR,2022-03-31,4.0,-2.509161362725038,0.0021574611125671074,-0.016406031834683046,,0.09644766997708175,0.03525551521921251,0.36554035185702316,0.35473264559615303,6.1878763548775595,0.08681037013964488,-0.6926610204522619,-0.6649010876498449,,-1.3016262982789892,0.0,0.0,464.84993952503146,0.14011376634991396
CHTR,2022-06-30,5.0,-2.393163110141999,0.002159342669033167,-0.016839802024495282,,0.1034878470915795,0.03845562328728818,0.3715955483474079,0.3508032558876106,7.275965808009951,0.10176643241842938,-0.6282884742008367,-0.6000976286176608,,-0.7196645928078137,0.0,0.0,206.73795449873353,0.14011376634991396
CHTR,2022-09-30,3.0,-2.4639967150578186,0.002551709859384839,-0.015238434089220508,,0.10210978342046304,0.03815364008329758,0.37365312906590203,0.3508032558876106,8.561996564548139,0.1419260755445516,-0.6006301050545397,-0.7699155585687252,,0.547832314847233,0.0,0.0,237.05534634953148,0.14011376634991396
CHTR,2022-12-31,7.0,-2.458280711696546,0.002376653042640065,-0.017453658163566775,,0.09357298878234793,0.03514089378134787,0.3755452747489564,0.3508032558876106,9.585731106041651,0.10939341813024209,-0.5594809355310985,-0.8681893294724934,,1.9636206087193604,0.09090909090909091,0.09090909090909091,213.42650053549528,0.14011376634991396
CHTR,2023-03-31,4.0,-2.5032318088301277,0.0024734587954570115,-0.018698639644641864,,0.08945387792565397,0.033821488062187675,0.37808856191004997,0.3508032558876106,10.231242935651089,0.08410607755719131,-0.5284921267323441,-0.7096748590248533,,2.1837030386400804,0.16666666666666666,0.16666666666666666,258.5532674472083,0.14011376634991396
CHTR,2023-06-30,5.0,-2.4755114205824005,0.002159747222634715,-0.021829103282141854,,0.08480636643684905,0.0319694751994636,0.3769702269141507,0.3508032558876106,10.165335339970673,0.06365603568311809,-0.5220184750805744,-0.7035857252889907,,2.1728948033992754,0.23076923076923078,0.23076923076923078,175.6025863054869,0.08042082167056844
CHTR,2023-09-30,5.0,-2.460013309933461,0.002177776331915551,-0.022420189447987758,,0.08603628367234745,0.03228523784146195,0.37525142257903693,0.3508032558876106,9.727933311202095,0.04765104965021357,-0.47718340160981687,-0.41868826130251796,,2.0197737508867912,0.35714285714285715,0.2857142857142857,199.52617119616465,0.045347766019914484
CHTR,2023-12-31,4.0,-2.473097124614213,0.002341659657033817,-0.025763570401807108,,0.08345083963594412,0.031193100143747005,0.37379012937230477,0.3508032558876106,9.362646521608058,0.056784871628118294,-0.38567957068251985,-0.7527032405247978,,1.5541951247277161,0.26666666666666666,0.26666666666666666,176.48128429330862,0.05464559828468406
CHTR,2024-03-31,6.0,-2.469090768117374,0.0019923872423512723,-0.021454417957088447,,0.08496696136034997,0.031603277427348885,0.37194783621032995,0.3508032558876106,8.942194771131229,0.06757563256113945,-1.1150854499012803,-0.0598764105629119,,1.4616586602686918,0.0625,0.0,185.68402011197662,0.0656281403727455
CHTR,2024-06-30,5.0,-2.4783524189641355,0.0018058224215565467,-0.01831710497349838,,0.08507290656616477,0.031497129697051804,0.3702369058303558,0.353266934787644,8.42510573777033,0.07854814671714055,-0.9868668727150888,-0.2459084476758637,,1.2214913295169563,0.11764705882352941,0.058823529411764705,160.3773984863678,0.06543755390628665
CHTR,2024-09-30,6.0,-2.459160471671563,0.001811734406907571,-0.01831970992163097,,0.08520138509203572,0.03152292829460958,0.36998140652946043,0.3571607046183317,7.8589071576840945,0.08002404033192696,-0.3871755557017906,-0.057817663346953645,,0.7714068249491611,0.2222222222222222,0.1111111111111111,150.0629185189916,0.04813779991258658
CHTR,2024-12-31,6.0,-2.469529958420434,0.0016972896108923398,-0.014743828496458326,,0.09227557411273486,0.03411146119594796,0.3696694550420605,0.3572404654437037,7.162330192813322,0.06367082929451637,-0.2740059606934972,1.4331079858247202,,0.7526648822573622,0.15789473684210525,0.15789473684210525,147.74895063665028,0.023788437012598494
CHTR,2025-03-31,5.0,-2.4164181576368353,0.0017029320625976008,-0.017989969213097458,,0.09419488221105893,0.034687022085094735,0.3682474171725469,0.3508032558876106,6.568883160209265,0.08590448004909099,-0.7064359977623409,0.3706373639024491,,0.3118680044710697,0.3,0.3,173.51856846071968,0.027252196860668584
CL,2020-06-30,,,,0.029548906941417343,0.6079035155247626,0.16294585578650245,0.04193910573938313,0.2573806221517733,0.9196506550218341,19.684426229508198,0.015081922172386719,,,,,0.0,0.0,81.74631501057083,0.007294628321523187
CL,2020-09-30,8.0,-2.4273814946396945,0.004394365667217147,0.10304832227921717,0.6098136645962733,0.16559006211180125,0.08710425719606626,0.5260234586859215,0.9468049884118751,15.956786703601107,0.02738845446545362,,,,0.7071067811865476,0.0,0.0,79.45861493123772,0.012092431296114613
CL,2020-12-31,5.0,-2.4964308079436828,0.0045843998550699015,0.1646011993036302,0.6103119443995474,0.1600129303378051,0.12766780579018636,0.7978593074988716,0.9593018937987376,15.01066758430833,0.035747319520022115,-0.7071067811865476,-0.7071067811865475,,1.1440776271549473,0.0,0.0,81.2536638940234,0.026711683667267765
CL,2021-03-31,5.0,-2.4004959010699363,0.005403031106300857,0.22899499422410474,0.6094628544084221,0.1591697571479842,0.17077396996534464,1.0729046335515338,0.970895356587425,16.463715326421966,0.046397377716760904,-0.8098360035544152,-0.7444517086677175,,0.7892356333045057,0.0,0.0,79.26900387596899,0.03990114885211487
CL,2021-06-30,5.0,-2.4524891874172807,0.004784232055203018,0.2474282277719748,0.607458579708448,0.1597681634564721,0.17275978856075713,1.081315481277498,1.0166222272649912,16.08191403081914,0.03843411170350465,-1.081209305081851,-1.0282223815780183,,1.1035365971981783,0.2,0.2,85.155,0.042664462841418574
CL,2021-09-30,5.0,-2.492509457794523,0.004516187235109292,0.24967295597484276,0.6031022950063429,0.15367316341829085,0.16761006289308175,1.090691823899371,1.0456762494979055,16.41034765945798,0.0414467369502279,-0.8810720718527145,-0.9057715473400076,,1.2493590266127514,0.0,0.0,79.8904255319149,0.04730283049740782
CL,2021-12-31,4.0,-2.581893317011156,0.006538563490901945,0.21650510204081633,0.5955456058779633,0.12433270191148614,0.13813775510204082,1.111033163265306,1.0707508492444653,16.80300879931876,0.03824590257140599,-0.779865876828709,-1.0224825126793533,,1.2734057281724676,0.42857142857142855,0.42857142857142855,90.43865764828304,0.035708194025152434
CL,2022-03-31,5.0,-2.331905547902425,0.00395688050804445,0.21351170141438652,0.5899519340810254,0.11696040283817807,0.13051945978736312,1.115928610197631,1.093971112800421,16.458751393534,0.03949975302900368,-0.699520011594611,-0.6662506172194903,,1.1866226225523455,0.375,0.0,84.68297529538131,0.038610189250792216
CL,2022-06-30,5.0,-2.525259927818913,0.005276681049494294,0.21159829361388205,0.5823728813559322,0.10983050847457627,0.12470731629085544,1.1354524168457516,1.111201064014341,17.98721071863581,0.03520466402730134,-0.6182581018982477,-0.5959380572190285,,1.3445588519979215,0.5555555555555556,0.2222222222222222,93.30972850678734,0.03818760955310455
CL,2022-09-30,6.0,-2.517937377202286,0.004205266226188125,0.21638571109907268,0.5767995039738459,0.10867482103601826,0.12287690003505305,1.1306841719511806,1.1325411334552102,17.96132930513595,0.039891343258438794,-0.5977550793412266,-0.4680785748453371,,1.0908233315252682,0.3,0.0,78.37829989440338,0.04064941354840068
CL,2022-12-31,5.0,-2.4618336219643795,0.008433843149130173,0.21583849463382346,0.5703790282184004,0.09934880614459843,0.11252423053283532,1.1326178431279845,1.1766053732027266,19.1758346581876,0.028531862707070515,-0.5340950258086743,-0.5893844209207972,,1.1440047340398105,0.7272727272727273,0.2727272727272727,82.57515826612904,0.038616013448845826
CL,2023-03-31,6.0,-2.441953090740879,0.0033619127019200584,0.20923587312019779,0.5664739884393064,0.08714145490238848,0.1000266028198989,1.1478647324851727,1.2126125086545119,21.485221674876847,0.035383414842983095,-0.4841232520706769,-0.6260441248834523,,1.2436520455867355,0.75,0.08333333333333333,81.61970649895179,0.03853038221276534
CL,2023-06-30,6.0,-2.4416198821349404,0.0054002334108129635,0.19952498486471382,0.5686977939601627,0.08015635039623045,0.09295394215992177,1.1596578649156304,1.2120211736581479,23.78607156598692,0.037521458901776404,-0.4665585394552639,-0.4902466439427852,,1.0615131261473782,0.7692307692307693,0.15384615384615385,78.0160471050049,0.03670950889641129
CL,2023-09-30,7.0,-2.5191801237498415,0.004787815223075346,0.20756069436220276,0.5722198996655519,0.0829326923076923,0.09891856515099573,1.1927571913859196,1.2089484699360824,31.876024590163933,0.043396740566516656,-0.35244942484560204,0.1609545065615827,,1.1618673578089114,0.5714285714285714,0.0,70.50692227488152,0.04553853034770784
CL,2023-12-31,5.0,-2.4524188110684784,0.00433887177161705,0.2564562897155901,0.582104127049391,0.1182093847972452,0.14189647726571658,1.2003825035474118,1.1695807993049523,29.830242510699,0.0462169791086484,-0.25855864943067786,2.2831476621720803,,0.6038472941964845,0.2,0.13333333333333333,71.02000174367916,0.03796177527443916
CL,2024-03-31,4.0,-2.3676327444882497,0.005425563459684499,0.26873102983106967,0.5899655731065209,0.13218914540299717,0.16010056105711745,1.2111475610877762,1.1256674788739696,27.424400871459696,0.04064685646718311,0.1556073870068805,0.785986895681251,,-0.26569158875201826,0.1875,0.5,80.23779608192342,0.03517438852734073
CL,2024-06-30,6.0,-2.4715016159963197,0.0053185794229204065,0.2779482950814665,0.596958174904943,0.14208525115069043,0.17346954357353367,1.2208835341365463,1.0957164992252713,25.59910641754671,0.04201078899114155,-0.18100613779620028,0.4542919284909701,,-1.77106469900725,0.17647058823529413,0.5882352941176471,84.90514463176575,0.03451690495132804
CL,2024-09-30,5.0,-2.529013052557245,0.004675130045330778,0.2680177595215802,0.6032527603700388,0.14269372326668656,0.17330635174725906,1.2145338125585188,1.0668097281831188,21.8969571230982,0.039820235062361126,-0.904093407121319,-0.03963179196271611,,-1.998038572765954,0.3333333333333333,0.7777777777777778,92.43399543378996,0.03096608867790671
CL,2024-12-31,5.0,-2.5892516963945873,0.005504382120751545,0.2533618739657816,0.6049947763792846,0.14377394159494553,0.17549452718191616,1.2206281975376114,1.0191468073494634,25.57160145219847,0.047527244966370855,-1.5737730494952213,-0.1711754263371146,,-1.76847694234339,0.15789473684210525,0.3684210526315789,83.29450920810314,0.03873483867817591
CL,2025-03-31,4.0,-2.3579119415603507,0.006032437772000867,0.2286806071542299,0.6070587055697598,0.1452348724118915,0.1757168635419352,1.2098806617435214,0.959549606968345,24.4131021194605,0.04540008249798665,-2.002295618962597,-0.24044850489947428,,-1.4396597777337272,0.2,0.55,84.66804407713498,0.03893119275065311
CMCSA,2020-06-30,,,,0.011396431283790386,0.7125448028673835,0.12599620493358635,0.011234011835565348,0.08916150959853822,0.9662506591668132,2.091078131718712,0.03322392556721507,,,,,0.0,0.0,259.94243569775847,0.0060533702801814915
CMCSA,2020-09-30,5.0,-2.4869856554804604,0.0003818999008401057,0.019250053279194195,0.6876561008792413,0.10167116778687027,0.018720626338990274,0.1841291562445085,0.9464766374490993,2.058911661100691,0.03855405249502302,,,,0.7071067811865475,0.0,0.0,521.3465282539682,0.01076524421575143
CMCSA,2020-12-31,7.0,-2.3775446018453086,0.00028120966104297094,0.03590191237000595,0.6774738483529336,0.1089857709050744,0.031109550474970542,0.2854459826876545,0.940554684618222,2.0191011235955054,0.040181252331489635,-0.7071067811865475,-0.7071067811865476,,1.134256996182529,0.0,0.0,636.105583003003,0.014234798330566588
CMCSA,2021-03-31,6.0,-2.516665248437444,0.00030958827924222094,0.05313501910239878,0.6760848694316436,0.11248079877112135,0.04310133928325077,0.3831884175267498,0.9444553133213681,1.999144912505241,0.059656478666316216,-0.8350771213162678,-1.1546981942089882,,-0.9011246419294823,0.0,0.0,258.5583268038163,0.01922651686596046
CMCSA,2021-06-30,7.0,-2.45962076732021,0.0002824763116316465,0.054996521973479595,0.6680643355873421,0.11437641640135424,0.04540008230722446,0.3969356947494546,0.933818562550662,1.9403509711272036,0.05209112617781642,-1.069474437799991,-1.3382609084681574,,-1.3055648590814657,0.0,0.2,210.78671069679848,0.020876973712696863
CMCSA,2021-09-30,7.0,-2.417901501501534,0.0002776503692067426,0.06785955728441748,0.6658842972300606,0.12729766080329122,0.05235149722896053,0.41125262552826897,0.9566920283589833,1.8923970554405336,0.05682893185878444,-0.8686004424977105,-0.8222903100999135,,-1.560458047282938,0.0,0.0,224.20138665651953,0.027452497902918326
CMCSA,2021-12-31,6.0,-2.4672506823525,0.0003114265127075187,0.06340177540415703,0.6696309661898011,0.12163079434635048,0.05108256351039261,0.41998051385681295,0.9355057997452931,1.8604019848939557,0.07292875429830983,-0.7878616816180722,-1.1383064853790656,,-1.1249336625781334,0.0,0.0,334.60637275221956,0.039276550881313266
CMCSA,2022-03-31,6.0,-2.461668003643628,0.00028406688380843835,0.061622293354781796,0.4962892087528081,0.11961893668358432,0.05208859807869628,0.43545444829091645,0.9096281875228146,1.835355753303286,0.07671989777397448,-0.6846203931728809,-0.8776355341807496,,-1.320134097583913,0.0,0.0,195.17580389713154,0.05650510756992061
CMCSA,2022-06-30,4.0,-2.5076448378896714,0.0003093279990311339,0.05919939455538575,0.3317359855334539,0.11536248561565017,0.05131289348415826,0.4447970517479654,0.898323480102356,1.8387202233459865,0.08257575305450171,-0.6696244099799973,-0.889046584347558,,-0.9506694798806175,0.0,0.0,123.55968312521559,0.08110089011614116
CMCSA,2022-09-30,3.0,,0.0006746309050461594,0.009432484628761364,0.3411901560089431,0.044575162320251466,0.020173263052368155,0.4525673492209137,0.8534514355528405,1.9038780029653564,0.11487445248545987,-0.6550867970432394,-1.9035864220611685,,0.007449290349339958,0.6,0.0,108.73344973796034,0.1261473923996071
CMCSA,2022-12-31,5.0,-2.430975102321873,0.00022798653396860412,0.007697612782490565,0.3429686727937543,0.04423197285634285,0.020408667318963798,0.4614007922560298,0.8381316903711692,1.982482285377539,0.07368986529190312,-0.5975706986612982,-0.36267080909279165,,0.7974312263850512,0.7272727272727273,0.09090909090909091,327.5461868809074,0.10529038241020065
CMCSA,2023-03-31,6.0,-2.5002394821903464,0.0003584742041712419,0.002678491436322244,0.5189702686726224,0.04708223363777902,0.021790920834991095,0.46282682768699296,0.7922699894724126,2.053896936818198,0.07291835153262156,-0.5947121143177413,-0.19912705561666996,,1.8251754820842716,0.5833333333333334,0.08333333333333333,179.1234487800963,0.10627295905866883
CMCSA,2023-06-30,8.0,-2.4281675108805025,0.0003560890591759876,0.001954781403443226,0.6964578876672802,0.05395253967464305,0.025192637338492915,0.46694071290091843,0.7633903897710869,2.1142355909366306,0.06869414476945519,-0.5227422253068166,0.06822257681500568,,1.8886253772009451,0.5384615384615384,0.23076923076923078,110.10734258593503,0.09216373322029763
CMCSA,2023-09-30,4.0,-2.4929071508900047,0.0003862190797004761,0.04186075136259958,0.6995830299821298,0.1253474750148918,0.058277335651451455,0.4649262830745324,0.730386705718358,2.115373438824696,0.06851252499780575,-0.48480663049756906,2.4462614354053365,,1.83464746279891,0.0,0.35714285714285715,120.77805409792086,0.0873546946578016
CMCSA,2023-12-31,4.0,-2.4309432178103645,0.0004462065109804065,0.03120694938894983,0.697619517652091,0.12659164939295234,0.0587707967567227,0.4642549254911171,0.6815850749253604,2.124585733419642,0.07313805704590923,-0.36925514461949255,-0.24968541933927724,,1.3143596020541002,0.0,0.26666666666666666,371.6208699790795,0.09060857819505937
CMCSA,2024-03-31,6.0,-2.510704543589858,0.0003933803090793416,0.024001217158125955,0.700013941396928,0.12639106438465134,0.05862137824139669,0.46380951475328774,0.6559601395386571,2.13854758273669,0.07916237090231178,-0.5524184363213726,-0.21120156975777585,,1.022776113830552,0.0,0.1875,155.97974859167405,0.09571135121356879
CMCSA,2024-06-30,7.0,-2.4664322278307558,0.00039778049915858315,0.017854851388589207,0.7053024423270637,0.12460987169113397,0.057381903142374,0.4604924342158418,0.6356355557329395,2.1489499898231625,0.07566632883154616,-0.9597716492284245,-0.2451862167137915,,0.7006965980176245,0.0,0.058823529411764705,107.5895437802908,0.10938556413349045
CMCSA,2024-09-30,6.0,-2.4461273986765013,0.00038712334256666434,0.015196650952689336,0.6972755121110922,0.11924205120704645,0.055333561454659945,0.4640440255307356,0.6417293624554188,2.145634292288624,0.06782476794680811,0.7575023193294252,-0.2246031149491649,,0.08302960542608051,0.05555555555555555,0.1111111111111111,173.13424230186774,0.09405881809779765
CMCSA,2024-12-31,7.0,-2.5047454678530774,0.00034664841824334915,0.027044786573253828,0.7007516366281419,0.13085751232522427,0.06096938727479152,0.4659219496948895,0.6627024060012807,2.123772974562564,0.08704985122913945,0.017455003838222596,0.05046226492286405,,0.35263679729447767,0.0,0.05263157894736842,279.3877690189329,0.09657786826817075
CMCSA,2025-03-31,5.0,-2.5176500396977373,0.0004126892950912563,0.025919559792837076,0.7036395568109163,0.12715382934468553,0.05893059591694353,0.4634590733181609,0.6756624267911969,2.0995186830050923,0.09616974241707103,-0.49438857181769996,-0.24458013659121403,,-0.14448433685818107,0.0,0.05,176.90923659668508,0.09686449664470609
COP,2025-03-31,,,,0.06664574178698472,0.6364704500058748,0.16737163670544003,0.022928839313020102,0.13699357767154377,1.2683622177207592,0.9046261381403476,0.025185268462658224,,,,,0.0,0.0,102.4449243653744,0.019045799104323392
COST,2020-06-30,,,,0.0800896930333256,0.1346267375087211,0.022486985455911556,0.016198871104925384,0.7203665042913477,1.1086527064401421,2.0071499157123758,0.008916565158148308,,,,,0.0,0.0,143.4350901950806,0.0023851811798046726
COST,2020-11-30,4.0,-2.4250041553811155,0.0008464014519070774,0.07053211730341495,0.13379476601138257,0.02490245296617541,0.03580201698987932,1.437690376868038,1.0343397179237457,2.4433132381889764,0.016967542511417553,,,,0.7071067811865476,0.0,0.0,149.52140085314684,0.004083927801495559
COST,2021-02-28,5.0,-2.2512061250584283,0.0008819168106469158,0.08622795399929281,0.131408541794751,0.023594133005437428,0.05312614237686301,2.2516674956702043,1.020095110352396,2.430583252811414,0.01644551605968209,-0.7071067811865476,-0.7071067811865476,,-1.050297782153213,0.0,0.0,139.17942736318406,0.03567160924561882
COST,2021-05-31,7.0,-2.6478710411171296,0.0006436032371533061,0.1127790096412526,0.13089373680506686,0.024483931503635935,0.07450667213941224,2.884963769162931,1.0143828642083061,2.416002438466814,0.028105202223539242,-0.7954323376867867,-0.6327201373213264,,0.09245414693574211,0.0,0.0,124.90334420926037,0.03413794461445135
COST,2021-08-31,7.0,-2.3106157162940355,0.0005930838994719833,0.11673321046111614,0.12884769482822858,0.025555175599324246,0.0864479426097541,2.884963769162931,0.9928935141529652,2.4843886298691533,0.026532255080629584,-0.936975033268887,-0.7960185042574576,,-0.2778841464841638,0.2,0.2,107.11732287472528,0.030850540171964827
COST,2021-11-30,5.0,-2.374744509757137,0.00070156109732678,0.1240360088112084,0.127562978865888,0.025432825825766676,0.08768765199971139,2.884963769162931,1.0021307605110417,2.3571621948960546,0.024256481039105195,-0.9397566940686363,-0.891836030817396,,-0.10048193260110329,0.3333333333333333,0.5,166.12619539279385,0.026015586555259585
COST,2022-02-28,5.0,-2.3230737782683915,0.0006542188625907287,0.13415979882593765,0.12654422292942122,0.026225031990448056,0.09046269213886918,2.884963769162931,1.0124764941541984,2.2929297022748147,0.026119154004412285,-0.8069266118000424,-0.7185131880646348,,0.007061841866242779,0.2857142857142857,0.2857142857142857,150.87024282560705,0.0077205655818745195
COST,2022-08-31,6.0,-2.3714417718303666,0.0005165394297077879,0.14860548709212842,0.12349757206802428,0.02599216142899934,0.09831605235756659,2.884963769162931,1.0181277013441414,2.2259687777506083,0.02142698866348,-0.5403435029932705,-0.5629992814583958,,-1.2454026824406244,0.0,0.0,110.28319831798157,0.009795933297296647
COST,2022-11-30,6.0,-2.3752610751871464,0.0006011114221539012,0.14279698547121433,0.12237592604733495,0.025590594200048077,0.09097972185533369,2.884963769162931,1.0254632479684807,2.174145180581758,0.019527490484371423,-0.8368747357754802,-0.816410640813234,,-0.6042905976964521,0.3333333333333333,0.3333333333333333,162.07515234151913,0.008293238855571542
COST,2023-02-28,8.0,-2.3159673851874647,0.00047023923563614916,0.15039731815053878,0.12165701032957064,0.025661323588563018,0.09221933038340144,2.884963769162931,1.0357402846831776,2.0639002096633607,0.022211286390558645,-0.6418712217389234,-0.6085111729377002,,-1.6053547065243416,0.0,0.0,136.10675538623227,0.0081038668337101
COST,2023-04-30,3.0,-2.562311742696304,,0.1554673550852373,0.12112112537270325,0.02548398331648559,0.0909804278354619,2.884963769162931,1.0477689517282986,1.9808802757217923,0.022816425260301067,-0.6313032972862959,-0.6165498948154944,,-2.5941752176222526,0.09090909090909091,0.09090909090909091,159.28251292435974,0.007450443842348408
COST,2023-08-31,7.0,-2.421868477815219,0.0003445730041573181,0.16589916648363306,0.12259688802674482,0.025968880267448098,0.09369334489857457,2.884963769162931,1.05940064489509,1.8913202591867049,0.024676075130006574,-0.540284976852609,-0.47790342477055775,,-1.6863894738709906,0.25,0.3333333333333333,103.57851555555555,0.005595537620781703
COST,2023-11-30,5.0,-2.2676763820792414,0.0004268471122605721,0.17551869772760997,0.12366274241610083,0.02652939931284907,0.0943409200302551,2.884963769162931,1.074330299089727,1.8317841294567367,0.030681573477012187,-0.5517366888347417,-0.4836335493533512,,-1.4734342766130546,0.38461538461538464,0.5384615384615384,155.29255757056453,0.007182570776850663
COST,2024-02-29,4.0,-2.364978221973466,0.0006762659883274524,0.16252393107849394,0.12392897905380423,0.027304001157426015,0.09853802865927945,2.884963769162931,1.041295238652402,1.8867257007682807,0.016563494780506356,-0.5504265759379486,-0.452687001160761,,-1.0976559703739794,0.7142857142857143,0.7857142857142857,182.3043419301649,0.0272511804636944
COST,2024-05-31,6.0,-2.551435343102343,0.0005997530460358636,0.14934194135424678,0.12497684227123121,0.02827410867380122,0.1035995537116674,2.884963769162931,1.0070726495726496,1.9545852180592302,0.020587808786902393,-0.42670016648298353,-0.2189989466583106,,0.8490450937490638,0.8,0.8,184.82726395994538,0.026905437585471877
COST,2024-08-31,8.0,-2.368218601047399,0.00046504334434834265,0.13762293547597448,0.1261333134213391,0.028952301603832536,0.10608089622301899,2.884963769162931,0.9822815414566949,2.009620801733478,0.016691232608293527,-0.6183187186477832,-0.3751728940059212,,0.8793347086412013,0.8125,0.8125,145.80098993425378,0.024526971916938794
COST,2024-11-30,5.0,-2.3346230848225265,0.000552851332790738,0.12437078979711733,0.12671702633256698,0.029273004771932537,0.10922288980756963,2.884963769162931,0.9541105130665777,2.0622378702927024,0.011596263211890612,-0.1857118699634503,-0.18851760659216535,,1.0929129221347835,0.8235294117647058,0.8235294117647058,218.1659449362477,0.02173085144374236
COST,2025-02-28,6.0,-2.4436985182859914,0.00047006888787318776,0.13253573036236777,0.12674659012594383,0.02885802352264035,0.10720515417510691,2.884963769162931,0.9715357291958964,1.97997296192662,0.014844208420874146,-0.062288911050140096,-0.6866903774041825,,1.050573941721058,0.8333333333333334,0.8333333333333334,221.82411850604487,0.005003087719035416
CRM,2020-07-31,,,,0.10271028037383179,0.745486313337216,0.5096097845078625,0.04543094496365525,0.0891484942886812,1.1452595849726144,0.5031217481789803,0.0017533928150972131,,,,,0.0,0.0,1117.9308988764044,0.0025939081010644487
CRM,2020-10-31,5.0,-2.4943376896419216,8.626152439682206e-05,0.13591638441274076,0.7440870387890255,0.35061494796594134,0.06339594238598652,0.18081357555852065,1.1823629797198079,0.48464761904761905,0.002430060898701628,,,0.70710678118655,0.7071067811865476,0.0,0.0,1058.8595089285714,0.0038835124173590163
CRM,2021-01-31,5.0,-1.4190256896125315,0.00011290056095880743,0.14842399995633593,0.7446756575334106,0.24244828217489472,0.06505400699716729,0.2683211710703701,1.2039836924868956,0.5237227946741182,0.011973956667680197,-0.7071067811865476,-0.7071067811865476,0.9561368976834665,1.1180929953365448,0.0,0.0,1214.3579965457686,0.0049817283513675335
CRM,2021-04-30,7.0,-2.979284374214121,5.224771298985949e-05,0.16738115774963525,0.7432214765100671,0.19874720357941836,0.07161570644331766,0.3603356683944507,1.2382399395687405,0.5238744548860635,0.02620010681725659,-0.8191251207944654,-0.4480534483236404,1.023152240431206,1.30378621283173,0.0,0.0,665.3124293785311,0.006013139269534299
CRM,2021-07-31,3.0,-2.1714371350936275,9.174949578744779e-05,0.09391210839486702,0.7433620799524194,0.09991928289222142,0.03372284751595096,0.3375008961215858,1.1732186732186731,0.5508366223803436,0.024311662175453753,-1.079337306088683,-1.368655090474604,1.220606163181985,1.5771876176591326,0.8,0.0,752.3114457831325,0.005320120589400026
CRM,2021-10-31,5.0,-2.4710477456886366,8.0698323147412e-05,0.06710101536058319,0.7401833246607693,0.06960733298643078,0.02263733402759698,0.325214787815673,1.138471876479482,0.5627002451254615,0.01831062927529276,-0.8588459231523045,-0.6815457785437845,0.5861883355884521,1.2069273652578303,0.8333333333333334,0.3333333333333333,1658.2268263462274,0.004153476074461092
CRM,2022-01-31,2.0,-1.3218893338435775,0.0001537121591151925,0.04535557485692529,0.7347878604861845,0.054507020987467916,0.01718086308851,0.3152045879091461,1.0858223442960067,0.5763344461532691,0.022687195450811493,-0.7467031839583389,-0.3820250185554525,-0.2721658910196454,0.7559083923761621,0.7142857142857143,0.0,-1096.4066528798187,0.005535452382376683
CRM,2022-04-30,6.0,-2.9915712415534093,4.3680420982183204e-05,0.01989322720098813,0.7309949892627058,0.03589835361488905,0.011012145748987854,0.3067590750017155,1.0183363691560412,0.5869126800562764,0.032495638952385573,-0.6816509796923078,-0.72497025257936,-1.1321669090213458,0.2916015980775475,0.875,0.0,1658.2268263462274,0.007597268026959967
CRM,2022-07-31,8.0,-2.303489526036628,6.73053640822117e-05,0.01999918878358098,0.7261255115961801,0.018281036834924966,0.005797493341265227,0.3171315387423441,1.047681049972657,0.5793328464846536,0.030840803582896835,-0.6353049897128075,-1.0696908976355846,-1.378743241989606,-0.3548186871515503,0.8888888888888888,0.0,1130.1451813471504,0.006210505069324763
CRM,2022-10-31,7.0,-2.5515479164460464,6.178402555159494e-05,0.01609349575031462,0.7268766092295504,0.009176734666930746,0.0029711726780365677,0.32377232053395605,1.0465284896367228,0.5828018743444869,0.03418414416630789,-0.6277691360403116,-0.9887983906785641,-0.6629146306899766,-0.22024723707393337,0.9,0.0,428.35163043478263,0.004489821022203087
CRM,2023-01-31,3.0,-1.2871310018997155,0.0001682856145859616,0.013129295083659035,0.7333503444756315,0.006634345496300076,0.0022016231678499507,0.33185235364630605,1.037623220804547,0.5966563012286424,0.03811774076820682,-0.5820520017434263,-0.24180085272063925,1.4819034982947452,0.15368503833407304,0.8181818181818182,0.0,169.55541772151898,0.018953205808870777
CRM,2023-04-30,6.0,-2.978704748889542,4.739447712063613e-05,0.01514393983436481,0.7377904809245681,0.01177457437554368,0.004006109581366834,0.3402339187467959,1.0350368195376585,0.608800272085707,0.03604273615390534,-0.5707082894847415,2.209972455251737,2.148277227712142,0.7680831013200171,0.75,0.16666666666666666,206.40254674977737,0.025603404589509767
CRM,2023-07-31,6.0,-2.313763809960984,5.8823723823790736e-05,0.030382166112321852,0.745214840797073,0.047715521151462006,0.01675510523703218,0.35114580817103375,1.0251187188760125,0.6154139723160837,0.03408007198778544,-0.5385053809673183,2.9290358434418677,2.232323952274065,-0.11005185127212384,0.38461538461538464,0.38461538461538464,169.00925245901638,0.030586875877411983
CRM,2023-10-31,6.0,-2.5608043329552235,7.815428194396428e-05,0.0450041105840222,0.749867467750486,0.0763385757200919,0.02758481238975254,0.36134827155928156,1.022800857312235,0.6204800317319341,0.04472773362614467,-0.5110637906402623,0.43074935651682766,2.0605644511911554,-1.2606378961495892,0.2857142857142857,0.14285714285714285,149.73857969151672,0.035494898008128654
CRM,2024-01-31,6.0,-1.3743915683917107,8.277574295631095e-05,0.07400731889192294,0.7549703072553576,0.11865622400091803,0.04390273675606966,0.36999944272396523,1.0445306140906214,0.6157141019594392,0.034444331660835825,-0.44199789784227544,0.34069579357298485,1.5790373360454018,-2.253658715016282,0.2,0.4666666666666667,173.6211922005571,0.02054765036747692
CRM,2024-04-30,7.0,-3.0328228048093373,6.38490396090244e-05,0.09981974954673861,0.7600089528019472,0.15303695828553843,0.057659063119281526,0.37676561116498714,1.0671156603207415,0.6113392299820383,0.04278500403350775,-1.0025300994092294,0.05899987792915751,1.2420215341040333,-2.3249866636196517,0.0625,0.4375,175.24673849737914,0.02283452350438401
CRM,2024-07-31,5.0,-2.2227234112136283,8.765979108652598e-05,0.10395327065835101,0.763499245852187,0.15444947209653093,0.05940849936050421,0.3846468269142021,1.0728250623787081,0.6132813164746524,0.04551404140542722,-1.141580550739332,-0.2719681840417968,1.0133129211453458,-2.0580005383650803,0.0,0.4117647058823529,152.94933581296493,0.03565749740679967
CRM,2024-10-31,8.0,-2.5704611608746966,7.089315841797049e-05,0.11224781204390137,0.7694479550404689,0.15959020140364086,0.06254314001338328,0.3918983713492352,1.0866165313456675,0.6118851571424325,0.04223037104861596,-1.025471346154303,-0.2772756395228099,0.7833887325073245,-1.515740196472969,0.05555555555555555,0.5,162.74746023601847,0.0308494389822886
CRM,2025-01-31,4.0,-1.2871310018997155,8.357273972870364e-05,0.11298855710862515,0.7719224172054361,0.16353080881382767,0.06477423873022842,0.39609807595320407,1.0777334571881318,0.6146008252677057,0.03739840186047575,-1.0067420857886624,-0.3073157932187064,0.5816812043682006,-1.295240472820665,0.21052631578947367,0.5789473684210527,174.16966477809254,0.023538675644208074
CSCO,2020-07-31,,,,0.2696888870146437,0.6322198453184137,0.21688333059075202,0.027790370362561014,0.1281351143348128,1.7201452765386285,1.5013976793248944,0.01801666466370228,,,,,0.0,0.0,79.8497199751089,0.009238673236389857
CSCO,2020-10-31,5.0,-2.7266869286059108,0.0002413488859158945,0.28735462666441935,0.6338496034547191,0.1997259477639829,0.050669981459632564,0.2536975391875948,1.6544092351209816,1.4955768497706272,0.049402860075768114,,,-0.7071067811865507,-0.707106781186548,0.0,0.0,82.57659826361484,0.023129491019929168
CSCO,2021-01-31,7.0,-2.3994780806895,0.0002137997023152744,0.32211716650844086,0.6394861692977832,0.20406181505424076,0.07729710604399262,0.3787926027387663,1.6393139841688655,1.4779683675063802,0.054669700493325306,-0.7071067811865475,-0.7071067811865476,-0.07141674992719566,-0.6151305083611041,0.0,0.0,77.10575376884422,0.02918648900259028
CSCO,2021-04-30,6.0,-2.397703560883283,0.00019633340499273068,0.3522787482898514,0.6394382344511321,0.209188060434836,0.10774133854220212,0.5150453535361523,1.61318992412279,1.4410918708133047,0.06503625520945873,-0.7790660236203506,-0.8625530810464004,-0.36456062753249363,-0.9576125551093555,0.0,0.0,79.83081081081082,0.035201707405632776
CSCO,2021-07-31,4.0,-2.216007185953731,0.00020108885040489915,0.3383859035542164,0.6402103657312618,0.21259384158336345,0.11090139451356948,0.5216585470566523,1.5563572505678673,1.4061590597009284,0.06317695236432162,-1.1109281024067688,-1.2480233622715702,-0.5894092140038633,-1.432749915624821,0.2,0.2,66.1602259242355,0.035868618593861305
CSCO,2021-10-31,6.0,-3.1978310245024506,0.00018035003385166083,0.3441436125073438,0.6372639744826636,0.22439898403197542,0.11903649063254781,0.530468046217116,1.5607126948775056,1.3451947924703922,0.05975395223024341,-0.8907700365141753,-0.899799591524559,-0.16304071777268592,-1.4962037984860417,0.0,0.16666666666666666,87.06236434108527,0.0333714456162692
CSCO,2022-01-31,5.0,-2.503133567964286,0.00023180480587394234,0.3335230428995168,0.6330093697258918,0.22939339269432968,0.12394008950937542,0.5402949407288621,1.5105445862428766,1.331640975824337,0.05819536059634096,-0.7771997336947203,-0.8597044239301038,-0.817478534854283,-1.6315901079248825,0.0,0.14285714285714285,85.1419554382879,0.05083722905990629
CSCO,2022-04-30,7.0,-2.5021343608732636,0.00019609371053142593,0.334100494827047,0.6313758942246176,0.23276012485217426,0.12620060598575172,0.542191692266455,1.5014061872237847,1.3221599785198204,0.06590085788127746,-0.7245999797784128,-0.8137606305984517,-0.8363187912021216,-1.5880491996983284,0.0,0.0,73.62783753184263,0.05683117523763005
CSCO,2022-07-31,4.0,-2.3656351791857775,0.0002214309449716773,0.3286572848648161,0.6254824757064996,0.22910565005721822,0.12531229942552818,0.5469629378159462,1.4865629705992338,1.3221161544620312,0.0670326004842289,-0.6624955380376895,-0.8149852263701651,-0.30595127863592614,-1.3262215035513822,0.0,0.0,72.59870199464126,0.06968256759098641
CSCO,2022-10-31,6.0,-2.6307148388006496,0.00020520448083218278,0.3166288440720099,0.6223297443056857,0.21996978331962747,0.12297822861954212,0.5590687355492295,1.4476794465263765,1.3390812862242951,0.07074714417700038,-0.5765368759517959,-0.7709660768344031,0.2437356829985643,-0.9036765381108148,0.1,0.0,69.37795788866455,0.07238359637430646
CSCO,2023-01-31,5.0,-2.5199768080087446,0.00019481726754667794,0.3135283329739974,0.6192321438648634,0.21259946201162505,0.12033229258996042,0.5660046899995475,1.445525711707116,1.3202527189520685,0.07708945211828017,-0.5337949716942877,-0.6871125871610295,-1.056129303164441,-0.5034717640957094,0.2727272727272727,0.18181818181818182,73.25901270207852,0.04949938530109863
CSCO,2023-04-30,7.0,-2.4993454111420688,0.0001835330570801929,0.3102088453703095,0.6198881541796455,0.20893673606936627,0.1206019583360715,0.5772175855950582,1.4207798548452215,1.322298460449046,0.08669524581933341,-0.4594348377850229,-0.5443491834559581,-1.3321897730267005,0.45827737467565743,0.16666666666666666,0.0,62.66723441836992,0.05654552710513781
CSCO,2023-07-31,6.0,-2.381226431711613,0.00021106999208278903,0.28038992981778377,0.6272676234253833,0.2212884662619741,0.12993883201339257,0.5871920674779473,1.2459058144380817,1.3057531741035904,0.08970445264309833,-0.4208208186658938,-0.23559688729792733,-1.3261024121807252,1.0044022481614927,0.15384615384615385,0.23076923076923078,60.91868901048792,0.04662633602476535
CSCO,2023-10-31,5.0,-2.581749144977076,0.00017846562119216977,0.29427187102636276,0.6369369679842851,0.23401798945445773,0.13787712276302463,0.5891731788844248,1.252382073143881,1.2731117162439711,0.08208197204754014,-0.415250886460064,-0.1406713014542359,-1.0782926468051157,0.6765043436838695,0.0,0.14285714285714285,61.91668051708218,0.05002926235445622
CSCO,2024-01-31,2.0,-2.485201192882816,0.0002531023420209792,0.25301437132046367,0.642181957961316,0.23486450124927927,0.13464317105602536,0.5732802119513093,1.1426871901210938,1.242093324874094,0.06633130306149519,-0.5717719301612377,-0.5908540964719383,-2.8161313449713963,0.8570800128669485,0.0,0.06666666666666667,85.36822485207101,0.052103123574674504
CSCO,2024-04-30,4.0,-2.3786068794312873,0.00045984165190719755,0.1446740394438873,0.6465392673939744,0.21884256917852757,0.1140850176315777,0.5213109042715969,0.9698147854276711,1.3394719740943486,0.06506804069229753,-2.2086966334905944,-2.088694817253311,-2.7744461281767325,0.3099420740677292,0.125,0.0,103.26141215106732,0.0559508605485617
CSCO,2024-07-31,5.0,-2.2270559620179355,0.0004276515704940125,0.07551652222895294,0.6473244986339052,0.1918108655651172,0.09227323427968535,0.48106364573158056,0.891579780200724,1.448830233296476,0.0523169598158607,-1.5638103071968823,-2.0714930282298747,-2.7448408795594497,0.20816443944557933,0.5294117647058824,0.23529411764705882,106.14413078797726,0.05870670015771949
CSCO,2024-10-31,7.0,-2.7719505059847016,0.0004121826395052931,-0.013807483503490009,0.6491996375717306,0.177306704922984,0.07961552642620116,0.4490271614983959,0.7690313324862982,1.5822722472408113,0.0519445634079237,-0.841384646679495,-1.0632174291695784,-2.5359185288955017,0.9764642730848252,0.7777777777777778,0.5555555555555556,105.90401015228426,0.055379629132105396
CSCO,2025-01-31,5.0,-2.228223468006227,0.0004432448072650896,-0.052502748319004144,0.6513216184288245,0.16957693443591257,0.07467299575915581,0.4403487774298493,0.7083984189293816,1.7034752131493365,0.052780558954771885,0.7874942208090352,-0.04896174668246975,-2.0371651827220103,0.9990518518726504,0.8421052631578947,0.631578947368421,112.0450489853044,0.05046085132857855
CVS,2020-06-30,,,,0.011632518737128176,0.20428215056396443,0.04553037143600496,0.012632964606467229,0.2774623665045967,0.9813483216629509,2.4451759198302976,0.07814167363042397,,,,,0.0,0.0,53.95525213675214,0.007906705096767528
CVS,2020-09-30,5.0,-2.428119046165034,0.0005801915245626583,0.014799537994803508,0.18933963760508168,0.03171522013338671,0.017929388355504887,0.56532441774322,0.9680208051662982,2.4073123004066432,0.10431532892338143,,,,0.7071067811865475,0.0,0.0,74.56417359187442,0.018529610917235272
CVS,2020-12-31,5.0,-2.550549814186394,0.00048379410098533144,0.014475016735611666,0.18333655193586562,0.02561017276468054,0.022193995777476442,0.8666085926637944,0.9485020372293681,2.3745945319740502,0.12097155804463644,-0.7071067811865475,-0.7071067811865475,,1.0770477378475978,0.0,0.0,100.55249603803486,0.023181112181217954
CVS,2021-03-31,7.0,-2.3827116089635787,0.00035005964937384273,0.02643138791920871,0.18271302499926212,0.027282990466633215,0.03185049433948449,1.167412141951128,0.943298407562364,2.3367129902418693,0.12998966558026892,-0.8163589256012043,0.6593034593172763,,1.215563029230534,0.0,0.0,73.2595918367347,0.02966193637544812
CVS,2021-06-30,8.0,-2.4647144683681725,0.00036436358800121476,0.023361745077527387,0.17738742396424298,0.0258800027306403,0.031168898605880895,1.2043622610974023,0.9358540472161527,2.260127247462457,0.10492673372055134,-1.0838125276992714,-1.3596738601235452,,0.8937766571629261,0.2,0.2,62.629479889043,0.027482531478020118
CVS,2021-09-30,4.0,-2.449369640505344,0.00045444824328566287,0.024232924859884108,0.17663938595598835,0.026580275800618114,0.032716737048455485,1.2308652210333602,0.932347719396606,2.2049209819822315,0.13469713405712094,-0.8775112739279354,-0.8153250883970876,,0.7994453390827918,0.16666666666666666,0.16666666666666666,77.9240950744559,0.027168192926799985
CVS,2021-12-31,6.0,-2.5045101068626483,0.0004112997716620309,0.025634354876919434,0.17842532461975072,0.0273902728757219,0.034462558955914976,1.258204294359615,0.9301753993967155,2.1509052414429575,0.11407099193149683,-0.7580225082246244,-0.6968331743520458,,0.19691462146073804,0.42857142857142855,0.5714285714285714,80.05158747300216,0.022995320952084532
CVS,2022-03-31,5.0,-2.4118017891806023,0.0003619689764452518,0.02129437176946263,0.17681096584845252,0.027121131270010673,0.034904021452324054,1.2869677560581463,0.9177423320425349,2.1303811839948406,0.11976343725945995,-0.6755656824981764,-0.7910060942506363,,0.6676770040910314,0.375,0.5,72.17992874692875,0.030003721437670064
CVS,2022-06-30,6.0,-2.5528370428866136,0.0012482399796240635,0.01820197155445189,0.17435197817189632,0.0272136685506399,0.035994079751504225,1.3226470986271297,0.9073111894600111,2.6979715694023536,0.12963643466799168,-0.6175934261055513,-0.6546728465282539,,0.13088531079562696,0.1111111111111111,0.2222222222222222,62.587622617262795,0.0344270188864959
CVS,2022-09-30,5.0,-2.4582230806492253,0.0007205999040502487,-0.012203204139048032,0.1724704576096439,0.010703465778412245,0.014553093017513098,1.359661750576635,0.9091611040952553,2.7368957624796506,0.15547212358032414,-0.5799827460218085,-2.1971345596882967,,-0.1942529759787628,0.9,0.4,78.07757207088072,0.033720977055143646
CVS,2022-12-31,5.0,-2.5451629496757326,0.00025934157469081795,-0.0016400780803759625,0.1194535734290998,0.01336880983170371,0.018689866784300253,1.3980202441041405,0.9233667170888027,2.772772252935981,0.10933999291119154,-0.5459025260066251,0.6473064288348966,,-0.07597544398190424,0.7272727272727273,0.09090909090909091,77.59484084880637,0.04760557609575745
CVS,2023-03-31,5.0,-2.3225201892946785,0.0004300726949879676,0.005998949516519286,0.1194535734290998,0.012368585665978683,0.017621429863006622,1.424692389161077,0.9482379564448328,2.839366590631095,0.18129090759177566,-0.5066116610936324,-0.4491023868912153,,-0.5793563389756557,0.6666666666666666,0.0,70.54287483530962,0.06391880435560995
CVS,2023-06-30,3.0,-2.4352058456902457,0.0004710528923763343,-0.0011234202561313904,0.1194535734290998,0.0087410525819271,0.01249884074832857,1.4299011052937753,0.9483625039889747,2.302064991195774,0.1986505385897835,-0.4847902477432335,-1.12413285636307,,-0.39460909428198854,0.8461538461538461,0.0,68.19083378016086,0.06982104479573017
CVS,2023-09-30,7.0,-2.3790499274800387,0.0004369440404924157,0.02843850556563486,0.1194535734290998,0.024818219195017956,0.03563327285749374,1.4357707367113115,0.9401879422704338,2.331426351418719,0.12548324706498884,-0.41508084484967694,2.8642602286815375,,-1.2746584788542918,0.0,0.0,70.14267765468792,0.06996951185662358
CVS,2023-12-31,3.0,-2.4102336907316992,0.00047975403589589014,0.01711813496090102,0.15213709136442913,0.023321855015428647,0.033698324473589884,1.4449247048014255,0.9170991034941341,2.3491417789319917,0.10189546143205323,-0.2547533848445554,-0.2993555283261567,,-0.4234295589385347,0.06666666666666667,0.13333333333333333,81.7352712718648,0.04770805298603205
CVS,2024-03-31,3.0,-2.563671362784453,0.0005566441213716014,-0.004747174396112094,0.14855029298904235,0.02028343053458379,0.02925918820839928,1.442516745799562,0.8775541666399018,2.3551951404300397,0.08053956660826996,-3.0255067276539624,-0.3715706456326277,,-1.8144751071980174,0.1875,0.125,121.83770145310436,0.05769083097754194
CVS,2024-06-30,8.0,-2.4775017949080027,0.00041330897859829835,-0.010022945244393767,0.14699874465929613,0.019793639607100382,0.028666604203504982,1.448273524856019,0.8678688803531647,2.339662524508417,0.07091508023369565,-2.2581567841511485,-0.2004064932516799,,-1.394512545984913,0.0,0.0,82.12456157635468,0.07922638681143582
CVS,2024-09-30,3.0,-2.3737267458303144,0.0008205512316498517,-0.03356820483104485,0.14197965910569457,0.01359673851758685,0.01997652280662977,1.4692143105341708,0.841100792891741,2.3367740520858598,0.02129276222787673,-0.8372249996885632,-0.6087963568509288,,-0.8346009305121808,0.4444444444444444,0.0,127.47266366816592,0.07521254897209095
CVS,2024-12-31,8.0,-2.4751972165415825,0.00030104778342593207,-0.04115189916119802,0.13787489035940656,0.012376310657736266,0.01831195813729206,1.4795974861737573,0.8297613411510495,2.358467428864667,0.11166581172713437,-1.2596529965963728,-0.2307189473794336,,-1.5238437249169103,0.15789473684210525,0.0,98.23104709840202,0.10652911378015427
CVS,2025-03-31,7.0,-2.397401402187937,0.0004464348219331344,-0.03665789359460515,0.1404792062486806,0.013932868904369854,0.020834402017148923,1.4953418538671885,0.8338790337517701,2.344941710635293,0.06937502919332991,-0.41549500606973017,0.11391416293391372,,-1.4491173691074841,0.5,0.0,78.0375666864256,0.042960904292587226
CVX,2025-03-31,,,,0.032683689746759906,0.39907582440663725,0.07351396765385423,0.013650705741486835,0.1856886001006252,1.0812279424121898,0.7084021855010662,0.006354979932065701,,,,,0.0,0.0,237.26415026143792,0.02280898543823581
D,2025-03-31,,,,-0.01857395629094735,0.725711481844946,0.15848871442590776,0.0061785663048156475,0.07010406367949798,0.7297789929368876,2.403261506412343,-0.042504786340305245,,,,,0.0,0.0,177.0245327510917,0.012640517454231595
DHR,2020-06-30,,,,0.13176218352032598,0.5384179724372287,0.17500471965263356,0.013007167271890488,0.07432466563020917,2.2042893623100412,0.9647836263436339,0.016535523430340635,,,,,0.0,0.0,191.93697393364928,0.02835448565364601
DHR,2020-09-30,6.0,-2.432102333757255,0.00014939268091299435,0.14542293896219816,0.5436007512744835,0.16188176370628746,0.025111144561981248,0.155120280302493,2.138198877842984,0.9416569915442573,0.023415732239280906,,,0.7071067811865475,0.7071067811865476,0.0,0.0,175.47828033088234,0.024486495460518558
DHR,2020-12-31,7.0,-2.3312134219885445,0.00012909040311259484,0.16516985967310818,0.5591661557326794,0.17005741040075803,0.0415440987909934,0.24429455142878156,2.03184823768533,0.9322527854176021,0.0345392842287041,-0.7071067811865475,-0.7071067811865475,0.7410803609551709,0.8413945815375734,0.0,0.0,122.64258754944825,0.01459747726758293
DHR,2021-03-31,8.0,-2.4814572021878254,0.00011756005975910564,0.19888154061946678,0.5760312915843381,0.19166095407072867,0.06428487138144606,0.3354093257707723,2.037518896703178,0.9148041726771484,0.04361272221788002,-0.8489060367653207,-0.8647860105094666,1.1092608651814613,0.8014418447855819,0.0,0.0,100.54067751627441,0.015145992499723855
DHR,2021-06-30,7.0,-2.4468685180485004,0.00011134424342961504,0.21755351239242746,0.5924401197604791,0.20999251497005988,0.07419388855800982,0.3533168245000931,2.0578971848767416,0.8795474244387075,0.03457498771171419,-1.0709643235898756,-1.2883263269000873,1.0386356337317182,1.0638310820696113,0.2,0.2,117.64666134663342,0.01122739430742479
DHR,2021-09-30,3.0,-2.442153641259803,0.00016249718883254433,0.2043189624237453,0.6044183146267593,0.20972741849278462,0.07543445942482185,0.3596785769211052,1.9069520983467572,0.8752899047069709,0.03206103090130353,-0.9035177831531694,-1.1793493238986474,0.40062436592166323,0.9292356136491802,0.3333333333333333,0.3333333333333333,196.9040336134454,0.010382785937316166
DHR,2021-12-31,6.0,-1.7411168173627969,0.00011382804586550778,0.1985466965390822,0.614426255947101,0.25937424401257964,0.08063045419649992,0.3108653077851066,1.7843420780830408,0.8572284879593096,0.031016189537546396,-1.0224055752221286,-0.8893999539621965,-1.0154433554927051,0.9169638979123544,0.2857142857142857,0.5714285714285714,250.2227373358349,0.003601374973648635
DHR,2022-03-31,6.0,-1.9393165524008331,0.00011657661898662142,0.1865295428629078,0.612164481897628,0.25187265917602997,0.0789480924851957,0.3134444712795131,1.6959252914105278,0.8400650293081917,0.03320946582705799,-0.6372735384155926,-0.9628317969491423,-1.1511016283865638,0.814860341600935,0.0,0.375,116.91004696132596,0.003767402212550997
DHR,2022-06-30,6.0,-2.4515779837256275,0.00010582457219916763,0.1721264506769826,0.6120772023695776,0.2427288362316071,0.07677707930367504,0.31630802707930367,1.584360655737705,0.8220163985881135,0.037863416145097396,-0.6106895308211272,-0.8955012318225475,-0.2830404361821568,0.7214300179641825,0.0,0.1111111111111111,101.82263854875283,0.0044391222935349795
DHR,2022-09-30,5.0,-2.507068857041199,9.95619026003752e-05,0.18987286437652545,0.6105492687695027,0.254332869656754,0.08214636989545007,0.3229876264374097,1.6577692430788926,0.779326214127141,0.03725330447559365,-0.5761239401087443,-0.622880036432063,1.094027754915982,0.6343430786600438,0.0,0.2,112.55140744416873,0.004425304571062778
DHR,2022-12-31,7.0,-2.0157029437887006,7.589153823625892e-05,0.2111937273502774,0.6075892354464587,0.2705776376534174,0.08722903520500457,0.32238079969023953,1.7791325331809233,0.7394630773602181,0.038139367115033275,-0.5741747461994618,-0.5809045197822519,1.4011197790328715,0.5360604081418306,0.0,0.2727272727272727,200.54234265734266,0.004369814126945108
DHR,2023-03-31,7.0,-2.2133388314116624,9.044797313165521e-05,0.21518725205131448,0.6081352393189849,0.2784291680051397,0.08348533829381205,0.2998440820405387,1.8329099978578205,0.7022390736281191,0.03967085984766906,-0.7000343906710824,-0.8166701054091962,0.3772199596596627,0.5701293410372429,0.0,0.3333333333333333,145.06782333553065,0.00470388434498206
DHR,2023-06-30,5.0,-2.5278006156724806,8.365257762882856e-05,0.21572458711328216,0.5957944938218079,0.275742466941253,0.0758673752393222,0.27513852356839097,1.9127815063385534,0.6741573594683788,0.04061478895304597,-0.6792573730086697,-0.8773444797854684,-1.097618294889341,0.6900050809427887,0.15384615384615385,0.46153846153846156,182.70442820292348,0.0049180878205988985
DHR,2023-09-30,5.0,-2.4973443452283046,8.027881311513991e-05,0.22385549636577334,0.5913155141253686,0.2814134880623989,0.06919941758813658,0.2458994345459117,2.0372886213814847,0.6626206159006393,0.037004656761544595,-0.7539464802387239,-0.7918388546417401,-2.373131558904791,1.0058954393166055,0.35714285714285715,0.6428571428571429,184.9245063291139,0.004814712204225502
DHR,2023-12-31,6.0,-3.194127545278504,7.390432638501602e-05,0.19847324674717387,0.5874424445374634,0.19941398074508163,0.05569259185653663,0.27928128032171706,1.9880661394680086,0.6362479975133299,0.03363022441443527,0.7893409722680512,-1.3172484828693038,-1.6487247479472034,0.9281392958334824,0.6666666666666666,0.2,153.71579207180255,0.005160930347735708
DHR,2024-03-31,7.0,-2.5577670048756898,6.769329479153288e-05,0.18921785707992927,0.5838564266756541,0.18544887728019546,0.05170823960578634,0.27882746104555894,1.9801614286136653,0.6132862097064564,0.0297421008938507,-0.0807852090129537,-0.7447786525679931,-1.4187740319884647,1.4583410560627397,0.75,0.5,167.15159451219512,0.004792971654836372
DHR,2024-06-30,4.0,-2.484957009299373,8.257426386673609e-05,0.16739651504134012,0.5927104548540394,0.17833503054989816,0.05030836767121812,0.2821003115096999,1.8406911581569116,0.5970017299549829,0.02745181591713649,0.0065688059016253296,-0.30115462332576853,-1.7364665724485149,1.1137847280498663,0.7647058823529411,0.47058823529411764,185.54785102739726,0.027807632855575415
DHR,2024-09-30,4.0,-2.426938206799823,8.00115884521685e-05,0.13226441631504923,0.5936736584954933,0.16392890236711313,0.047599828777594326,0.2903687396807925,1.5943772431210954,0.571316011991698,0.02463659202200085,0.27934390159527744,-0.5395359739942772,-1.5282365878097022,0.5194854532243959,0.7777777777777778,0.6666666666666666,242.71063465553235,0.028517496329709954
DHR,2024-12-31,8.0,-2.4587911009654246,6.89208972222183e-05,0.1241457730683444,0.5950157068062827,0.1633089005235602,0.04872014344889633,0.298331219503052,1.5214565278166061,0.56761865585395,0.031751590958649246,0.12264036035447652,0.5654380918219325,-1.5445225680359305,0.9290630290708626,0.6842105263157895,0.05263157894736842,137.67138245614035,0.03938297729566873
DHR,2025-03-31,6.0,-2.459528041673688,7.807669154530776e-05,0.1093430601466621,0.5973971452560873,0.1580604534005038,0.047684182529731375,0.3016831946502527,1.407815740639668,0.5664983582489311,0.0333031049511383,0.0396159402419835,0.10284088375673946,-1.4189808360568825,0.5077723241076659,0.6,0.0,138.39678178963894,0.05197477058011424
DIS,2020-09-30,,,,0.046408565658971265,0.25117291085877474,-0.04827633099884409,-0.003522716560240934,0.07296984852318791,1.3238320564818988,1.0669148412503076,0.0049976767556703374,,,,,0.0,0.0,-182.40503355704698,0.0003016615699368582
DIS,2020-12-31,7.0,-2.376267014416381,8.806948460513698e-05,0.04561009525650845,0.2638583796356118,-0.022386613257526812,-0.003435480632663836,0.15346138306600535,1.3187836160529582,1.062877741984967,0.0012867435681138768,,,,-0.7071067811865459,0.0,0.0,-417.9255437921078,0.0008356264112927764
DIS,2021-03-31,6.0,-2.5381131771692753,8.362432595092554e-05,0.0475358919440041,0.30060770040155466,0.004466490583864803,0.0010336482316167152,0.23142290624114814,1.29049313420868,1.0480211421941474,0.003105304060825084,-0.7071067811865476,-0.7071067811865476,,-0.2866355193496483,0.6666666666666666,0.0,1658.2268263462274,0.0013659782175957668
DIS,2021-06-30,7.0,-2.431550765951818,0.00013464292679466673,0.052105699409858194,0.3111761098268623,0.017706908210281327,0.005588727249264184,0.3156241159040486,1.2773410178216713,1.0383125094845465,0.0048995971200566065,-0.7449312609483465,1.1259267298469362,,1.1719620026994346,0.5,0.0,1658.2268263462274,0.0014673920308798975
DIS,2021-09-30,5.0,-2.472479504202328,0.000194302300555029,0.04902075329716028,0.3305793704945267,0.029591503752706992,0.009876628777377322,0.33376569369083925,1.212181450240871,1.0194555252291972,0.006421580645588507,-1.0227046907705886,-0.05917608548438278,,1.6096928232607044,0.4,0.0,-608.8019230769231,0.0014051245376413483
DIS,2021-12-31,5.0,-2.3657572550587234,9.051265214260933e-05,0.04837217117561228,0.34341261577245574,0.042226119362086915,0.015231204695876282,0.3607057651987729,1.158410683430437,0.9954071104734152,0.005231987304933838,-0.8021794566205902,-0.1433805341245607,,0.9093336453346844,0.3333333333333333,0.0,414.6598705501618,0.00079732240789956
DIS,2022-03-31,5.0,-2.5318828525675743,0.0001578363530940349,0.03874794540127206,0.33787064105241177,0.034597515138859884,0.013065646123554387,0.37764695155459505,1.1171187186780442,0.9773562288643518,0.0061660326740703725,-0.7603444420501522,-0.43571640881866525,,1.3075492318683317,0.42857142857142855,0.0,1121.456805111821,0.0001635235055866011
DIS,2022-06-30,7.0,-2.466907356212164,9.509946613961412e-05,0.03343204904560469,0.3442655290607353,0.03873942741597416,0.01545029977367917,0.39882622961299263,1.0658875464301303,0.9568690941282886,0.00699442767587648,-0.6636513643281511,-0.24442599850048394,,2.130865901788207,0.25,0.0,237.93323117338002,0.00017413512885999536
DIS,2022-09-30,4.0,-2.5445158660385525,0.00015386454415222117,0.029682753737388885,0.3423635792171369,0.03801890669954788,0.015464633563172044,0.40676165901835226,1.0455972867730186,0.9283736564875,0.042578589591480795,-0.6917367144172482,-0.3294954019878524,,1.5218291621678914,0.2222222222222222,0.0,-348.4632258064516,0.0
DIS,2022-12-31,4.0,-2.378910521712559,7.909477226047433e-05,0.026450419928054542,0.33400462003198483,0.03932950305040574,0.01634900194759948,0.4156930721104247,1.0207045204726573,0.9017341446455036,0.036584191899490054,-0.6369775186546515,-0.27915613975448694,,1.4582962039851104,0.2,0.0,371.2059825327511,0.0
DIS,2023-03-31,6.0,-2.5534521958999177,0.00010598094489334092,0.029493535554145335,0.3304054908543245,0.04737816304710224,0.020233537542639075,0.4270646272740328,1.0068927704237487,0.8793934724234344,0.04181347426935917,-0.5701540110973409,-0.14879651636843116,,1.2902397282324345,0.18181818181818182,0.18181818181818182,288.74484974093264,0.0
DIS,2023-06-30,6.0,-2.4514558025620246,0.000176347245609001,0.018452939356283674,0.3277187467969524,0.025647157971460135,0.011060958059715421,0.431274220403833,1.0179128903435823,0.8569435070502179,0.05582598948443143,-0.5919200641107878,-0.5980321817272537,,-0.054051633716602335,0.5,0.0,198.34242097147262,0.0
DIS,2023-09-30,6.0,-2.6332582084582237,5.528952589354191e-05,0.021459090775457407,0.33405700915656145,0.02647978582195325,0.011534353164842272,0.4355908783552032,1.0315548607411418,0.8419230960149097,0.04580497446734469,-0.552205974550933,-0.22642276731875408,,0.22575649691552999,0.46153846153846156,0.0,358.82811572700297,0.0
DIS,2023-12-31,3.0,-2.3560710175140502,8.487977593080963e-05,0.018685359744037514,0.3433181537077641,0.033575082925732275,0.014709468296563768,0.4381066855173807,0.9891019905117253,0.8461751833115444,0.046848740193195224,-0.6276589924482717,-0.07578740044258313,,0.3757709750546863,0.42857142857142855,0.14285714285714285,152.8200826934436,0.0
DIS,2024-03-31,3.0,-2.6143166995138434,0.00020603219476718964,-0.002731331786010774,0.35026848872795757,0.019001603085098035,0.008451273050909572,0.444766318560641,0.9210253082414017,0.8518297946992046,0.038030804285588214,-0.5648336375696528,-0.7071257820283392,,0.22769767188504528,0.7333333333333333,0.4666666666666667,193.96564447159437,0.006880792184272409
DIS,2024-06-30,7.0,-2.4093983575811473,7.312218572372104e-05,0.0007429967283528113,0.3535788865686231,0.053050162171768785,0.023992916664050186,0.45226848857435303,0.833190466714629,0.8621938869776111,0.04815491245359824,-0.7664051990488653,2.588657023853936,,0.5625082420900853,0.125,0.25,128.28744611059045,0.01691616821697585
DIS,2024-09-30,6.0,-2.4945909800732036,0.0001670877264807922,-0.014601048451151705,0.3575157890128173,0.054421470868313615,0.025274662430500396,0.4644244638602065,0.7556107308489539,0.873114982777459,0.04293888521555257,-0.4420590938326788,-0.23881775928708412,,0.5615200214048328,0.11764705882352941,0.23529411764705882,182.6480205479452,0.024907182452998552
DIS,2024-12-31,6.0,-2.3990949860808977,8.412840268745778e-05,-0.019371440710197967,0.3673974616765043,0.060701390240211026,0.028569720421244373,0.4706600673919763,0.7180184295046074,0.8658832688149585,0.043801865592935585,-0.42464230308207906,-0.030003162857858867,,2.6395523843328066,0.16666666666666666,0.5,104.79632405424697,0.025450232495184858
DIS,2025-03-31,5.0,-2.5514010592728353,9.554620991688669e-05,-0.0005642609325555714,0.37095916631220754,0.09474691620586985,0.04529337755919021,0.4780459288065373,0.6983880476827287,0.8456829216803884,0.05395388116071219,-0.04530171728320088,0.653380462656775,,2.3957624727192908,0.10526315789473684,0.21052631578947367,123.36241979835013,0.030707912900786297
DUK,2020-06-30,,,,-0.06289573818018232,0.4906843755764619,-0.14794318391440694,-0.005010965391848746,0.07010406367949798,0.5534451767525465,2.433717362854262,-0.007970142619571298,,,,,0.0,0.0,1658.2268263462274,0.01193818371008436
DUK,2020-09-30,7.0,-2.4716036431537693,0.0003565711150846046,-0.053365602971461285,0.49752923735793114,0.04134409487728546,0.003123269602871915,0.07554330581289002,0.5366803462840368,2.423189146593402,0.009770846007779806,,,,-0.707106781186548,0.5,0.0,287.1069020866774,0.02213803317171494
DUK,2020-12-31,4.0,-1.2871310018997155,0.0009820071770269847,-0.053455438300616304,0.4816558534764885,0.025205259229488432,0.00272194045212733,0.10799097233417244,0.5353002737079375,2.3814103012090295,0.0033233895176488087,-0.7071067811865475,0.7071067811865476,,0.2569436505679336,0.6666666666666666,0.0,1658.2268263462274,0.0704207206162589
DUK,2021-03-31,7.0,-2.5374619816677826,0.0003462387203789696,-0.04678493027308357,0.4844910255866254,0.06072049900284296,0.008842735562967415,0.14563015304853463,0.5238059712627385,2.35832797227468,0.0013471357267534553,-0.6596121945094919,1.0667208829125765,,-0.2712503795130573,0.25,0.0,838.7157142857143,0.07541265798365844
DUK,2021-06-30,5.0,-3.152418842086583,0.0006215596511190194,-0.032539489187876455,0.4857764390896921,0.12541834002677377,0.018374404540279814,0.14650492532716766,0.5237894863394548,2.3352428940832577,-0.0008957306316692414,-0.9607789892756826,0.4168123613223755,,-0.2120357802118988,0.2,0.2,1658.2268263462274,0.07449054003072883
DUK,2021-09-30,8.0,-1.2871310018997155,0.0004495063016104928,-0.027950687054212334,0.4871136156459766,0.12840805502610425,0.018831893899687806,0.14665664000486142,0.5444690772876691,2.297374603635781,-0.003611084350000153,-0.801093189845917,-0.20231686027309156,,-0.05619821540303843,0.16666666666666666,0.0,304.0083493589744,0.07613924714354567
DUK,2021-12-31,4.0,-2.3862099446219625,0.0006549975460788366,-0.017637547261677912,0.48568295357621544,0.15872629056496487,0.023491082645571978,0.1479974272816345,0.5691593240147007,2.3011573626220985,-0.017664975374404503,-0.6845026996438787,-0.04256911819981999,,-0.23296561690475506,0.14285714285714285,0.42857142857142855,1404.5310714285715,0.0386646022405387
DUK,2022-03-31,7.0,-3.008258772837129,0.0005229505214478709,-0.010639350325832332,0.4746095282944824,0.14806530099678203,0.022418333954744435,0.15140842455202697,0.6265069784389209,2.3134274731386553,-0.023920842740373607,-0.5920012184267684,-0.2521070380304943,,-0.22998122910792954,0.25,0.5,756.0336059479554,0.03645191712627526
DUK,2022-06-30,6.0,-1.2871310018997155,0.000508619750043667,0.00019053303675258676,0.4669811320754717,0.14892726719415703,0.0230227419409377,0.1545905083380256,0.6987310276188107,2.3146063583026333,-0.021126154882334342,-0.5522951141220178,-0.18060209459481957,,-0.7155283417616156,0.2222222222222222,0.1111111111111111,1037.6182989690722,0.038121565031368224
DUK,2022-09-30,5.0,-3.0149892197055905,0.0004827004286960889,0.004285237770655377,0.4585893520732919,0.14467051767909048,0.022809739967804155,0.1576668165271997,0.7422656997777454,2.344943509539587,-0.06314798940040824,-0.5101472711194819,-0.1996261508817307,,0.02201997154918775,0.1,0.0,257.660843373494,0.0441603118446808
DUK,2022-12-31,3.0,-1.2871310018997155,0.0009677872487313466,-0.003959147829101655,0.4510567296996663,0.08864015572858731,0.014612573403110759,0.16485274967085894,0.7790138631731263,2.3744356031673903,-0.06684038004386833,-0.42408977829405153,-0.5091803358428053,,-0.34251965816353486,0.6363636363636364,0.09090909090909091,1579.6721875,0.0401484586228449
DUK,2023-03-31,5.0,-2.6135753336050724,0.00033136160945229713,-0.0031772485197876545,0.45127957841077393,0.08600557985740365,0.014154486269241344,0.164576371587859,0.7915388291885724,2.399750430002361,-0.06684038004386833,-0.5210627385695975,-0.16933072042954053,,0.9445219845995227,0.5833333333333334,0.0,443.75703125,0.04313298394359864
DUK,2023-06-30,4.0,-2.432356765965567,0.0009241013991686859,-0.008393812163990273,0.4527489930113265,0.04716493958067959,0.007682225041530277,0.16287999327104377,0.8228437140100228,2.4453304611580147,-0.06684038004386833,-0.5166179167616395,-0.589968340705705,,2.3541035526289895,0.6923076923076923,0.0,1658.2268263462274,0.04653882653360609
DUK,2023-09-30,7.0,-2.397735360427801,0.0003284498323421678,-0.010109238256365269,0.4580978800643858,0.041097297852666186,0.006683793888505964,0.16263341479207136,0.8193854454125453,2.4743663552667865,-0.06272000865265723,-0.5354770327435929,-0.45281396567201687,,1.8031095812057305,0.7857142857142857,0.0,233.78515513126493,0.04756904123914046
DUK,2023-12-31,3.0,-2.476770292630536,0.0006131971935035273,0.002103877192933517,0.4733654507914659,0.0977632484514797,0.015850212424089422,0.16212853679832404,0.8101828419587498,2.4967785987758186,-0.03439904061783187,-0.5302977148529476,1.2698917196853305,,1.8371604111559214,0.4666666666666667,0.2,407.4229518072289,0.04340926662366675
DUK,2024-03-31,7.0,-2.5209451173604718,0.0005518443190544018,0.005125565186335359,0.4817178747241555,0.10779154642675268,0.017717658646287174,0.16436964895319328,0.8126842482670703,2.5185154278870225,-0.0231212601462299,-0.29647440291652694,-0.08110855616858378,,1.424338918976036,0.3125,0.125,359.6323758865248,0.04354682812923926
DUK,2024-06-30,5.0,-2.2895535909829126,0.0006081104913934238,0.008415448741330201,0.48753702286265765,0.1429332090918167,0.02391764977766888,0.167334448933451,0.7707992851796979,2.530465896970859,-0.012729788843173655,0.04347338389891531,0.5535771046505933,,0.57725379538731,0.058823529411764705,0.23529411764705882,615.1874925373135,0.0420793832216989
DUK,2024-09-30,5.0,-2.538150654348376,0.0005814145383181615,0.002085738389130627,0.488033367539475,0.14313615147803635,0.02399875677115709,0.16766383980108338,0.7120995466853266,2.569962353873588,-0.010614079475444562,-0.7571265419716334,-0.19722730466407917,,0.2706532083877538,0.16666666666666666,0.4444444444444444,355.2482142857143,0.036476080734323756
DUK,2024-12-31,6.0,-2.9468526051943646,0.0006221536646748114,-0.0006606825409434178,0.5005764733010508,0.14902658365451132,0.02478381272991725,0.16630464258224978,0.6827405179024362,2.5977215950805377,0.0011647032012047595,-0.6932964507508868,-0.07238357709589693,,-0.4379329750208126,0.15789473684210525,0.3684210526315789,341.94637519872816,0.04344222867998783
DUK,2025-03-31,7.0,-1.802786212115964,0.000567120791793464,0.0005320991663960162,0.5090997252303217,0.1540326491029578,0.0257930063873552,0.1674515535346974,0.6819758749328649,2.620489453957522,-0.0014772499809804064,0.14689841655301514,-0.07325005178528685,,-1.0761377595752009,0.2,0.5,276.95083636363637,0.03817636022276508
EMR,2020-06-30,,,,0.13029912563276577,0.41338783852835975,0.10194174757281553,0.018361711919005982,0.1801196502531063,1.3164578111946532,1.7583142929677582,0.01982911494438175,,,,,0.0,0.0,74.66374269005848,0.008033747111612661
EMR,2020-09-30,7.0,-2.3853196252496147,0.00043287370139309146,0.2026270958486506,0.4131255901794145,0.13243626062322947,0.050300367614094864,0.37980812337487674,1.4175870858113848,1.732741194486983,0.044588461059195096,,,,0.7071067811865475,0.0,0.0,57.23369764957264,0.015167178449032235
EMR,2020-12-31,5.0,-2.4607050790138514,0.0006580056735066619,0.2056728657197247,0.4134409878888625,0.1240402121428006,0.06883877580904965,0.5549714453067799,1.3427752672765347,1.7030557314756176,0.05052227400755308,-0.7071067811865475,-0.7071067811865475,,0.3295554967733492,0.0,0.0,86.50579724137931,0.018894172848978524
EMR,2021-03-31,8.0,-2.3689834951283255,0.0004370923318761912,0.23658943067577015,0.41520159399906237,0.12470698546647914,0.09152196118488254,0.7338960270953174,1.3446211872745162,1.6431636684002615,0.057939178976642955,-0.7311566835228964,-0.6004895688229148,,-0.21787983677977354,0.0,0.0,85.19692574257425,0.023572842731849022
EMR,2021-06-30,6.0,-2.5644704372662925,0.0004932617845629054,0.24565001723075638,0.4173810724491511,0.13201098223791113,0.09841372612495954,0.7454965068557524,1.3432627507277586,1.6129393145601396,0.05850263893496619,-0.988968240214747,-0.7260336896711982,,-0.20624706136074755,0.0,0.2,80.0042398239824,0.02547194544779059
EMR,2021-09-30,6.0,-3.1978310245024506,0.00044878533049317926,0.22772768259693416,0.44308691617692547,0.17808536962573462,0.09439298303139601,0.5300434461841135,1.3043699584932258,1.5598573077326618,0.05588978977613416,-1.0057352917858302,-0.7496010520607401,,-0.21052089018802225,0.16666666666666666,0.5,-347.59058252427184,0.03013924330406478
EMR,2021-12-31,5.0,-3.1978310245024506,0.000309151015419554,0.21954264230832404,0.454598809423996,0.23090467007629747,0.1005237895351596,0.43534758089536985,1.2671591373102193,1.40843058394321,0.05243202696839074,-0.8068637544041626,-0.4137735857591564,,-0.574120709152129,0.0,0.7142857142857143,127.2058074204947,0.03490704623381108
EMR,2022-03-31,5.0,-2.427484679324264,0.00054466599946528,0.2503217683268047,0.46685825530731434,0.26578288680819506,0.10027280358142138,0.37727336317851146,1.3642621241091604,1.4759265673709734,0.044386690779513335,-0.7480783418857833,-0.5839390383071325,,-0.5069262851091607,0.125,0.75,128.72058673469388,0.032808295451319115
EMR,2022-06-30,5.0,-2.2082702801815106,0.00033493415831334003,0.22403290106046042,0.4856096284667713,0.33082155939298796,0.09961709972740022,0.3011203378346438,1.2894166370077975,1.3885208882197968,0.04849402203448965,-0.7036460642737533,-0.4527454830440145,,-1.3120934399504143,0.0,0.6666666666666666,95.4037196531792,0.039287094574105404
EMR,2022-09-30,7.0,-2.623053744088128,0.00032717060840694505,0.1963925937207633,0.4568241089539264,0.23406259055346276,0.09373164204434194,0.40045545861346216,1.2308403724027375,1.3160767977424286,0.06493196252608101,0.4921186773432112,-0.5459184153315332,,-1.9284376732463988,0.0,0.0,74.7619219858156,0.039463058706327186
EMR,2022-12-31,7.0,-2.4711186448581777,0.00017174368866529807,0.25458931615289054,0.4643748662720205,0.3327865344839883,0.13480484211134544,0.40507901655447376,1.2315285944974255,1.3101900518930103,0.10108519400532329,-0.47974200061078953,0.18195215442817325,,-1.7477480960919443,0.0,0.36363636363636365,128.79432542372882,0.06155249043434553
EMR,2023-03-31,5.0,-2.4250126891541393,0.00038199046845702677,0.21413901944838803,0.47190390722076486,0.3302498964517465,0.13187964328541302,0.39933288307535386,1.1104712366090779,1.1766170646825873,0.10585492365641272,-0.4149133642464704,-0.5577422493505444,,-1.6124239876963837,0.0,0.25,86.88265168539326,0.06858262678022733
EMR,2023-06-30,7.0,-2.392187996341647,1.4629067698387935e-05,0.5819053687439648,0.4839981292176121,0.5288310614452381,0.34665660094473283,0.3932655863052032,1.403687707641196,0.982458653470504,0.28478991347212795,-0.3956947566106094,2.039772902512369,,-1.3253925393231378,0.0,0.3076923076923077,74.31156512605043,0.06528041668449494
EMR,2023-09-30,4.0,-2.4349747225974436,0.00014853425783010828,0.61690446747475,0.48974612594790634,0.5288310614452381,0.33191259643330173,0.3807742283766564,1.738768049716688,0.8296007901506799,0.23062751813179178,-0.33782961914856197,-0.5800243728602746,,-0.49554060842866116,0.07142857142857142,0.35714285714285715,81.93412360801781,0.06145744235127097
EMR,2023-12-31,3.0,-2.3589928154583726,0.00022912489663047913,0.507680785946373,0.4854484882770759,0.5288310614452381,0.26017372434086766,0.3752587289699786,1.7518545994065282,0.74980652750405,0.17618504063734575,-0.002847006902901744,-0.7973217887468789,,-0.36995746089619613,0.13333333333333333,0.3333333333333333,115.75240845070422,0.029624033381500613
EMR,2024-03-31,8.0,-2.420739560339024,0.00010873233200155711,0.4689623732431951,0.4964607659265533,0.5288310614452381,0.23881426792385696,0.3675724959971535,1.7453000923361035,0.6913688209352403,0.16160782322539852,0.1045230527255321,-0.4565028021009715,,-0.19654534564459425,0.1875,0.5,84.50978947368421,0.02630753598642095
EMR,2024-06-30,6.0,-2.5083201014850394,0.00015060756639730455,0.13416959025617264,0.5026233567175618,0.10116135117608914,0.037863242205600056,0.37428565124335295,1.4370655544861513,0.7002494794695279,0.021952000986481864,0.02933100511298296,-1.6281344580104515,,0.039294287692185244,0.8823529411764706,0.4117647058823529,77.34478113207547,0.026468743635498993
EMR,2024-09-30,7.0,-3.1978310245024506,4.90366815223459e-05,0.11231617647058824,0.5079464898239195,0.11250857534873085,0.0430672268907563,0.38279061624649857,1.2754928206376248,0.6997944816939916,0.10116879355902957,-0.0171754916571912,0.007583435293534738,,-0.01113437797727748,0.7777777777777778,0.3333333333333333,77.24361363636363,0.029383407674098364
EMR,2024-12-31,4.0,-2.5522914763481834,0.00012019332660815513,0.14429928276340137,0.5244444444444445,0.1373789173789174,0.053912936533226,0.39243966659399265,1.3805831725775337,0.6662257700941718,0.09440997039367191,-0.26980661187110605,0.13537073365823984,,0.22966178481085175,0.6842105263157895,0.631578947368421,87.69280217606331,0.03528011015758736
EMR,2025-03-31,3.0,-2.5444098614850454,0.0003927268633991842,0.12295678796461394,0.5277178234692719,0.1360331705100534,0.054925208836193305,0.4037633514697367,1.2221448005839803,0.7469501812864325,0.09996700137195312,-0.3459352089959633,-0.24818829935633133,,0.5931760897668445,0.65,0.3,74.11278125,0.04290983115207283
F,2020-06-30,,,,0.14538211949540772,0.1194535734290998,0.057663517629446076,0.0041467742773772485,0.071913307544382,1.3376913127829273,7.730059957867445,0.2962003319433889,,,,,0.0,0.0,-95.24550924247916,0.0
F,2020-09-30,7.0,-2.032730248212257,0.0008278540640355544,0.1317377939917893,0.13569067379378252,0.061576874384582925,0.013232346323225185,0.2148914906037872,1.2685665729083193,7.268386028492877,0.2962003319433889,,,,-0.7071067811865475,0.0,0.0,110.30191407911526,0.0
F,2020-12-31,3.0,-2.3722606637720047,0.0019755317483005196,0.1084469663683041,0.1194535734290998,0.0076919762130483495,0.002689029212749664,0.3495888622468835,1.2454305604119649,7.4002446560578745,0.2962003319433889,-0.7071067811865476,-0.7071067811865476,,-1.1279994084162368,0.6666666666666666,0.0,-109.9412831012831,0.0
F,2021-03-31,8.0,-2.4651110517958226,0.0006069352784531416,0.12225585853456013,0.13579797291014475,0.03080928617921458,0.015040822251791914,0.48819119548245726,1.2362923313371137,7.209478187281155,0.2962003319433889,-0.8352035668164464,0.9371111060638153,,-0.6235884328799296,0.25,0.25,114.18141233766234,6.098056752581511e-05
F,2021-06-30,3.0,-2.5728565336486686,0.0015433665987956945,0.10604589240320098,0.14610834622122215,0.025067249125944602,0.013197563081553801,0.5264862935396578,1.2055075881480355,6.8095004897159646,0.2962003319433889,-1.052964989884667,-0.6540416620556916,,-0.8923832529418275,0.4,0.4,-1096.4066528798187,5.010778183873512e-05
F,2021-09-30,7.0,-2.508572397368784,0.0006969851230345669,0.10300352962093251,0.14323812353749582,0.02129777513650039,0.011141671581062267,0.523137816492744,1.2059937133876268,6.553139653489686,0.2962003319433889,-0.9399695714071714,-0.5799383455175503,,-0.9477004196960832,0.5,0.3333333333333333,208.94467958271238,5.249365876602106e-05
F,2021-12-31,5.0,-2.327025150921935,0.00045616990438239035,0.18533966987320705,0.15908640834378507,0.13155983893326292,0.07040585322006589,0.5351622029256288,1.2061300817101792,5.613684743386724,0.18707523097634973,-0.7666688288464067,1.1590951567678955,,-0.11570013698212714,0.0,0.7142857142857143,406.8109066305819,0.0047755316452441215
F,2022-03-31,2.0,-2.517018909155441,0.001477146202428911,0.1468686648932488,0.15007912979515414,0.08592827051244901,0.045746269394697545,0.5323774017780327,1.1973918650625308,5.12146930275918,0.1696587601005498,-0.7287981482552229,-0.7536548098528747,,-0.3816676649610057,0.125,0.625,208.30808637379002,0.01179508609387189
F,2022-06-30,7.0,-2.446945612351047,0.000489968980815185,0.1433589864872235,0.15774149310598742,0.07884372445567363,0.04629268790910434,0.5871448644607136,1.185130860098047,4.774236030392735,0.2962003319433889,-0.45294309819040823,-0.5416570494870662,,-0.06550219362698549,0.0,0.0,88.34455369595537,0.026869584342890624
F,2022-09-30,3.0,-2.4610955602542997,0.0014421622875398874,0.1293150958167738,0.1500105446301471,0.05939262930352718,0.03595111175382345,0.6053126823211445,1.1845048057299734,4.569537637753288,0.204417877571322,-0.5779405967581577,-0.6066944577416982,,-0.06251292593003221,0.2,0.0,497.42251984126983,0.04019078409777241
F,2022-12-31,6.0,-2.275908953226448,0.0005062234992026406,0.06960453060474628,0.1496928323326395,-0.0125334531213423,-0.007911784205187192,0.6312533448355738,1.1850773835536244,4.73697566116957,0.14679918651015514,-0.5059041414262656,-0.9877976126727476,,-0.05989218925705105,0.0,0.0,162.34757847533632,0.05340294352397734
F,2023-03-31,5.0,-2.537424608187217,0.0007941365517346674,0.10054209545256515,0.15161612795734755,0.017485080730665535,0.01148247688882965,0.656701393931316,1.19157529981862,4.855658454190692,0.21150232244796652,-0.47266141335530937,-1.2401461958413977,,-0.05757137213499436,0.6666666666666666,0.25,122.66086133459537,0.10402754632091937
F,2023-06-30,7.0,-2.451100776338741,0.0008121372148693901,0.11319957020029368,0.15021287370671127,0.024355343041709113,0.016131139612751245,0.6623244675768384,1.2017069797605435,4.995557088489936,0.20976334278863068,-0.48680500685772266,-0.03276978414788129,,0.19671948812401419,0.5384615384615384,0.3076923076923077,111.65139374238115,0.08962987278609716
F,2023-09-30,5.0,-2.4684576002161376,0.000935012150016059,0.12538719921127148,0.15338521936772506,0.035367449548867,0.023547214802416627,0.6657877540726135,1.204586173468611,5.041974995093682,0.2704518796843005,-0.4332710518151366,0.06676352898643687,,0.6502010747834105,0.42857142857142855,0.0,237.97741364038973,0.10888451521838532
F,2023-12-31,3.0,-2.3178545333229814,0.001520084758279752,0.1141662923544458,0.14552956734452951,0.024672088812708937,0.016339433212989606,0.6622638778996668,1.203045252420878,5.155671373288523,0.2962003319433889,-0.44159988571430553,-0.3665858007297572,,0.5300897119908838,0.4666666666666667,0.0,-1096.4066528798187,0.10812157327640418
F,2024-03-31,6.0,-2.436232036256614,0.00040624653995099925,0.16251378597874672,0.1416216886204604,0.022096521572560198,0.01450289586443749,0.6563429369103692,1.359124488383755,5.231902844270842,0.2527447597998257,-0.6371723861617893,-0.09652744994400778,,0.4995234308631218,0.5625,0.25,228.94688979591837,0.06481930705671306
F,2024-06-30,7.0,-2.4533140790673422,0.0006041273362060646,0.2102307952870522,0.13847117794486216,0.02126998913212234,0.014047294266279719,0.6604279005044356,1.5586713989410355,5.293340861689502,0.2771043154198955,-0.2616332032352553,-0.05202715122536282,,0.37387940745109766,0.5294117647058824,0.0,148.76361125862985,0.07345960851679399
F,2024-09-30,3.0,-2.4586996168584374,0.0007974966846474491,0.25585502895749423,0.13542515992404633,0.01931127320882332,0.012702423502902948,0.6577724506066857,1.8250480873580768,5.400336349342564,0.2962003319433889,-0.461261345488368,-0.09590091970125023,,0.28867513459481275,0.4444444444444444,0.0,314.5952613636364,0.08800360498966771
F,2024-12-31,7.0,-2.468627491302796,0.0007356704712722524,0.26236954334606516,0.143562964884968,0.03177975263795191,0.02093716890586465,0.6588210155185769,1.8003522289488167,5.392944350528491,0.2962003319433889,-0.4942234519192091,1.1820624988193102,,0.28867513459481275,0.2631578947368421,0.0,224.7588545897644,0.08902755483208107
F,2025-03-31,4.0,-2.553108024408404,0.0009261448463310096,0.25366235856314984,0.14068703041438368,0.02743965790653674,0.01771004651622421,0.6454179048640865,1.7804032709352493,5.386898992403579,0.2962003319433889,-1.3584749779771053,0.09003343076140004,,,0.35,0.0,875.2643573667712,0.08486134714778626
GD,2020-06-30,,,,0.1256381665405599,0.15274179620034542,0.06746545768566493,0.012444745330731552,0.18446099319023535,1.2727327471998073,2.6156947444204466,0.014503903704462518,,,,,0.0,0.0,94.19382423305589,0.008557769549096051
GD,2020-09-30,8.0,-2.376587771828062,0.0006535755852608058,0.15141321656050954,0.16041722385664617,0.07804225728804493,0.029040605095541402,0.3721138535031847,1.2833832426816598,2.5125498147241836,0.03835432664612084,,,,-0.7071067811865475,0.0,0.0,70.61365075559702,0.01715255788370781
GD,2020-12-31,8.0,-2.620493761688415,0.0005569278159950592,0.18552059451340025,0.16702083904579107,0.08435015080888401,0.048640208712151155,0.5766463752075263,1.3050523721503389,2.4289199629520866,0.08744412197338199,-0.7071067811865475,-0.7071067811865475,,1.1449817142565857,0.0,0.0,60.814675571023464,0.02530785251127009
GD,2021-03-31,3.0,-2.4533855369344577,0.0007415698985095952,0.2075627877928734,0.16517567742771944,0.08217295475171787,0.06282992401524652,0.7646058755594768,1.3149601365850603,2.3846863623399934,0.06973661110407295,-0.8809996612734571,-0.9123157825650753,,-0.4382608095529173,0.0,0.0,93.08800520255863,0.04165656885945316
GD,2021-06-30,6.0,-2.472210145154469,0.000633014769969094,0.22192667429653895,0.16796033332468005,0.08517432050050622,0.06474209716247681,0.7601128694897195,1.3564563309653155,2.3210786723025,0.07414299912799348,-1.109223335999896,-0.9722729538570486,,-0.95575495078051,0.0,0.2,92.23269420229406,0.05127029873576151
GD,2021-09-30,8.0,-2.5329733782942574,0.0005670849881196723,0.23518918282439755,0.16855502095297223,0.08554503595633504,0.06489912866002041,0.7586545254729571,1.403858192481302,2.2852054220460003,0.0783003979540408,-0.882493875295235,-0.8340950910504772,,-1.0555264902638055,0.3333333333333333,0.3333333333333333,83.71577976851852,0.052303355975340915
GD,2021-12-31,7.0,-2.4429562885529115,0.0004407267358408612,0.2377878364570633,0.16657568431724246,0.08466557487847358,0.06430753890882526,0.7595476555982803,1.424841610463928,2.164315948955844,0.05900643205785305,-0.7772988971887529,-0.7575739533516819,,-0.35163041977526355,0.5714285714285714,0.5714285714285714,77.56423276559865,0.05480414183151068
GD,2022-03-31,5.0,-2.486914889122328,0.0004652822815610623,0.24618922664150722,0.16752443335412767,0.08523081721771678,0.06445145502255506,0.756198956275614,1.4591746384485842,2.051141730512617,0.07893596564337954,-0.6849977373832686,-0.6450753844102366,,-0.22279481154992362,0.625,0.625,112.19863215859031,0.03979306542074525
GD,2022-06-30,4.0,-2.419574591522436,0.0005037734334312878,0.24336883629191322,0.1696625998283083,0.08605395281080097,0.0652465483234714,0.7582051282051282,1.4479548069881787,1.949517867271696,0.0783384280050967,-0.6282329356908042,-0.5884122860610455,,0.6613809455314771,0.5555555555555556,0.5555555555555556,97.3592791411043,0.04720724881647635
GD,2022-09-30,6.0,-2.591048135363759,0.00047327219044570506,0.23455017625625785,0.16878603789126853,0.0862335255354201,0.06615781106514076,0.7671936251518173,1.4101422725949768,1.8653925049867728,0.0782180032435831,-0.5559146961430709,-0.5401595257274413,,1.3178642468366133,0.4,0.5,83.4321839708561,0.047950517793973337
GD,2022-12-31,8.0,-2.4057570119051768,0.00043893363665104034,0.23222221133207224,0.16804121095236887,0.08602532544979319,0.06645169510629331,0.7724666516382597,1.3959880880679918,1.849414918870612,0.052805922807234056,-0.512155758692742,-0.508858273359424,,2.0513320061550115,0.7272727272727273,0.7272727272727273,86.05047351263244,0.03584786711606848
GD,2023-03-31,5.0,-2.4981239710496057,0.0004568023027624011,0.22701896939759741,0.1657309003408863,0.08497092440344897,0.06605676204951334,0.7774043005095529,1.37593923554394,1.8241363655124025,0.05228612516283433,-0.48965920579140887,-0.5061237720691351,,1.7216827509793933,0.5,0.5,102.6451318336887,0.038157308548096916
GD,2023-06-30,6.0,-2.4086360290254745,0.0004249016101486414,0.22586603521530915,0.16121295185883158,0.08242981962358355,0.06497132908614778,0.788201762212266,1.3749557664468393,1.7726920196833547,0.05719087382333156,-0.43290535301153726,-0.49507447141922756,,1.0845780527899218,0.38461538461538464,0.23076923076923078,95.97714656964656,0.03223639209894139
GD,2023-09-30,8.0,-2.4956681256195723,0.00038532101856979766,0.2299253439612513,0.1587263297551562,0.07965263538776987,0.06296660024217923,0.7905149645789037,1.3966833672146368,1.7210014269036191,0.05684363551161524,-0.3681790019627043,-0.5043510210292019,,0.5208392055896668,0.5,0.2857142857142857,88.81589654683066,0.032235002809687344
GD,2023-12-31,8.0,-2.5027536145601212,0.0003392236160988478,0.23501716067177808,0.1578349735049205,0.07842070401211204,0.062257320869348834,0.7938888288956603,1.4128594802089234,1.6683078387892911,0.05302672755232677,-0.1630688589437432,-0.287633720249019,,-1.3514502116703018,0.8,0.6666666666666666,81.57346663819875,0.025942135234480412
GD,2024-03-31,2.0,-2.441803627105429,0.0004124639621027723,0.24060850294026473,0.15794721951672,0.07847502434951997,0.06262694494695493,0.7980493853435553,1.42461846770464,1.6311964355278534,0.026427824576715362,1.101422189869781,1.0165088646433929,,-1.3237129171647872,0.8125,0.75,107.86593625482625,0.024191427429266044
GD,2024-06-30,5.0,-2.4609597395558747,0.0003454512571574768,0.2410943142957589,0.1567213990121479,0.07887242468740266,0.0647420590531588,0.8208452993521228,1.4071855399534408,1.5858067105853462,0.026831058042485124,2.2548855934713856,2.353441694248617,,-1.4925804244121597,0.7647058823529411,0.7058823529411765,98.75303726643598,0.020700372254794257
GD,2024-09-30,5.0,-2.4784630615832213,0.0003329982859063598,0.23596068399084422,0.15640880858272163,0.07902966598618773,0.0653292042547462,0.8266415331448319,1.3776958162058675,1.5400715930595772,0.027185771256448565,0.7470974851194889,1.0011509169402448,,-1.5728903844764952,0.7777777777777778,0.7777777777777778,99.70427908552074,0.020041021911784026
GD,2024-12-31,7.0,-2.5116939567688608,0.00031098395870371415,0.23508129355011614,0.1543297845586386,0.0792606253667533,0.06757191352510274,0.8525281400750402,1.3618628154857237,1.5302321376099093,0.0437373076464651,1.4149038997405448,1.4165007322778178,,-1.2487758604200578,0.5263157894736842,0.42105263157894735,75.13852968376669,0.041465595171711285
GD,2025-03-31,1.0,-2.370646390315424,0.00039511990444365174,0.23294821813919203,0.1543245000812876,0.08082019183872541,0.07063504045041605,0.87397763904553,1.3381811339014489,1.5220780093396196,0.04513094577324461,0.8806469077583685,1.6177126545208615,,-1.27517988691785,0.45,0.35,85.21497824921136,0.047884972975680125
GE,2020-06-30,,,,0.321924783418978,0.15025352112676058,-0.112,-0.007750910381073431,0.07010406367949798,2.1977065301586234,6.2756077496950615,-0.026472725775367544,,,,,0.0,0.0,-519.3967075134196,0.00393242133831313
GE,2020-09-30,4.0,-2.420243817072068,0.0009030283059062765,0.320355832592668,0.18320015067129441,-0.08424139693814406,-0.012259153253119603,0.14552409739977526,2.243667872786136,6.292365017274363,-0.06601544423255723,,,,-0.7071067811865478,0.5,0.0,330.83675291630567,0.0032265254609636414
GE,2020-12-31,7.0,-2.3676786431722725,0.000519480446500622,0.26143520383618013,0.23520515845977433,-0.0323234673358483,-0.007607432990053623,0.2353532469462708,2.022194139947689,6.160315533980583,0.03054036037101074,-0.7071067811865475,-0.7071067811865475,-1.1547005383792515,-0.9410814143950653,0.0,0.3333333333333333,461.03645998659346,0.006183922572536496
GE,2021-03-31,2.0,-2.470437107165188,0.001430370836241753,0.24573923335543094,0.24192170265651702,-0.061454611361400235,-0.018759564779677863,0.3052588628273513,2.007080275309899,6.114322464557576,0.0055520520304296805,-0.9379211902140402,0.9834797479525941,-1.1529284912129087,-0.6701920039803283,0.5,0.25,308.7198073333086,0.006356321249790989
GE,2021-06-30,5.0,-2.531721268393111,0.0009073126152221032,0.2246276117517123,0.2656565526644115,-0.05002122268383346,-0.015661700818826257,0.3131011194552032,1.906725967263227,5.991349213052904,0.021468009796611724,-1.05601661339425,-0.6586604547219861,-1.325706311069253,-1.0557778234274071,0.2,0.4,284.1708690051801,0.006124076664966645
GE,2021-09-30,7.0,-2.547013963821506,0.0005861890783473077,0.18530695740137126,0.2819152394699541,-0.019376064708253683,-0.0066988872653703496,0.3457300213555131,1.659112495205392,5.676514730822915,0.0585793742841337,-0.8794224964346223,-0.9342684903826886,-1.4340038879353219,-0.8599439947320279,0.0,0.16666666666666666,168.4352260263677,0.008204468371771478
GE,2021-12-31,4.0,-1.2871310018997155,0.001350688152558002,0.11773901530942629,0.26174542358450403,-0.1613158266361148,-0.04822415220282497,0.2822086036981461,1.593974188299682,5.040487093332946,0.02426107366901381,-0.9091260466800948,1.85665910242236,-1.0102735221752321,0.010738436761922043,0.8571428571428571,0.7142857142857143,237.35660872884517,0.006568500294667494
GE,2022-03-31,4.0,-1.4186410245355257,0.0007343670279962426,0.06757841778325377,0.19947356795759094,-0.15404579590634662,-0.042964217875660966,0.2789054879613943,1.3911981132075473,4.451391949849226,0.03989440481205501,-0.7418330149186332,-0.5087511554463969,-0.8553292694149888,-0.05697960374466684,0.75,0.75,-509.06613876680393,0.007089907933946964
GE,2022-06-30,4.0,,0.0011350001863376393,0.00997827103446379,0.19532697249168376,-0.1613158266361148,-0.04466265093379542,0.27616690045933384,1.2099681714345794,4.055818610375253,0.05667502111401291,-0.6765392880764872,-0.39953346510082144,-0.7124657182101672,0.6594824197693191,0.8888888888888888,0.0,160.29234231242762,0.013869113928202555
GE,2022-09-30,5.0,-2.453271291407413,0.0005832098904980953,-0.0102164140867241,0.16432057260600802,-0.1613158266361148,-0.04866543766143899,0.2435384786042163,1.1709081556303778,4.028473909983133,0.04644506238827857,-0.6364772821507866,-0.2796474018569703,-0.5199721075417575,0.43557621216517156,0.9,0.3,403.1254537137431,0.019210030551101296
GE,2022-12-31,6.0,-3.1978310245024506,0.0005562568551563875,0.05024711366157807,0.24887607673564638,0.011702529256323141,0.0018254158374898122,0.15598472753259718,1.1396034297963558,4.1929906249782825,0.2962003319433889,-0.6521470218364607,-0.9564200857724589,-0.6885395246890942,0.20559411241248984,0.9090909090909091,0.0,40.32913290643391,0.14011376634991396
GE,2023-03-31,6.0,-3.1978310245024506,0.0005875112713610531,0.12298381214249093,0.355670436187399,0.29017770597738285,0.04991267643597592,0.17200727487957407,1.1534621981537512,4.275547900021989,0.06716757605336131,-0.21812269060145492,1.894657141452155,-0.591687118207801,0.6604564646603575,0.8333333333333334,0.8333333333333334,194.0231191885038,0.024133494063996768
GE,2023-06-30,4.0,-2.1460701658858166,0.0014751685883623452,0.14108565379904245,0.4092508601814201,0.38684704410384735,0.05676403682146638,0.14673509255567252,1.1762073989486326,4.247830374011155,0.04785440323484066,-0.6256809255990273,-0.3341792796439015,-0.26067522252286185,-0.7571075961502585,0.8461538461538461,0.9230769230769231,137.0179895183246,0.01662302122069569
GE,2023-09-30,6.0,-2.4874648901310192,0.0006169077697458246,0.15044213335473047,0.5311902778458372,0.4941931690106336,0.05994172249984026,0.12129209033755481,1.188416629631126,4.179411402536633,0.05042105747295176,-0.6093119330212958,-0.3526661596291624,0.32975454295649975,1.6902523348388672,0.7857142857142857,0.9285714285714286,124.76278215809893,0.01637902454638818
GE,2023-12-31,5.0,-2.751140043026263,0.0007167827803200139,0.15414942808469215,0.3173560016191633,0.2257065980903398,0.05767218301289852,0.2555183743003164,1.2243394153051492,4.317819299522769,0.02597691286524489,2.988064443593179,-0.4162921425635277,-0.7387664918366008,0.8934972061898743,0.8666666666666667,0.8,177.34441373607038,0.010786220428549724
GE,2024-03-31,7.0,-1.965332573043889,0.0006540146331102194,0.1651721996249117,0.350481257026901,0.09636109359146626,0.02139708210536571,0.22205105097790875,1.403428166557663,4.388403110440318,0.03730279077813402,-0.4166630041335619,-0.6367745410497061,-0.7249005876257492,0.5893500057260198,0.9375,0.8125,150.6895033978045,0.011118354364475058
GE,2024-06-30,5.0,-2.499253789487362,0.0013830603671705591,0.17509978204328347,0.3596424496006086,0.12891919795685486,0.030757014722206467,0.23857590808546497,1.407234147189886,4.693475172070194,0.034300353983313034,-0.058321570069893476,-0.10723005662927411,-1.082304342893213,2.0068601702646256,0.8823529411764706,0.8823529411764706,131.66684829991283,0.02205676313998639
GE,2024-09-30,4.0,-2.4271632428798404,0.001172484702845751,0.1934767650204724,0.3626358913939913,0.1671932737107053,0.04253898612237112,0.2544300089247392,1.4329998414041023,5.012226591300074,0.027392084357140384,-0.04849161875287258,-0.17477880469938994,-1.737841634315647,1.8636782255309305,0.8333333333333334,0.8888888888888888,168.02375447570333,0.025407783524325926
GE,2024-12-31,6.0,-2.4340811436524943,0.001277171442470815,0.1963837898136026,0.3718766956926178,0.1692979509573396,0.04880710503919206,0.2882911740112595,1.3705684537282545,5.059572307171472,0.021045537413425176,-0.019728408070907824,-0.17053569875702804,-1.730342124605697,1.366815491171259,0.7368421052631579,0.7368421052631579,116.56230554447546,0.03794414355599079
GE,2025-03-31,4.0,-2.4283203867207446,0.0012884651748607762,0.11004061140377874,0.38109879032258065,0.17615927419354838,0.056240458130427176,0.3192591385715809,1.0938144255322226,5.458267839280843,0.019818160498364632,-0.07954188559673997,-0.17270734902664225,-1.702177248710137,1.2104064134128285,0.75,0.85,118.64079142011835,0.04029445448381246
GILD,2020-06-30,,,,0.21847534594343332,0.7931168578650593,-0.1613158266361148,-0.05969535524010441,0.09194765259055315,2.33273381294964,2.083122037261603,0.02509328425833966,,,,,0.0,0.0,87.18475016223232,0.009061751434604706
GILD,2020-09-30,7.0,-2.32664178281427,0.0002646424661859165,0.29324042050474264,0.8118600682593856,-0.1613158266361148,-0.05100503372941136,0.2006643153100709,2.7683455387834406,2.2800381883020244,0.05669996419544094,,,0.7071067811865478,-0.707106781186548,0.5,0.0,37.9199527112232,0.02385715624956468
GILD,2020-12-31,5.0,-2.0077885516863097,0.0005306869802634255,0.22738703912665548,0.8117653205161695,-0.07460425265137663,-0.023129376575837253,0.3100275889622555,2.2740705433746427,2.44055801166549,0.08477821000700135,-0.7071067811865475,-0.7071067811865476,0.6643659018930862,-0.7058767421421894,0.0,0.0,41.58194552529183,0.03729807384123792
GILD,2021-03-31,5.0,-2.6500098257856433,0.0006481366934683505,0.21402788165137251,0.8058206853387576,0.011774370208105149,0.004764335545346265,0.40463612585126885,2.0605464480874316,2.4714003131954176,0.10664141340454858,-0.8735707226160574,-1.072566583499584,0.8134200226976214,-0.5133823924570111,0.75,0.0,42.86629742547426,0.047680898681339325
GILD,2021-06-30,4.0,-2.4290926438497085,0.0006616898954096832,0.2601108169254535,0.8014115173811848,0.19378331706584578,0.07798731686313316,0.4024459795815849,1.8156766687078996,2.5602425839765486,0.09748988853103727,-1.0223456337938481,1.4738419371980267,1.0606650779484164,-1.279310580108651,0.6,0.2,56.417814597315434,0.04532727466049998
GILD,2021-09-30,8.0,-2.3415091171345344,0.000431515902231115,0.2220126134304619,0.8045265992285859,0.26904883196273927,0.10914418354054344,0.40566681796878745,1.3760496619426867,2.4578899012326776,0.1076678914631421,-0.8481166599044242,-0.059129542805709874,1.0631984185364085,-1.4058013727814032,0.5,0.16666666666666666,34.88724084975685,0.044253760889023004
GILD,2021-12-31,3.0,-2.580507179947854,0.0008504272438543623,0.19181298655212436,0.7582494048709028,0.22798022340230728,0.09204290899950467,0.40373198879220484,1.3397328481830804,2.331231760026598,0.11791497942571859,-0.7937570546758845,-0.31088381018681005,0.9832784828333389,-1.351866131704012,0.5714285714285714,0.42857142857142855,86.366109384711,0.043455571316354594
GILD,2022-03-31,6.0,-2.556496162246332,0.0009453992816471048,0.1612541993281075,0.7574257425742574,0.16434915550378568,0.06786565156286403,0.41293580946511643,1.3615821990302015,2.238972736124635,0.13266085445159606,-0.6870195810737305,-0.3448990736853089,0.7760426980204733,-0.08800043389213802,0.625,0.0,41.65728055077453,0.053941372246117676
GILD,2022-06-30,5.0,-2.400699693428562,0.0003319999576577894,0.15742528735632183,0.7559149554788297,0.1503543521715428,0.06340229885057472,0.42168582375478925,1.3768072061161154,2.157321720195972,0.1208901831778389,-0.6364513575208688,-0.22321316693639576,0.7079355250671653,0.29193636584933846,0.7777777777777778,0.1111111111111111,51.91367104705384,0.0527859312845561
GILD,2022-09-30,7.0,-2.4071532525831643,0.00042651392687706257,0.13980090384817845,0.7461674528301887,0.12286261792452831,0.05200051470215512,0.42324114185893263,1.359674461832157,2.118004644320434,0.11578446837549133,-0.6201881661314976,-0.2743119315870301,0.5221037753062828,0.7401997511788458,0.8,0.2,36.93853576864536,0.0539393393253649
GILD,2022-12-31,5.0,-2.398025390852561,0.000499824504530629,0.1706577452141228,0.7926395659983139,0.1683222755764085,0.0729821438504756,0.4335857722963469,1.364191896140778,2.054492936550318,0.07683223565323284,-0.5392800116073913,0.09016081739497629,0.28046624021722005,1.029763634489535,0.8181818181818182,0.7272727272727273,62.235360824742266,0.04416196095312856
GILD,2023-03-31,4.0,-2.599654500157682,0.0005838596837652168,0.1881632424922347,0.7916651259105868,0.2064489886477092,0.08915895462203662,0.43186917604222397,1.3192938392059315,2.0025533445216976,0.08016235481385597,-0.5407833364229188,-0.01950165849506608,-0.1713760124311209,-1.2891538859052307,0.5833333333333334,0.6666666666666666,66.9969885583524,0.04649932707397274
GILD,2023-06-30,6.0,-2.471620213647792,0.0005352069450847667,0.16888625715668898,0.794244394127529,0.20024103425608064,0.08774870869525207,0.43821541883884596,1.2077789815817985,1.964933924885525,0.09206422093102652,-0.4631411343059259,-0.1805164754798855,-1.1564660988649291,-1.3135246418539717,0.5384615384615384,0.5384615384615384,72.78488164124145,0.050993222975912515
GILD,2023-09-30,6.0,-2.372418297031687,0.0003562731273274128,0.18213863875687164,0.7881055821255157,0.21448651016757328,0.09409145689610302,0.43868239929211195,1.2200872629635844,1.9216911162583936,0.08337616791922002,-0.43805793931490344,-0.12456832464777669,-1.8102573818558125,-1.5747032282749382,0.35714285714285715,0.5,49.840486366986,0.05351403902225466
GILD,2023-12-31,6.0,-2.528747917015142,0.00044508890145105606,0.1858237070334645,0.7603628853813247,0.20880660864434283,0.09106151316186256,0.4361045550860235,1.2534003981976318,1.8579669508859828,0.07292486498089015,-0.4450889613969032,-0.2399412125938226,-1.5102681507943065,-0.7524527389046991,0.6,0.6,70.80157370517928,0.04498343760344127
GILD,2024-03-31,4.0,-2.475076511328739,0.0013609386092343543,0.06137722826846985,0.7577777777777778,0.0175591985428051,0.007930044503672993,0.4516176797216258,1.202892199824715,1.9103402044578515,0.08646553776846,0.371060773895732,-0.9537224374564606,-1.3193409310371487,-0.7977200443933091,0.875,0.375,58.61511835640911,0.04980143470609326
GILD,2024-06-30,7.0,-2.4536701841489394,0.000326031343602662,0.08350628072091754,0.7572019420967452,0.03783492177665888,0.017954669579464774,0.474552839978154,1.2424448650602922,1.9062895265494408,0.08032052713753789,0.7260845716783719,2.2720784906741907,-0.8947339402802829,-0.9324472605527622,0.8235294117647058,0.17647058823529413,46.33216256524982,0.052987780304833525
GILD,2024-09-30,6.0,-2.5096267670958436,0.0004937348440327836,0.05827653187356525,0.7611223011413831,0.004381780274921376,0.002189652127847431,0.4997174642415681,1.2226923076923077,1.949837871625581,0.08967487246916736,1.4660608024355197,-1.4991184134085827,-0.4593996511716951,-0.7312563179196186,0.9444444444444444,0.6111111111111112,45.36043907095132,0.043401192519814454
GILD,2024-12-31,5.0,-2.5490653307965054,0.00041912414240182877,0.08069080670215005,0.7826041594212979,0.016658551853655144,0.008576889847845258,0.5148640724111535,1.269043009847656,2.048125204671979,0.08946447114516867,1.095569469918328,2.6607576083676734,-0.6197222746852599,-1.6007284449943786,0.8421052631578947,0.8421052631578947,62.58653278688524,0.04033497651047585
GILD,2025-03-31,4.0,-2.4584279919944825,0.0005377725634119982,0.2370216611343241,0.782878023316513,0.20755176613885506,0.10672201991643329,0.514194708634928,1.3483383492348082,1.9839409432526598,0.06978757851988662,-0.4149253259617237,2.3976466453892495,-0.18801375169397702,-1.3212125861975952,0.7,0.85,71.57658634538153,0.034663408731563795
GM,2020-06-30,,,,0.0439952007072642,0.1194535734290998,-0.04517820956013827,-0.0031911086787210306,0.07063380133454017,1.1231387348531525,4.461453567240706,-0.06684038004386833,,,,,0.0,0.0,-189.68006589785833,5.520348002738093e-05
GM,2020-09-30,7.0,-1.9482745745231724,0.00040417606650707346,0.06496984530789637,0.1194535734290998,0.06289946036970416,0.013776021257067178,0.2190165253580215,1.1146132347467304,4.215309122304674,0.1509158875256253,,,,-0.7071067811865477,0.5,0.0,53.21711347197107,0.013034285337180523
GM,2020-12-31,6.0,-2.5307741648616737,0.0007796711222286901,0.0684668725435149,0.24860764569595437,0.06831447157369452,0.02582678270634475,0.37805727119595733,1.0804514778728027,4.046112000453329,0.16225621185479092,-0.7071067811865476,0.7071067811865476,,0.5772548273306427,0.3333333333333333,0.0,90.73972292494881,0.002785585108031254
GM,2021-03-31,5.0,-2.382629199633967,0.0006410515050682183,0.08540793070336797,0.22412269938650306,0.07488752556237219,0.038514489209737796,0.5142977941988471,1.0792686026561606,3.86047510236631,0.10743991068150997,-0.9365457213289383,0.4574499124913136,,0.585738032603688,0.25,0.25,83.28316753127861,0.002912456087294749
GM,2021-06-30,6.0,-2.566663682909136,0.0005745189350492545,0.10384397521042762,0.2313823502030235,0.09129970853414877,0.0533945359493822,0.584827014309811,1.0742955972622872,3.5479086112645475,0.20750771155174932,-0.9927544944843664,0.35279398684465346,,0.47467280967715647,0.2,0.0,94.81216169326856,0.003000693263616077
GM,2021-09-30,2.0,-2.411369746918468,0.0005960674101043634,0.09098698589570896,0.22950556752050588,0.08495623883059157,0.04664322066323188,0.5490264317873297,1.0673938513836863,3.291012383218557,0.08149956088264206,-1.0602406748434938,-0.029699191359979768,,1.0233346701433266,0.3333333333333333,0.0,158.19913069908816,0.009932031538855775
GM,2021-12-31,7.0,-2.4202545490874923,0.0005193116941606994,0.09198610466751567,0.20833989480646278,0.07888727914081446,0.04159466273097046,0.5272670471588156,1.0910979418003113,3.040548531169403,0.08685015418518337,-0.8453524203206619,-0.005274793770515781,,0.36007970059821837,0.42857142857142855,0.42857142857142855,175.83467763157896,0.0021625339596310716
GM,2022-03-31,5.0,-2.011847370003104,0.0004333531287415852,0.09429174999411204,0.21459056463538914,0.07612501819797868,0.04069348914413626,0.5345613059599476,1.10099626235352,2.894029172282344,0.15247812802240668,-0.65617612000492,0.07660244451137509,,-0.7210992874744333,0.125,0.0,111.84520947176685,0.002851951903935039
GM,2022-06-30,4.0,-2.442909737405994,0.0006110552206417211,0.07184798655443139,0.2232912695588981,0.06654756587762393,0.03558097342759802,0.5346697953314897,1.0564565554874576,2.7840640196040893,0.12482698738834776,-0.6292932833995332,-0.033156036667882964,,-0.9917587242140729,0.1111111111111111,0.0,107.89551039697542,0.0037181592317810197
GM,2022-09-30,7.0,-2.3654042334544436,0.00038870155063295257,0.08282629912873396,0.23022892466544392,0.06572923035119897,0.03831115739210139,0.5828633195216253,1.0732519389780795,2.7331717267271705,0.23657297070931035,-0.3813233911688181,0.19964201223993086,,-1.310290531662478,0.1,0.0,68.3176437629018,0.03819901687793403
GM,2022-12-31,6.0,-1.2871310018997155,0.0005157626481900091,0.08451278783805309,0.19039901999566144,0.06337488994091901,0.038590793067410534,0.6089287587463529,1.0742536593120835,2.715737048198206,0.18933728409216846,-0.4674945071654959,0.10529578717061873,,-0.9510736933781802,0.18181818181818182,0.0,90.47003065134099,0.00827009591644745
GM,2023-03-31,5.0,-2.4794343105703383,0.00043064247398144135,0.07990393125917988,0.1925718551698395,0.05842354112230932,0.03594348785027055,0.6152226852361291,1.0709980902935656,2.6728719385119297,0.16229346765875824,-0.5305294381961921,0.0016553394476344705,,-0.13210338802001453,0.3333333333333333,0.16666666666666666,93.66502908103917,0.017073288354228344
GM,2023-06-30,6.0,-2.4437725644813053,0.0004139939247053622,0.10363358544055057,0.19190115950226244,0.060479119532428356,0.03846719561402769,0.636040932993443,1.1229698955787604,2.6522842986970327,0.2273718517456363,-0.43254098421636883,0.1922399477593313,,0.23118406460357402,0.23076923076923078,0.07692307692307693,88.68638938687701,0.027931375448470346
GM,2023-09-30,6.0,-2.4482295409188315,0.0003931390948902063,0.10217173030161339,0.18998552081455594,0.05828308261276611,0.03682966509550524,0.6319100405207155,1.1237836919683901,2.613942772154294,0.26932167299911564,-0.4923839688818671,-0.5019797855009402,,0.9184848476089617,0.07142857142857142,0.0,80.43614209827358,0.022032608260225132
GM,2023-12-31,4.0,-3.1978310245024506,0.0005885706106593243,0.09956778740679732,0.1775584548596967,0.05893786152395805,0.03690935197265326,0.6262417912405887,1.117080784351456,2.692672587807832,0.19922279042265137,-0.5532095417016815,-0.23961240540339435,,1.3809798248129992,0.13333333333333333,0.06666666666666667,269.10668845315905,0.14011376634991396
GM,2024-03-31,7.0,-1.2871310018997155,0.00044987788925739624,0.1082110123230214,0.18180258590618228,0.061256583424352806,0.03869956177587347,0.631761675439579,1.1326717443488166,2.7709879465547718,0.16333091066423513,-0.247936388160738,0.26208997176023835,,1.5026886722421224,0.3125,0.125,68.52915440192668,0.14011376634991396
GM,2024-06-30,5.0,-3.108114383642766,0.0004775366276214296,0.11217362353150219,0.18546593895290076,0.06220380477506008,0.03976599160563537,0.639285518778734,1.1386519312488108,2.8486405835543764,0.11191672974962104,-0.06596096389224368,0.5543760688644129,,1.5933072059203752,0.17647058823529413,0.11764705882352941,67.01591425619834,0.14011376634991396
GM,2024-09-30,7.0,-2.4523518873437085,0.00044944883401828697,0.1178561369105981,0.18876185576602067,0.060590968546987964,0.039472323736518405,0.6514555664497728,1.1552075321575388,2.936909148331403,0.10858925851697082,-0.07619137656926088,-0.03500717896679414,,1.5407915341379292,0.1111111111111111,0.1111111111111111,71.19879211175021,0.14011376634991396
GM,2024-12-31,3.0,-2.5645914745946445,0.0009907813263987952,0.0974587031509033,0.19406209987195902,0.03204758856167307,0.021290150514311133,0.6643292512739268,1.1679388708527991,2.9985261449834013,0.08564422109991675,-0.24124542220003187,-2.902141318309735,,1.5097897884671472,0.8421052631578947,0.2631578947368421,176.67823258869907,0.13463362278021135
GM,2025-03-31,6.0,-2.3028121583354793,0.00033735230532236734,0.08659767271047139,0.1920231790539465,0.030841726542351657,0.020498911480289813,0.6646486360658456,1.1398369080505886,3.0783770079725548,0.15813578032113532,-0.810865345368064,-0.015987247055184943,,1.328152524136769,0.7,0.0,77.88012526096034,0.14011376634991396
GOOG,2020-06-30,,,,0.4891910719158899,0.5155495208501971,0.1817113612032274,0.024988150467517917,0.13751561983827185,3.4144715745109715,0.34328243022930516,0.008297445943968546,,,,,0.0,0.0,173.56643496788345,0.006609404744021446
GOOG,2020-09-30,6.0,-2.3607474585842088,1.0751228924181162e-05,0.5484743005010948,0.5303658103468687,0.21553214158872971,0.06302543553705418,0.2924178040104892,3.412201441355135,0.3747673959290123,0.018777768074252424,,,0.7071067811865481,-0.7071067811865467,0.0,0.0,102.95491361812182,0.013711238245811625
GOOG,2020-12-31,5.0,-2.2576538267127897,1.1310293983453805e-05,0.609871722436371,0.5349018165355668,0.2364962367721125,0.11177231651828548,0.4726177382094632,3.2801630215478976,0.39603382774360363,0.02929121074355135,-0.7071067811865476,-0.7071067811865474,0.9874497407940391,-0.9966116154737027,0.0,0.0,86.9967484377995,0.017742968606403422
GOOG,2021-03-31,7.0,-2.5172332884440465,1.185186943678633e-05,0.6815359762700846,0.5431559573321402,0.26114743596261986,0.16779180135342842,0.6425175140430857,3.2323642509000954,0.402895741172939,0.033699999596203026,-0.8840217268468031,-0.8252082227654176,0.8808901616361219,-0.8715239431818755,0.0,0.0,96.95616259658088,0.022611886848721435
GOOG,2021-06-30,8.0,-2.3515907169679577,1.120896333817355e-05,0.7154438982284965,0.557228792590743,0.28569677433999957,0.1964473157418673,0.6876077484447933,3.174884843776014,0.4189162851783195,0.03220282004148513,-1.0292269800871003,-0.9695583743176928,1.1360782258839404,-1.208727368227926,0.0,0.2,98.77091854759568,0.02200107932040237
GOOG,2021-09-30,4.0,-2.4373161430051122,1.099499991204672e-05,0.7274735408247155,0.5651059738305255,0.29521341081058483,0.2124646765967081,0.719698593682893,3.0731473826204256,0.422399322127467,0.03412251177394542,-0.8849085799955394,-0.9088275326440451,1.1588908912888465,-1.0702619370912032,0.0,0.16666666666666666,96.18736932147783,0.023232868134668974
GOOG,2021-12-31,5.0,-2.3367213861767246,1.1279813293348349e-05,0.7341861720348273,0.5693980290098084,0.2951167728237792,0.2221314929741234,0.752690166840375,3.0353960291700037,0.4206074000290523,0.043612786745085015,-0.7788127026357229,-0.8368067082578368,1.0604512554362138,-1.0725138990449772,0.0,0.0,74.83962098240804,0.032719352367074614
GOOG,2022-03-31,5.0,-2.5633128176546434,1.1895910605164786e-05,0.7117958423447311,0.5692920609320322,0.27572928303506034,0.2130973431087643,0.772849879284196,2.9779587650015387,0.41647608605638353,0.03672788879631573,-0.7455999598113996,-0.8679780840760734,0.9183981074365388,-0.446960222378409,0.125,0.125,98.59254996516373,0.027780307450938006
GOOG,2022-06-30,6.0,-2.4334861548265825,1.204466459872155e-05,0.6843476030196933,0.567439301931768,0.2589208992625989,0.20301180025821874,0.7840688057101297,2.8975807939423595,0.4110150403977626,0.045018837432741,-0.7171212524072831,-0.7983382930198432,0.6529350312345635,-0.31010135011474743,0.0,0.0,79.74508713309001,0.03769468661623079
GOOG,2022-09-30,3.0,-2.4916927613102473,1.3395123940517022e-05,0.6408383246934545,0.560995062262285,0.23745803986345898,0.18741030239109696,0.7892354476557626,2.778614392490189,0.4091125907178984,0.0496650239377522,-0.690220627399338,-0.7826627588692818,0.27073438779584597,-0.2873492211994094,0.0,0.0,79.54809162532827,0.045551551007600354
GOOG,2022-12-31,4.0,-2.3415871151307,1.401265266476857e-05,0.5870592004457446,0.5537944250378312,0.2120380715326196,0.16707619445605237,0.787953754004736,2.6340991797541196,0.40876163788409065,0.046875502895652454,-0.6673605410013331,-0.7765244444977988,-0.0023715710431920344,0.0029205240146477304,0.2727272727272727,0.09090909090909091,76.23080114471365,0.046317777365449224
GOOG,2023-03-31,6.0,-2.5560408029837105,1.3200915359381238e-05,0.5578080299959605,0.5530195494216688,0.20584866414627634,0.16182074927754894,0.7861151295233031,2.5058100773295866,0.4113819252438643,0.046423493842194616,-0.6171014894982282,-0.5889666892986042,-0.39465884243162713,-0.9098749437328139,0.3333333333333333,0.16666666666666666,82.63680734998565,0.045405941247398
GOOG,2023-06-30,6.0,-2.418223728831202,1.2700930390253965e-05,0.5400471798457238,0.5543551467718483,0.21052322549226163,0.16517823873652318,0.7846081511923005,2.347687711554701,0.42228453322155896,0.0460435153251839,-0.5567528106734811,-0.4460198408603724,-0.7739930926250566,-1.0388191148122534,0.46153846153846156,0.3076923076923077,75.72228821320634,0.03906905029948686
GOOG,2023-09-30,4.0,-2.4474522170409934,1.3817632007408049e-05,0.5396882159906504,0.5587853210021135,0.2245870522192157,0.17624710302342012,0.7847607477005765,2.223598249922226,0.4323219350451729,0.04636768358001672,-0.48337944142973793,-0.16262454194596979,-1.0349116412404529,-1.0199121980823702,0.35714285714285715,0.35714285714285715,83.78624607599681,0.036273103493759375
GOOG,2023-12-31,6.0,-2.314725574106632,1.4810587395011573e-05,0.5477960709907852,0.566250479840205,0.24006649446638517,0.19023767141562659,0.7924374113034097,2.1565725580922357,0.43058741526955163,0.03884035525821786,-0.3422205099761752,0.1554023965543369,-1.1257377310904306,0.30479753646944413,0.3333333333333333,0.4,80.43223952399038,0.03437423138069546
GOOG,2024-03-31,7.0,-2.5173041232373854,1.10364711065786e-05,0.5615703584215636,0.571165439766648,0.25901944390311366,0.2073762957715554,0.8006205736783397,2.112971825968434,0.4235584819885255,0.03575151398823572,-0.18102405889813616,0.7547924722796225,-0.7626908837845687,2.234064306671662,0.3125,0.5,80.53257341394472,0.03240558074351479
GOOG,2024-06-30,5.0,-2.417740506574147,1.1587203688496914e-05,0.5635397474622553,0.5734699223842771,0.2670157546514603,0.21627376369567913,0.8099663032167691,2.090607673232844,0.4095409580082387,0.026103401746429958,-0.08682269523463838,0.422723900424493,-0.6054732275378074,2.5021414971446827,0.5882352941176471,0.5882352941176471,89.20552670920692,0.028266410853587207
GOOG,2024-09-30,7.0,-2.410611167802575,1.0463775166010087e-05,0.5648603015026789,0.5784487096119273,0.2773767944941873,0.2278710497722353,0.8215216784366242,2.067657238597033,0.38929136634777245,0.026298801724777016,0.2692490843493963,0.6558124116730402,-0.35583878908283845,2.226377564820159,0.2222222222222222,0.5,78.4883065109919,0.031933283365468725
GOOG,2024-12-31,4.0,-2.4364067153726103,1.0394563089855987e-05,0.5575572551364292,0.5820043540617911,0.28603671811164,0.2352062265584897,0.822293823363925,1.997069281327443,0.3811177806619079,0.030094801188029128,0.2933299593619632,0.49675334646975344,-0.07721024705962654,1.8981886664135073,0.3684210526315789,0.5263157894736842,81.8573789228981,0.028779983792383692
GOOG,2025-03-31,6.0,-2.46651516952234,9.823948158127198e-06,0.5582904963443134,0.5859059861611896,0.30856821966400994,0.2507440703102674,0.812604974625367,1.9007782215781226,0.37771110538793656,0.03775202822684681,0.3136526168985323,0.9591628580836774,0.02497070442945625,1.829184160191955,0.0,0.25,68.77268607462588,0.03599250874244229
HD,2020-07-31,,,,0.23140381063631627,0.34007831182823955,0.11384122145428745,0.06838308418443859,0.6006882508011177,1.2959626430844249,-14.793496511909352,0.030237881476527714,,,,,0.0,0.0,63.030953496755586,0.006148299287038598
HD,2020-10-31,5.0,-2.4326394283098143,0.0028831210227982526,0.3167746491847576,0.34079257986562184,0.10845241587394712,0.11920041760063868,1.0991033868640034,1.3281042061539703,36.117862222020484,0.03742782335903811,,,,0.707106781186548,0.0,0.0,81.42619796484736,0.011801189913318121
HD,2021-01-31,3.0,-1.9804886671971222,0.0028099680760556253,0.3510487978531136,0.339220028887819,0.10227250842561386,0.15864156654999528,1.5511653032875445,1.296632765255635,36.117862222020484,0.03837795775245004,-0.7071067811865476,-0.7071067811865475,,1.1397855883197479,0.0,0.0,101.63598334279764,0.017600866504197128
HD,2021-04-30,6.0,-2.31802693589389,0.002481036296970689,0.4099467478128566,0.33937035726918996,0.10446409621506898,0.21602247125259677,2.0679111683295783,1.243707594659663,36.117862222020484,0.04888987563416946,-0.7308035987125894,-0.5300580129709569,,0.6728600389675873,0.0,0.0,79.85314786291875,0.028975823064117126
HD,2021-07-31,5.0,-2.522312599642491,0.002755320096327317,0.3848039425144924,0.33718104075061456,0.10553612851850569,0.21708043128373855,2.0569300232163967,1.1838228868281788,31.462836666281355,0.03294908230608458,-1.1503041978910784,-1.1687222754848117,,0.6213822653305564,0.0,0.0,68.90241978167383,0.0382454952229282
HD,2021-10-31,4.0,-2.418157812740114,0.0032012326348077554,0.3670128385630846,0.33717899241023974,0.10790865205587039,0.22217265846076642,2.0588956884174134,1.1280851348894185,34.20402404612931,0.03050992709857822,-0.9118259242211157,-0.8986643988703419,,0.859859869512246,0.3333333333333333,0.3333333333333333,89.83976323387873,0.04262019949104616
HD,2022-01-31,2.0,-2.516141996219843,0.000816172990945943,0.35437738297200627,0.3362861131141793,0.1087147799969568,0.22804369923987747,2.0976329000183873,1.0766678785675332,36.117862222020484,0.036242015823101076,-0.7829419390754193,-0.8090081340297752,,0.3755551804746626,0.14285714285714285,0.2857142857142857,108.48582365489453,0.05552623588120527
HD,2022-04-30,7.0,-2.3744494087084385,0.0006406269540021213,0.3534989717461154,0.33582407498443284,0.10827516140661357,0.22609951307644666,2.0881937291911186,1.0799030617226961,-14.793496511909352,0.03607845340121768,-0.7321047142448306,-0.7873047344571218,,0.6952646312355032,0.0,0.0,72.60063873755401,0.06438203839431733
HD,2022-07-31,6.0,-2.502218637797262,0.002919965941263824,0.36855287101537515,0.33530878194268193,0.10876777098538383,0.22717869888563366,2.088658219502925,1.1099308539146173,-14.793496511909352,0.03512571179410206,-0.6454511692900263,-0.6646035938947951,,1.0086000023572537,0.0,0.0,58.131862299059755,0.06134599393445254
HD,2022-10-31,5.0,-2.452809220014294,0.00281326393500183,0.3910285786394097,0.3351367846857099,0.10868390435562111,0.22707498987161862,2.0893157199120655,1.1650268899401046,-14.793496511909352,0.033541185694283236,-0.6095993772413117,-0.6443959503067694,,0.9813142263567777,0.0,0.0,68.35595487364621,0.05563789832468693
HD,2023-01-31,5.0,-2.5726028513510326,0.002775348698660879,0.42069197881604037,0.3353049179494673,0.10867010158637383,0.2238120005364684,2.059554534957132,1.2589597674484665,36.117862222020484,0.03514655541897302,-0.6065959517522702,-0.6396772901324899,,1.0425076095621417,0.2727272727272727,0.2727272727272727,97.68991519263388,0.04347765871722471
HD,2023-04-30,6.0,-2.2454955892091153,0.0027844388312398744,0.4281145056657131,0.3350839796599723,0.10752349889568032,0.21925753300907955,2.039159209484096,1.3064070726134895,36.117862222020484,0.04309452593755064,-0.605002367125953,-0.6733824299974669,,1.399554508544389,0.08333333333333333,0.08333333333333333,77.5434224489796,0.04909228541635914
HD,2023-07-31,7.0,-2.5267881098938223,0.0023939823683695543,0.42771004038107185,0.3348743510937782,0.1048128825641158,0.21213784451327086,2.0239672769566526,1.343508855073509,36.117862222020484,0.048587164459174596,-0.5565769917562824,-0.6684862460590841,,1.474486944562383,0.38461538461538464,0.38461538461538464,69.10769373315364,0.04624575829186297
HD,2023-10-31,5.0,-2.4171329085506024,0.0028804700583128944,0.41077970439147626,0.3342441156953823,0.10216375866869641,0.2060926196295871,2.0172771863055496,1.322256239946033,36.117862222020484,0.06245312367761347,-0.5260722122759606,-0.6874244291465504,,1.3117591163222433,0.07142857142857142,0.0,76.10243701037476,0.05608896683398774
HD,2024-01-31,4.0,-2.6040221659757967,0.003069824291647101,0.3940593020204671,0.33379402498215094,0.09918844035134834,0.1986748884807137,2.003004460771451,1.309153894604241,36.117862222020484,0.051202707255411636,-0.4214896742571698,-0.6134331398095165,,1.034809136959182,0.5333333333333333,0.4666666666666667,123.13177032108764,0.0456818536646827
HD,2024-04-30,7.0,-2.281328310725371,0.0023813218719138723,0.3904641821892345,0.33482184021603106,0.09793848383060001,0.19329009112061457,1.9735867205677815,1.3263780489099848,36.117862222020484,0.05395024235533481,-0.8703193227403488,-0.6711390579438081,,0.7504915476408207,0.4375,0.4375,92.68442395264117,0.04173475168953809
HD,2024-07-31,5.0,-1.9847043605100345,0.0021584361379727974,0.35182443941337604,0.33595460552702694,0.0971273399128142,0.18004588903142454,1.8537096680815277,1.2782020822074254,36.117862222020484,0.04594009792376386,-0.21746100434989304,-0.16238680357912016,,0.3247765093815362,0.7058823529411765,0.5294117647058824,76.79123015873016,0.03262738150313328
HD,2024-10-31,4.0,-2.422414420090745,0.002348597525037404,0.31626604167262123,0.33495045149939195,0.09450438562446635,0.16703346957441334,1.7674679166547576,1.2319744374402688,25.76893649579189,0.04253264917917486,1.0849307770184538,-0.18127932892098558,,0.6060466576040491,0.7777777777777778,0.6666666666666666,102.78904391088038,0.026972298150545884
HD,2025-01-31,4.0,-2.614846667347433,0.0022513148880455138,0.28707921582638396,0.3341901024361498,0.09281943904610254,0.16029924836044054,1.7270008309447056,1.1750079375878804,18.793153326904534,0.03982483415670517,2.0840110605573314,1.120451482727072,,1.1545605219384154,0.8421052631578947,0.7368421052631579,135.18564248845422,0.02240192661935826
HON,2025-03-31,,,,0.11589513148448509,0.3853593972714315,0.14752596212583996,0.019264005956021166,0.13058044616979977,1.2525485931765665,3.1715933669790917,0.002673906660088018,,,,,0.0,0.0,98.33114833551637,0.018782563856228028
IBM,2020-06-30,,,,0.02411413748378729,0.4799977928599018,0.07504276333940296,0.008819714656290532,0.11752918287937743,1.0393319806461683,6.453547950502707,0.028016773883534945,,,,,0.0,0.0,129.26116162867845,0.014961401377039633
IBM,2020-09-30,7.0,-2.5416382006010965,0.0012329556802538303,0.04085532567695985,0.4800470799237754,0.08569667077681874,0.01983608311954516,0.23146853827267802,1.043984509916793,6.337275712721907,0.0609479427224068,,,0.7071067811865475,0.7071067811865476,0.0,0.0,106.79931117496695,0.028248189864127228
IBM,2020-12-31,4.0,-1.2871310018997155,0.0014443429552052002,0.0467867619502992,0.6100239298059027,0.11733581494283435,0.028514014706072392,0.24301203106625485,1.0228449091190481,6.399423089182125,0.10494901743700992,-0.7071067811865476,-0.7071067811865476,-1.1546172469684675,1.13587559288188,0.0,0.0,-562.6869434351556,0.04077963420660106
IBM,2021-03-31,5.0,-1.2871310018997155,0.0014669650570035718,0.04934233496376398,0.5899954721735535,0.10567553201960746,0.035031961443958974,0.33150494513203876,1.0009944454984985,6.274160050319839,0.13677493788281517,-0.2297108059091501,-0.7735659501277502,-0.8613339250626312,0.4858830202253718,0.0,0.0,349.0009027385892,0.05087345270931848
IBM,2021-06-30,7.0,-2.408253215255625,0.0012806433898141464,0.035063579614889186,0.6210867525377463,0.11377207199522306,0.03524127225286521,0.30975327806585856,0.9523055938129039,6.070819710415694,0.12859356634464245,-0.8613781440030619,-0.8804199324417425,-1.0542684342984197,0.6415621487183507,0.2,0.2,184.0734387762289,0.05091144089122252
IBM,2021-09-30,4.0,-2.507554682893381,0.0014260334027050732,0.014765591946651266,0.6528345310224978,0.11194871072284064,0.03201327002760112,0.28596372232332934,0.8997924238047574,5.872956163529995,0.11780454085979365,-0.7495737427468218,-0.8612972950412904,-1.2777727584226486,0.567168393230927,0.3333333333333333,0.3333333333333333,207.35085427135678,0.05134004327255962
IBM,2021-12-31,7.0,-2.3010893370521375,0.0012135152350711898,0.017870793602479798,0.5490148212728858,0.10015693112467305,0.04019179265961001,0.40128818054119675,0.8717340999929879,5.73066145477665,0.09747381801185034,0.2207788833481414,-0.26345656437914694,0.16219070778045366,-1.264504981251254,0.0,0.0,79.33182234185733,0.05144086304393038
IBM,2022-03-31,4.0,-2.725990660285514,0.0019037426401799491,0.01565469363983131,0.5447909527073338,0.09461960246744346,0.0397047668010052,0.41962517031993185,0.867888441665953,5.740443216652733,0.0814583905756256,-0.5494682023658708,-0.6832331897832001,0.18808408497258708,-1.309138543352035,0.125,0.125,223.1540434372049,0.05027311211738776
IBM,2022-06-30,6.0,-2.469734675944977,0.0012324082080280917,0.021123592157797508,0.5400908222598321,0.09362065787489318,0.04161700732971813,0.4445280376616411,0.8772090549086825,5.71733256611043,0.06590327511856592,-0.4965420860421263,-0.5309745876267252,0.26202716814232885,-1.3698029849284192,0.4444444444444444,0.2222222222222222,137.70357434733256,0.046654221593982415
IBM,2022-09-30,4.0,-2.3777324677350724,0.0024401947808544407,-0.014674158256624234,0.5377981893874314,0.020815436463358223,0.0097179856004134,0.46686436854303487,0.9059737662037928,5.672026964441929,0.07262410825652511,-0.48562569844593645,-1.6939458076202554,0.31685431596448066,-1.3852590625299155,0.9,0.0,152.51620252277505,0.05590408538398068
IBM,2022-12-31,7.0,-2.2849280519387847,0.0006941937163828622,-0.006734790384319737,0.540022138148656,0.027061408581010755,0.012750331310119895,0.4711628839256698,0.9176670237974208,5.363242359700827,0.07266249596540957,-0.49645164220206095,0.2954984062040137,0.3186643221130506,-1.1904234827295794,0.7272727272727273,0.2727272727272727,71.98629222297272,0.04918145243223971
IBM,2023-03-31,4.0,-2.6509395765426746,0.0014921923661484731,0.013407982015864465,0.5424204410405388,0.030272019014921433,0.014265962184310164,0.4712590256130027,0.9774610195022675,5.172031782610783,0.08016496645181348,-0.46718397122162403,-0.05704556810580454,0.33019627807220614,-0.9788941800241532,0.6666666666666666,0.08333333333333333,227.58747704590817,0.05180593425548506
IBM,2023-06-30,7.0,-2.4686932000846613,0.0010213738276512736,0.02897890519768067,0.5464443856982354,0.033457801863723484,0.01560865066105526,0.4665175173381277,1.0245628576438146,5.0263845501736135,0.08887476862386626,-0.45042851354715924,-0.08575966234414906,0.45951077925847156,-0.8411577432164098,0.6153846153846154,0.3076923076923077,120.8176828631139,0.0515774377400142
IBM,2023-09-30,5.0,-2.4980281524737658,0.0011460443363277392,0.07801751860586201,0.550367827366356,0.11320908942291973,0.053022878319193896,0.4683623778751034,1.01311945229471,4.86189407540395,0.09434769568080152,-0.30163150091450125,2.9087981373868423,0.6778952644064128,-0.9208145027219206,0.0,0.42857142857142855,126.61953698775945,0.04850491658211486
IBM,2023-12-31,6.0,-1.477839425777809,0.0010077190165865254,0.0794494824758206,0.5544868167930294,0.12127580465251621,0.05657510227936879,0.46649950038649346,1.000824780058651,4.91228695952649,0.08520376683580119,-0.27172542147726614,-0.17109572028547115,0.5059466234138413,-1.1629652619469455,0.13333333333333333,0.6,70.50203057939915,0.042277628289248935
IBM,2024-03-31,5.0,-3.1356028677662433,0.0012974099969769678,0.08437995138048701,0.5563575433395631,0.13175871624669716,0.06126508122605077,0.4649793423255709,0.9953230425157347,4.843564291420879,0.07553772492221589,-0.16623012719593155,-0.1477701406621596,0.2931878684589293,-1.0895025706818218,0.25,0.75,297.2065987654321,0.037230269057027976
IBM,2024-06-30,7.0,-2.3165919739924674,0.0010308940036937871,0.09056716507087696,0.5609345434719861,0.13516243866457137,0.06295278354519246,0.4657564939429698,1.0083869423185339,4.74624751890993,0.08083934306771694,-0.2249767199715989,-0.23155534204000347,0.015450627176210823,-1.270176391187003,0.058823529411764705,0.6470588235294118,125.32135359116022,0.04195428245553589
IBM,2024-09-30,3.0,-2.4955552930713525,0.0018555698833558109,0.07885755510132354,0.5653674672803106,0.1022100771849082,0.04732563194258178,0.46302315041759545,1.0444435745880143,4.7157644322266865,0.06388174089500338,-0.3341324256336357,-0.5756745710539215,-2.0859893895024917,-2.0625030720816464,0.6111111111111112,0.8888888888888888,195.32499816289038,0.03359177939313956
IBM,2024-12-31,7.0,-2.277841224599355,0.0005439139610942045,0.08638384463957885,0.5665657370517928,0.096,0.044413970051536134,0.462645521370168,1.0882186965915321,4.460385676040178,0.06233060392908377,-0.6297391577469449,-0.30224947933548935,-2.2812994483102744,-1.4297103049413824,0.631578947368421,0.8421052631578947,88.30959866962306,0.03316215240692028
IBM,2025-03-31,3.0,-2.6004413634647476,0.0013115759417194734,0.07069161388672122,0.5704440553875537,0.08713990132102499,0.03974375260875088,0.45609131989183893,1.054524654832347,4.350896784781363,0.05620564133635703,-0.6940601261750902,-0.33938157022885806,-2.069995202725133,-1.3345201931078292,0.7,0.9,290.4568317991632,0.02888339549488112
INTC,2020-06-30,,,,0.21920820249247733,0.5325932684509327,0.2587692619626926,0.03346685110037433,0.12933085964900778,1.9745562919798942,0.860004877453969,0.03023271819173934,,,,,0.0,0.0,57.28018226428321,0.0055089170327443475
INTC,2020-09-30,3.0,-2.517705629729249,0.00010308749520432412,0.23561182001343184,0.5319881243267387,0.24647276739970048,0.0630020147750168,0.2556145063801209,1.8203529701971162,0.9020975447740222,0.056006638611981956,,,-0.7071067811865476,0.7071067811865469,0.0,0.0,57.342785061581246,0.04775607008406224
INTC,2020-12-31,8.0,-2.5144639893410674,6.980379433654474e-05,0.29916764805684737,0.5443925636210134,0.2625475973052603,0.1013859225400374,0.38616206577642936,1.8519041919621613,0.8976734202574052,0.09115562932648288,-0.7071067811865475,-0.7071067811865475,-0.9487314925425351,0.6948411976876717,0.0,0.0,46.564109389038634,0.0670504084054696
INTC,2021-03-31,5.0,-2.434138467441353,0.00010351133314396962,0.3341460616811274,0.5462476837554046,0.23933240683549517,0.12368144994372524,0.5167768610154726,1.8631093713234508,0.8950722884354256,0.07664108276367188,-0.8572941497629545,-1.0858023755804356,-0.9943368774199188,0.8091100425992656,0.25,0.0,56.44079281721159,0.06451797485351562
INTC,2021-06-30,7.0,-2.440021529541284,6.108498913844358e-05,0.3378213996364968,0.5559363525091799,0.23906461379887908,0.12296813465192993,0.514371962867666,1.8693102980605718,0.8825942122106262,0.07648739665088022,-1.158260634914635,-1.1101559085058543,-1.3543928178189346,0.8968418098263583,0.0,0.0,50.92891208418194,0.0742112196340762
INTC,2021-09-30,5.0,-2.408316794055784,6.227774929514835e-05,0.38103763221092435,0.5626576955424727,0.26890435048551115,0.13477849879924378,0.5012135302232895,1.9716589393396766,0.8631340011126349,0.08716958515049558,-0.8994961735408262,-0.6409368444487877,-1.4700226239178336,0.8979167610756335,0.0,0.0,55.08356993736952,0.041262812004368536
INTC,2021-12-31,6.0,-2.360686765566572,7.08205429356604e-05,0.37725826739008117,0.5544518121077141,0.2514172909495849,0.12386784644950724,0.4926783117488353,2.027966157648013,0.8305325085879278,0.04329912068675147,-0.7829444985909759,-0.9777720889269592,-1.4554242392741248,2.166804685995964,0.14285714285714285,0.0,56.50921681944998,0.03339350394587966
INTC,2022-03-31,5.0,-2.736769036128494,4.589269453148023e-05,0.42349034422714105,0.5431509317409657,0.316843405744878,0.14757515498538185,0.4657668498368851,2.084700338153824,0.7851351315201661,0.04453353121633993,-0.7496556115679334,-0.1406629722077349,-1.8818609975375145,1.753747933288331,0.0,0.0,88.28217252396166,0.03276698191952429
INTC,2022-06-30,3.0,-2.6166525033441914,0.00011778327365693855,0.3664257211531424,0.49848761479139986,0.260307382074829,0.11186546867269177,0.42974374288215333,2.051684364379171,0.7524010342916949,-0.016912133836655126,-0.7690865644602631,-1.2599189425613384,-2.1394397486653323,2.103322912446282,0.0,0.0,-369.8344208809135,0.0406830050658165
INTC,2022-09-30,5.0,-2.2613331449403904,4.708043631696429e-05,0.2977880383350652,0.46555939027897614,0.19127121081392004,0.07710489970595098,0.4031181659688618,1.9762733085900819,0.7266496509271075,-0.06684038004386833,-0.6977282993376129,-1.247555042800391,-2.0979259012676237,2.1193842371179077,0.0,0.0,365.84662576687117,0.055549676038616665
INTC,2022-12-31,2.0,-2.9418797486538253,0.0001225339600834193,0.22801747290818197,0.426079233672725,0.1270974085704317,0.04555233772619146,0.3584049292472269,1.8267071789061695,0.7268093981964296,-0.06684038004386833,-0.7516068816122884,-1.277601963482671,-2.209291496811305,1.6322303319192382,0.6363636363636364,0.09090909090909091,-275.0958358208955,0.07260626942349208
INTC,2023-03-31,2.0,-2.560026884069986,0.00019197922493795772,0.11897932408635194,0.38340187180941576,-0.05064166193987521,-0.016035584741779095,0.3166480744809974,1.73305754108519,0.7605708610842111,-0.06684038004386833,-0.7319184161594116,-2.298172554389738,-2.145887404227128,2.0323214165862193,0.0,0.25,-151.4810754985755,0.05969294497328813
INTC,2023-06-30,7.0,-2.637846733691832,4.8959516141940125e-05,0.11951980831899937,0.38266967655984013,-0.017060173192213753,-0.005066797091812342,0.29699564211486573,1.6704935350660461,0.7838130598340869,-0.06684038004386833,-0.5118366580825574,-1.023945124185141,-1.7718865312222218,1.5900613280662583,0.0,0.3076923076923077,-269.9411642156863,0.06623704051705658
INTC,2023-09-30,5.0,-2.502351119446775,0.00011358937227022322,0.1017005629003386,0.381431598062954,-0.03109866828087167,-0.00886406280328682,0.2850303017232083,1.6116245600041614,0.7926281756982065,-0.06684038004386833,-0.3308483484410341,1.5074717264592994,-1.426495794657092,1.1988649161461686,0.0,0.5714285714285714,287.55872524752476,0.06344911349835158
INTC,2023-12-31,8.0,-2.29383579623019,4.808766934145771e-05,0.12041190351651247,0.400365125027661,0.031146271298959947,0.008991922442672502,0.2886998047491086,1.606886012225818,0.7866738006063849,-0.06684038004386833,0.2296306837756271,-2.269681085674896,-0.9524566882967773,1.0623159667297077,0.9333333333333333,0.8,204.33783783783784,0.019466853322209418
INTC,2024-03-31,2.0,-2.496224567886546,0.00014425093006137702,0.12803652221816594,0.4149392617267411,0.07361008019986603,0.02143466210490385,0.2911919406513955,1.558112731856654,0.7609880290940824,-0.0655070520150757,1.060687684428897,1.7974100169020997,-0.7997703014205776,0.6445883391855116,0.8125,0.6875,-373.56780859916785,0.016619599150639215
INTC,2024-06-30,4.0,-2.556555845466112,0.0001334664554104511,0.10648915053243291,0.41416157181473484,0.01768835833892709,0.005004189404719592,0.28290864018210116,1.557429663437066,0.7441259866484946,-0.06684038004386833,0.5830097936489416,-0.5395067129607002,-0.7329136079135381,0.49650426214618826,0.9411764705882353,0.17647058823529413,-210.84768854064643,0.020280139863346668
INTC,2024-09-30,3.0,-2.6207723743826827,0.0002426049106517198,-0.02157050807854581,0.3467104171659262,-0.1613158266361148,-0.06416635287421729,0.27675205215980575,1.4931810015352955,0.7578892379024212,-0.06684038004386833,0.3272820150064331,-1.5749415227212686,-0.7718986141848474,0.7365416244073945,0.16666666666666666,0.1111111111111111,-53.91515866084425,0.0353360680550027
INTC,2024-12-31,6.0,-2.3290918402977057,8.150956074598318e-05,-0.046686481656347256,0.32664168283083184,-0.1613158266361148,-0.06416635287421729,0.26921853314152083,1.4369584438549956,0.7886874668432007,-0.06684038004386833,0.2664203033608807,0.5837301384825029,-0.7722305696698004,0.657454013164371,0.21052631578947367,0.05263157894736842,370.07611940298506,0.02986282845791287
INTC,2025-03-31,3.0,-2.581323672393048,0.00019184249441607667,-0.05811225227464696,0.31671819621446345,-0.1613158266361148,-0.06416635287421729,0.26909701524717367,1.3806526150519158,0.8053500571274181,-0.06684038004386833,0.719722312274746,0.4607704343358085,-0.2576209695189014,0.6836067678981882,0.2,0.2,-1096.4066528798187,0.019487064371086427
JNJ,2020-07-31,,,,0.10115166056320242,0.6411976439790575,0.19775305410122165,0.022894304836469252,0.11577219345877005,1.248014793864897,1.5148464543173807,0.007361206257704815,,,,,0.0,0.0,119.28155780133103,0.007693232693804088
JNJ,2020-09-30,6.0,-2.497203898439467,0.00022746200100451057,0.1626544869983256,0.6562230453092496,0.18215028667106398,0.04363773387667782,0.23956994344719865,1.368306906994274,1.5819569873912327,0.026217561259814236,,,0.707106781186549,0.7071067811865475,0.0,0.0,85.32563521150882,0.014889078603927521
JNJ,2020-12-31,4.0,-2.522298493056465,0.0003359683927083905,0.16145819071486825,0.6548074903462427,0.1440873766015543,0.05308680925536791,0.36843483799534493,1.3098330398266054,1.6423197311368487,0.04211663031069132,-0.7071067811865476,-0.7071067811865475,-1.0052613481804165,0.988776902858918,0.0,0.0,126.01124800255673,0.020659555355289523
JNJ,2021-03-31,7.0,-2.371349969583718,0.00018293791926409186,0.21060479746468713,0.662431424703731,0.17948322131712066,0.08936859594042487,0.4979217293104162,1.3030356379366717,1.6368728148641853,0.04812886323852612,-0.8143639410063042,0.15007143491572827,-0.4690777060382227,0.2810690426473021,0.0,0.0,81.86650045126353,0.028605040754556582
JNJ,2021-06-30,5.0,-2.4799003902316086,0.0002130238548658708,0.23675178236181654,0.6699630003363606,0.1992039466307882,0.10231735830367529,0.513631180677931,1.3361885299360843,1.6393479376056848,0.05174192382087112,-1.0333796694816935,-0.9096762228711307,-0.31379765053690356,0.3821946159066617,0.0,0.0,87.59273697666987,0.02882349026471229
JNJ,2021-09-30,4.0,-2.4912556259545053,0.0002441902742408524,0.22897006054451663,0.6750650657218468,0.19552522800341185,0.10171820132865134,0.5202305726342198,1.304252370926236,1.61417513124433,0.05279227933205222,-0.8876434650652293,-1.024087379395072,-0.7094057515816352,-0.2748103621525757,0.0,0.0,80.97450495049505,0.029403764470281212
JNJ,2021-12-31,7.0,-1.5876613297145534,0.00018640339703903769,0.2621536572694134,0.7027940055880112,0.2651511303022606,0.11758229225772024,0.44345386015772065,1.3407105760151086,1.5392211190916274,0.04481041634273122,-0.9677483201317028,-0.5595534413690585,-2.1142258698600895,0.43770965626321356,0.0,0.42857142857142855,411.6882669584245,0.02944890911341152
JNJ,2022-03-31,6.0,-1.8260193505286606,0.00018358349768211654,0.2609398065194591,0.7002066503851212,0.2483561901183543,0.11077577959921289,0.44603591135144494,1.3674446474071833,1.481222105175616,0.04326005296055486,-0.634928253594659,-0.9678750983946254,-1.5903485188643722,-0.19033322899822958,0.125,0.5,90.14437538892346,0.028849910099012176
JNJ,2022-06-30,6.0,-2.45855350810492,0.00017148920203108938,0.2556983236329418,0.6987200973272255,0.22799895720829763,0.10241382915693724,0.44918551563099013,1.3772008674254768,1.4286381749790933,0.043650269125426897,-0.5932640192679216,-0.9060749975786679,-1.4022811252710305,-0.03774425524396706,0.4444444444444444,0.4444444444444444,93.7818235580039,0.029501590342551724
JNJ,2022-09-30,5.0,-2.0708776851638606,0.00017369159845637854,0.2707245019425957,0.7133486107132627,0.2743769693497565,0.10743934909375916,0.3915756827126515,1.399519499385406,1.3798784068764849,0.042355426352246914,-0.7908841161168457,-0.5540500850805069,-1.9970242056158567,2.3659506202824057,0.1,0.6,149.42686165788746,0.03694908331378938
JNJ,2022-12-31,4.0,-2.3379992735598787,0.0002441671429980689,0.23207348927956625,0.6925115639454932,0.22429053631703963,0.09986904746994424,0.4452664348208483,1.2914442170123868,1.3757178421590313,0.037709629661678276,-0.16842309988294765,-0.7799143680581838,-0.46104583194743587,1.5686435918410446,0.5454545454545454,0.45454545454545453,119.46455368289638,0.03485928536188987
JNJ,2023-03-31,4.0,-2.3943442824026855,0.0005325564419282457,0.16561590339516025,0.6942213844922409,0.16426966872369542,0.06913385719816081,0.4208558873667982,1.204445649489927,1.4652495236564433,0.041000309644129554,-0.5842251932728921,-1.242430147600211,-0.6804071061384572,2.092101349448515,0.6666666666666666,0.25,88.59476565172768,0.04610393027744359
JNJ,2023-06-30,7.0,-2.423921508519858,0.0001366212845286587,0.14479475629768168,0.703456648478461,0.1741531811571968,0.06960676231775481,0.3996869988549064,1.1370942340472838,1.5115658511924093,0.03472111457750602,-0.5546317497261203,-0.36471822706475304,-0.8195270076455381,2.237742805950922,0.6923076923076923,0.3076923076923077,91.88903390399463,0.033034528958863746
JNJ,2023-09-30,6.0,-2.402532796475609,9.378760108736023e-05,0.29278175238228893,0.7048918776371308,0.45654008438818566,0.18688047670066146,0.40934078537945257,1.0895931816594089,1.5095459009176797,0.04099560134572846,-0.3229687584951567,2.8092430818980243,-0.5603287900656824,1.6794019236749258,0.0,0.21428571428571427,120.28424195837275,0.031343504296700374
JNJ,2023-12-31,4.0,-2.3394521865590807,0.0003028310723967686,0.31777992829354723,0.7012135168702132,0.45478420616849513,0.19494949214861482,0.42866372557446963,1.1313774702112624,1.5107003620161514,0.048822134388679335,-0.08859614343545597,-0.34223668326648665,-0.7651296296116017,1.5125836529230003,0.0,0.06666666666666667,113.67451497562108,0.03162181777480247
JNJ,2024-03-31,5.0,-2.4773994817813656,0.00024049656018947593,0.3627421762844002,0.705354502796169,0.49464549720383105,0.22072336293923023,0.44622535570818234,1.1613044893488402,1.4343419532103718,0.049586709912666595,0.08165558167166084,-0.09633170452979518,-0.6353117686234282,1.1455119108173262,0.0,0.1875,80.21200708052034,0.0370586648523685
JNJ,2024-06-30,4.0,-2.4241888032589713,0.00021777114617332007,0.36021395919163857,0.7036575915033095,0.48299518503932004,0.22146203505889994,0.4585181010466408,1.1485024054627282,1.4388158829379174,0.05998313218051821,0.2281958996580367,-0.2801266662626272,-0.1346596329534149,-0.20559490306229775,0.0,0.0,70.5091791853802,0.037307960191584444
JNJ,2024-09-30,4.0,-2.449847532216662,0.00028733940029684445,0.15348025966555967,0.6905103995621237,0.1674420726144864,0.08404075553119979,0.501909431834929,1.1039566714333404,1.4917073692466754,0.05204014418810226,1.4794540965551615,-1.2808640780390526,0.03852574822234569,-0.8678087791956159,0.6111111111111112,0.0,98.08344308782985,0.03346926444682158
JNJ,2024-12-31,6.0,-2.5638670383451014,0.0002129349021968118,0.14314135316152338,0.6907150336069173,0.1583634500850024,0.07908411753543844,0.4993836487711629,1.0938907286385526,1.5121113253250285,0.05820001010309285,-0.02301599889786985,-0.18452124244404475,-0.643409054717222,-0.49325941858810735,0.47368421052631576,0.0,126.2250650920077,0.0380596352075448
JNJ,2025-03-31,5.0,-2.444793733162365,0.0001474998643992848,0.20848230239378024,0.6830103771367163,0.24414816804916548,0.11899338470981381,0.4873818454613653,1.1202070300024423,1.5168643471394978,0.05235805389765832,-0.12097952887566536,0.7998814999063621,-0.026014100095100436,-0.6816615774112728,0.2,0.15,82.66280722697209,0.03466488278104966
KMI,2022-12-31,,,,-0.04016096349781671,0.5717405547062677,0.14632015723957195,0.00956077513627672,0.07010406367949798,0.5487734487734488,1.1821635423802703,0.02292003750281865,,,,,0.0,0.0,144.93338262476894,0.016392648181627577
KMI,2023-03-31,7.0,-2.6998976787273854,0.00028225694895836186,-0.017768633685588703,0.624896657611905,0.15932443604582497,0.019408815256566122,0.12181945053917373,0.5552328064929517,1.164305287413589,0.04455461524052503,,,,0.7071067811865479,0.0,0.0,122.19023885350319,0.03565894191811558
KMI,2023-06-30,3.0,-2.5564751312889125,0.0003107994024408663,-0.007603733143664512,0.5962566844919787,0.16168114973262032,0.027897655731874933,0.17254736113647504,0.5325283106078115,1.164432008487887,0.07185664806389426,-0.7071067811865476,-0.7071067811865475,,0.9798192447867707,0.0,0.0,165.220348583878,0.058253727693417176
KMI,2023-09-30,5.0,-2.290422198935303,0.0003366636972198187,-0.00171731469177884,0.6071181102362204,0.15540157480314962,0.03563175226760645,0.229288231555838,0.49450316227344115,1.1684022612317762,0.0928775822618423,-0.7257402895752455,-0.7702375487932538,,1.1154158473492832,0.0,0.0,198.60935828877004,0.07981413664959133
KMI,2023-12-31,6.0,-2.4291553664165955,0.00033551271902078795,-0.009945085394730213,0.6332985522368593,0.15592800313029867,0.034416991140251756,0.22072360608307004,0.43559748427672956,1.1823564983154407,0.10649024086082078,-1.1649551705492045,-1.0351000329731563,,1.3347449991171867,0.2,0.2,142.54977736549165,0.0778394165947207
KMI,2024-03-31,7.0,-2.567817119403447,0.00030112935206320695,-0.009350318744614589,0.6392595499738357,0.16077969649398222,0.035153079648612216,0.218641286276641,0.42283298097251587,1.2029504891227296,0.09623036340593592,-0.8709001223929292,-0.754566236990383,,1.2806258773876165,0.3333333333333333,0.3333333333333333,132.60008403361346,0.07243066403371747
KMI,2024-06-30,4.0,-2.546010643022528,0.0003671066715989234,-0.013281672117161955,0.6857868350804088,0.15932026824663065,0.034793118157258635,0.21838475757144887,0.39458446157050614,1.2195397129715102,0.0909244927540505,-0.7380629214041533,-0.7248056569997506,,1.1308696565506908,0.42857142857142855,0.42857142857142855,202.78132352941176,0.06234757560012093
KMI,2024-09-30,6.0,-2.502695176460437,0.0003208100977888915,-0.005995687114637341,0.7066200250808528,0.16764569995379844,0.03585835948005379,0.21389370255208462,0.40987324883255505,1.232546961674231,0.08020481885227006,-0.7056174850123805,-0.5628234643401222,,1.0745987324225903,0.5,0.625,206.00032710280374,0.054726795074547675
KMI,2024-12-31,6.0,-2.333558750870414,0.00031685392659544135,0.0043309695337722595,0.7127814569536424,0.17304635761589404,0.03683861781167613,0.21288294257799834,0.45150994353056717,1.233168044077135,0.049418031169855985,-0.617692864945533,-0.5416640429000347,,1.2723274646523357,0.6666666666666666,0.6666666666666666,197.23175542406312,0.042151640691786674
KMI,2025-03-31,5.0,-2.515896438821853,0.0003384074252132864,-0.0001780544397944686,0.6963675075811343,0.16672043357635977,0.03622776948259062,0.2172965167223963,0.43893731454005935,1.2423899460045742,0.044673237039792306,-0.4892311431200898,-0.6042627454378795,,1.266433732770928,0.7,0.7,192.35871028037383,0.040508782739472685
KO,2020-06-30,,,,0.0582770966004499,0.5786013986013986,0.2488111888111888,0.018787821183030764,0.07551035495147272,1.0939734803337307,3.9345458335504717,0.010589150901519444,,,,,0.0,0.0,135.45627460878345,0.009297917515389012
KO,2020-09-30,7.0,-2.4235013743169285,0.0009574021981627852,0.08909643357846075,0.5896721933932414,0.22250348057207947,0.03664924194649586,0.16471311753086676,1.1124323117289119,3.856929502594608,0.024830335028580668,,,,-0.7071067811865472,0.0,0.0,125.98423411662316,0.016987943013701403
KO,2020-12-31,6.0,-2.524249064280716,0.0008030717451219479,0.12071397612199061,0.5878425429074673,0.20366198336951624,0.053430001182079676,0.2623464639698534,1.1562920690664324,3.5924262613301745,0.03594753075501606,-0.7071067811865476,-0.7071067811865476,,1.0570231945418327,0.0,0.0,132.69911605360707,0.030561296941090856
KO,2021-03-31,7.0,-2.3979926158170315,0.0006776537232745372,0.16190073734566396,0.5942033320372088,0.21586456495079712,0.07819873118034901,0.3622583039424426,1.1901185957135785,3.441260331324214,0.04367003557309309,-0.7637769612424069,-0.5168121455815381,,0.4274172354643392,0.0,0.0,110.11923218221895,0.04007285495650741
KO,2021-06-30,8.0,-2.4841120937450927,0.0005752307491391138,0.1924649063392081,0.606146325387235,0.22187740305393827,0.08861783490143062,0.39940000054844554,1.283663359580769,3.1351559753705196,0.04941726447551502,-0.9747149877441196,-1.0406670495376429,,-0.04481835595486618,0.0,0.0,100.72780835543766,0.03973579298389045
KO,2021-09-30,4.0,-2.528713448938933,0.000614415147727101,0.22333330540731494,0.6072430030157134,0.23313581291995134,0.09844480003574531,0.4222637389028984,1.4090836219058613,2.8921025172818573,0.051801064258064154,-0.872319905694609,-0.89612805953826,,0.1710835694004015,0.0,0.0,101.60487577639752,0.04149964146836867
KO,2021-12-31,3.0,-2.8326713829567205,0.0006886746662967256,0.22699132130347505,0.6027163368257664,0.2527745440434614,0.10703634426682952,0.4234458998704631,1.3465928386858619,2.8203285206110067,0.043977277761623884,-0.7795751089998263,-0.7353587989112322,,1.484243211174055,0.14285714285714285,0.2857142857142857,194.88241626794257,0.030346101485519632
KO,2022-03-31,7.0,-1.7198016267887049,0.0006076644961443586,0.22586764458937536,0.602676568808254,0.2568658725016199,0.11166302834639698,0.43471336717061465,1.3055436552137778,2.68889688177522,0.03842843043404053,-0.6690173392573074,-0.7863120754080014,,0.9285160937647721,0.125,0.375,98.91226138032306,0.028803698509168356
KO,2022-06-30,4.0,-2.775647633426164,0.00074296107503411,0.19824768332558645,0.5889356759111369,0.23161996031169838,0.10286061263914152,0.4440921779829282,1.2235509846129315,2.69837137434542,0.037778338889175284,-0.6288028973217861,-1.0064845269338398,,0.8285634279901612,0.3333333333333333,0.2222222222222222,146.08623237932508,0.027887747220555852
KO,2022-09-30,5.0,-2.586237340345166,0.0006088842268139619,0.1847542359741003,0.5849372977823961,0.23439529556243063,0.10613327344957199,0.45279609044586666,1.1396904853358445,2.7057459877154746,0.04156567429849518,-0.5938169707221557,-0.632454887451216,,0.7828652904449128,0.0,0.0,101.0798445595855,0.025539761200772296
KO,2022-12-31,5.0,-2.596573033508844,0.0006939910495600169,0.18066137402776622,0.5814342851827737,0.2218863361547763,0.10247350772014702,0.46182883315837375,1.1434624321268374,2.655005593389987,0.034782674166847445,-0.576305858562821,-0.7931630980496939,,1.1330381436729857,0.45454545454545453,0.18181818181818182,165.73420722891566,0.029671514220589917
KO,2023-03-31,6.0,-2.2040670119848955,0.000595157684043502,0.1844052931424907,0.5809440599636723,0.22688708527809073,0.10503263643306271,0.4629291098888525,1.1375645201114626,2.686804077187957,0.03373400190375235,-0.5532164754790253,-0.5328647106758331,,1.256679426119708,0.3333333333333333,0.16666666666666666,100.38278883278883,0.02565297945034577
KO,2023-06-30,5.0,-2.596782781588805,0.0006175367504721971,0.19400777760867396,0.5852288173991844,0.23810602628001812,0.1103139907739298,0.46329776905435405,1.1417724375246798,2.6404921571999007,0.036587772839675355,-0.5158828549655212,-0.4121297293378933,,1.3299828700112646,0.07692307692307693,0.07692307692307693,137.70864639733443,0.025399997384675868
KO,2023-09-30,7.0,-2.5783124046553993,0.0005360257366298171,0.19759658830505356,0.5914057295136576,0.23921829891183655,0.11156884627434936,0.4663892636217928,1.14545057584193,2.573321366778005,0.042178333700155154,-0.47468725071891116,-0.510739243710111,,1.7392970990871828,0.0,0.0,95.54364525993884,0.03470192042543756
KO,2023-12-31,3.0,-2.503777793111886,0.0006973887202879045,0.19517258482235306,0.5952266468505486,0.23416531887922368,0.10956662686857169,0.4679028790129391,1.142668566399866,2.5644792359636575,0.03849742522744389,-0.41242785944248456,-0.5902493289090344,,1.934013843046866,0.06666666666666667,0.06666666666666667,143.18520457545094,0.038030956069306655
KO,2024-03-31,5.0,-2.257554403017798,0.0005835596891374707,0.18780502074382707,0.5998176845943483,0.23405825411294873,0.10972479771271007,0.4687926863701228,1.111507102965625,2.54774345507215,0.03815143153338348,-0.9315255990918487,-0.5047151416926046,,1.8741842796430523,0.125,0.125,156.46868752919195,0.03590122319056398
KO,2024-06-30,5.0,-2.436424292439703,0.0006930998582557217,0.18112282917587622,0.6053373506940708,0.22916173463897557,0.10758951689295863,0.46949163245974107,1.095275523442457,2.577075991686997,0.03314243663295979,-1.1504481089966632,-0.7098206350841414,,1.827891173418262,0.29411764705882354,0.23529411764705882,131.5370820668693,0.034590212923149455
KO,2024-09-30,2.0,-2.528059178515309,0.0007096462946689526,0.16876679281100843,0.6043437001250916,0.2244963982228357,0.102915985890949,0.4584304545892729,1.0758206616313923,2.6450072528403203,0.01117975625234226,-1.7901305903561764,-0.7597722531163207,,1.8097881486867688,0.7222222222222222,0.6666666666666666,153.00549003984062,0.031031629793429136
KO,2024-12-31,4.0,-2.619386633704467,0.000745048578614006,0.16353197892044605,0.6106330082233696,0.22589830220352308,0.1043766828911487,0.4620516483435565,1.0530254762780764,2.707661785717536,0.01779214016857169,-0.14920408308760338,0.3400344601103862,,1.2752102789123831,0.2631578947368421,0.10526315789473684,126.65029900332226,0.03500745922730682
KO,2025-03-31,5.0,-2.3229853667286156,0.0006947165533940147,0.16839746859540233,0.6107485604606526,0.22998507144380465,0.10527831539075447,0.4577615178665131,1.0671069988492736,2.7353383595737117,-0.0028941680442021687,-1.706310938093697,0.26897869352039533,,0.9077456578206995,0.6,0.55,104.92144301721783,0.029770435497184725
LIN,2020-06-30,,,,-0.03476984718598584,0.43249176728869376,0.07182060530029795,0.005334513604174432,0.0742755311218785,0.7998012586949321,0.7910173769739449,0.008741940799652828,,,,,0.0,0.0,-528.6501547183099,0.004616029902365103
LIN,2020-09-30,7.0,-2.4654796283019706,0.00012497441470923389,-0.019740559905237917,0.43666868198307135,0.08751511487303507,0.013382255222026407,0.15291364516222228,0.8143339913674842,0.79288089589657,0.016451883820047253,,,0.7071067811865401,-0.7071067811865464,0.0,0.0,-1096.4066528798187,0.009389766222606373
LIN,2020-12-31,6.0,-2.4380917305069434,0.00012890956277384453,-0.007426117706491542,0.4371829886851346,0.09403043308622708,0.022135984752807182,0.23541298307653447,0.8082609393265638,0.7883253143158284,0.024943850831704282,-0.7071067811865476,-0.7071067811865475,0.8919580827651119,0.9889994112644758,0.0,0.0,-327.40464313112744,0.015116617778065838
LIN,2021-03-31,6.0,-2.4854971603185745,0.00013137201807765769,0.004541897327938957,0.43799329657260244,0.10480412296824881,0.033590634358205765,0.3205087109825087,0.79097759743581,0.7873430919151044,0.03273417114295516,-0.8200852536690497,-0.7140240984073689,1.4051457139442916,-0.36497476875301554,0.0,0.0,1658.2268263462274,0.023818987114782773
LIN,2021-06-30,5.0,-2.4307854786647214,0.0001504577313069053,0.006578184096340818,0.44156247841403606,0.11366305173723838,0.03818131192426387,0.3359166531313084,0.768730145101743,0.7860802445152434,0.0325713937687557,-1.06619834478943,-0.976127909604701,1.6262792459640478,-1.358870071604456,0.0,0.0,-1096.4066528798187,0.03148876130461384
LIN,2021-09-30,6.0,-2.5006396164759943,0.00014287720211230491,0.010421409301318477,0.4389088588033729,0.11993146773272416,0.041783952387361815,0.3483985744298597,0.7647463102008557,0.7970238721211483,0.0370426741191595,-0.8846343095046187,-0.8561605578504555,1.529325008879095,-1.5078269517727145,0.0,0.0,1600.63258,0.01661415054707525
LIN,2021-12-31,6.0,-2.4414065950552764,0.000134127485664741,0.01251320367375438,0.43029259896729777,0.12424901763387783,0.045665315963166975,0.36753059970041835,0.7528569461654964,0.8014179822510333,0.037625988424698754,-0.7532248513239121,-0.7597623143896497,1.556010812054047,-1.799307734029512,0.2857142857142857,0.42857142857142855,917.2572613733905,0.038260739246142685
LIN,2022-03-31,6.0,-2.4304004308620284,0.0001520238720848853,0.021793408389104492,0.4242309750952426,0.1265703220931331,0.048301632883559424,0.38161894577480865,0.7792056683396141,0.8211995886124422,0.04028159089453716,-0.6811269602589455,-0.7107881425888134,1.5409265184445842,-1.7229882974813466,0.0,0.125,568.657423258427,0.0359520626845869
LIN,2022-06-30,5.0,-2.490949918866458,0.00023758494081425264,0.014940204871832577,0.4167739167739168,0.10881289452718024,0.04351075822183012,0.39986766651962946,0.7851104773031855,0.848432687080993,0.047267347256293696,-0.6315077156570521,-0.8989399587509345,1.339845488979695,-1.3948417162614906,0.0,0.0,-392.14591324034336,0.03272301861896319
LIN,2022-09-30,6.0,-2.526193504349017,0.0001332172839308597,0.01641038600037905,0.40911648846370285,0.11388206024346177,0.04858171710152252,0.4265967527955019,0.7673019400051277,0.8643189447029033,0.05126371872838226,-0.5689398400582386,-0.4922356886531253,1.5074326696988658,-1.3413803219423979,0.0,0.0,285.37840214285717,0.05089363701651118
LIN,2022-12-31,6.0,-2.4682649441512607,0.00016854451081092502,0.02685541567477029,0.4170363265795468,0.13232825800263756,0.05612888667113748,0.4241640260239708,0.7789080712736994,0.898169598687227,0.0308911085421086,-0.6472690592366573,-0.3449318859890996,1.318472186230556,-0.9508783550169317,0.2727272727272727,0.5454545454545454,125.53685868480726,0.040580201627271814
LIN,2023-03-31,5.0,-2.4368376975409816,0.00019214444876601065,0.02437614919884424,0.4277274635638457,0.1448149703112817,0.061875748781128476,0.42727453279260924,0.7493964716805942,0.9186856953202788,0.030757778095035642,-0.5786634470930019,-0.43363985562046503,1.1147036281969502,-0.5193431552889096,0.08333333333333333,0.4166666666666667,215.70815903030302,0.04259205883468305
LIN,2023-06-30,8.0,-2.4526609099051226,0.00017131186948768988,0.05053944480474876,0.44220832200163174,0.18451031940289486,0.07803020379735917,0.4229042800959723,0.7602893060099879,0.9213492112209195,0.028726884925336926,-0.5669403794713256,-0.0638768955398422,1.0164579229478317,-0.27216314177406564,0.0,0.6153846153846154,209.2819136549165,0.04012087241284332
LIN,2023-09-30,6.0,-2.5113152579727105,0.00017527092270954844,0.06185314254480887,0.4610951896705803,0.19937752303472928,0.0817665104846277,0.41010896935651525,0.7796214551113088,0.9274887490941423,0.027896855678511835,-0.6141993602083672,-0.5147374498602243,0.5977917512945929,0.44622746081179665,0.0,0.5714285714285714,204.75222298424467,0.04147066391102828
LIN,2023-12-31,3.0,-2.486746633712301,0.0001845003261365517,0.06312330009066183,0.467583855847081,0.19732757046326171,0.0816334239951647,0.41369497330512744,0.7823068021087823,0.9379564047658266,0.02748291558283863,-0.31509237199807,-0.7409724073682505,0.3616156526534734,1.133066744438494,0.13333333333333333,0.7333333333333333,209.47112950087566,0.03191066330903355
LIN,2024-03-31,6.0,-2.4264507750479667,0.00018837415761242362,0.07871754437320391,0.47263514544733065,0.20139800372394004,0.08307129614765991,0.4124732847974366,0.8308398503910235,0.9513727658006265,0.02370602813769096,-0.7853878367325714,-0.62065536135504,-0.11524235674284605,1.7908047361226436,0.1875,0.8125,242.82474948529412,0.028606900184865613
LIN,2024-06-30,7.0,-2.484058238835351,0.00019662537973623675,0.08921553884711779,0.47562758956860834,0.20369242018035583,0.08378446115288221,0.411328320802005,0.8706986083223707,0.9812181512354683,0.022874887639076625,-0.44390734823594585,-0.5630021416413706,-0.5028282722487655,2.0134556434891353,0.17647058823529413,0.7058823529411765,205.5103344526144,0.030633483549650037
LIN,2024-09-30,4.0,-2.507798900048901,0.00019317736616590242,0.09504598371815176,0.47754731264193795,0.20302800908402724,0.08279847739712706,0.407818003883687,0.9022875873671066,1.0059636606844276,0.02155493636808618,-0.143945121767804,-0.5942946137912695,-0.871294986147192,1.7493020876195047,0.2777777777777778,0.8333333333333334,221.2551395737705,0.028492808866897652
LIN,2024-12-31,6.0,-2.529150374558803,0.00018975451067800115,0.10433620516310652,0.48059384941675504,0.2093319194061506,0.08549287714033812,0.4084082226106325,0.9267783167510534,1.021973966510499,0.024578661606909975,-0.3777820973309883,-0.25671534646332134,-1.0801537553999214,1.5493013290172333,0.05263157894736842,0.5789473684210527,188.0465687217459,0.035455941814596485
LIN,2025-03-31,5.0,-2.4227282703458624,0.00021742291935111904,0.10570494944903751,0.48256958536511496,0.21040676015386015,0.08534083510435733,0.4055993022370183,0.9339542610724259,1.0465227365576193,0.022144899933444307,-0.1940247703311041,-0.48052467920557956,-1.0031055023007454,1.561476136936464,0.25,0.7,200.91028808543098,0.03224109845736648
LLY,2020-06-30,,,,0.12125908451878857,0.7777939411572171,0.256755282394443,0.03364548335597017,0.13104105606786284,1.2163239771447638,8.82373595505618,0.014801583951359866,,,,,0.0,0.0,130.15887807590713,0.004508144154321839
LLY,2020-09-30,5.0,-2.4862257453675465,0.0021459765969758164,0.18116932245411055,0.7732740213523132,0.23313167259786477,0.06100124544597441,0.26166005144739446,1.286095788094503,8.269853258416056,0.026886242116217887,,,-0.7071067811865475,0.7071067811865478,0.0,0.0,125.55477857469015,0.009975877323483233
LLY,2020-12-31,6.0,-2.2807959336533314,0.001544730139641792,0.25727290354073035,0.7715096359743041,0.25359743040685223,0.10722005400385223,0.42279629502490074,1.3247702142837545,7.781842153950123,0.032248633514264484,-0.7071067811865476,-0.7071067811865476,1.1440567904898113,0.6178100538824565,0.0,0.0,79.5060029806785,0.013033682620509735
LLY,2021-03-31,5.0,-2.5071589514617183,0.0017747438602795417,0.3020922666630989,0.7588128197884295,0.23905656527607747,0.13585350788585854,0.5682902192163867,1.3473169273190868,7.083109158409372,0.03745690171236713,-0.9561759920868669,-1.151366126714241,0.852316519816506,-0.20030633152296057,0.0,0.0,124.93450652182977,0.016371517834593906
LLY,2021-06-30,4.0,-2.4578825178407446,0.0018456267515169003,0.28937149348041097,0.7426504978242405,0.22714330079360032,0.13109794284184112,0.5771596273533363,1.3186543101749897,6.534428896762122,0.026575581023103093,-1.1331659164867625,-1.1772495167815347,0.9269964728938608,0.055629875212078524,0.4,0.2,172.57270640264142,0.016162717030330266
LLY,2021-09-30,6.0,-2.4296514259456368,0.0016072667082747247,0.27912305758140976,0.7484590305672136,0.21515571806833944,0.1260881819247005,0.5860322145128924,1.3058163901002435,5.87919221842198,0.02464167382489691,-0.9174250553053297,-0.9465357380640101,0.8606522967933241,-0.8903285944969079,0.5,0.3333333333333333,127.0163267193268,0.015761025057200007
LLY,2021-12-31,6.0,-2.3765146864098554,0.0011383681357082316,0.25464289087420544,0.7417650714729646,0.19710506243290582,0.11650367902784539,0.5910740068764242,1.2631985466880078,5.2076367676545186,0.023737362960335958,-0.819598405359827,-0.890632571147534,0.5522965458073164,-2.025599413200627,0.5714285714285714,0.5714285714285714,123.7786303895259,0.016413034818702665
LLY,2022-03-31,7.0,-2.5202890610245348,0.0011116170716645097,0.26232077499996087,0.7440114859426794,0.20902846931398092,0.12787937490513573,0.6117797031420087,1.232583340761598,4.768760681846784,0.02575123235257526,-0.6993814436744938,-0.462787433074552,1.8539514255787017,-1.4564558908350596,0.5,0.5,121.68540978637301,0.021777927710511243
LLY,2022-06-30,4.0,-2.4258694037721953,0.0018171851353972297,0.2460630896359174,0.7597718665185221,0.19578475922492405,0.11921085330662141,0.608887299392227,1.2182025690450335,4.420816290740611,0.022035047725996362,-0.7306731079439484,-0.798965738520356,0.7341950550316224,-1.2293156141940413,0.6666666666666666,0.6666666666666666,200.95953771584368,0.019002397723494376
LLY,2022-09-30,7.0,-2.430616815566971,0.0010383609855009514,0.2435634300900287,0.7560868003898835,0.2063373176695908,0.1268475651036739,0.6147582344110709,1.1751755506840322,4.081216498203382,0.02334181814610702,-0.6398777988186651,-0.4293785821094353,0.38342434066763365,-0.41945253829992835,0.6,0.6,169.8601084609849,0.019417696318069853
LLY,2022-12-31,6.0,-2.4487796909817803,0.0010847149859918067,0.23316367628219564,0.7677128662223998,0.21879795665244173,0.13082622180835074,0.5979316434667021,1.1287541911012726,3.8879155200995306,0.015310369574094108,-0.6673018032981243,-0.4686125178546609,-1.1326175923429371,1.1639040306304147,0.8181818181818182,0.8181818181818182,197.94415739336046,0.013231047347134662
LLY,2023-03-31,4.0,-2.4190571075308442,0.001187075378016225,0.21737405662602144,0.7766671240890674,0.20536339802249073,0.11536384148527802,0.561754638831228,1.1424894755796193,3.8215178235204936,0.015253152330505474,-0.640094590025216,-0.7648122727094574,-2.6192008700525915,1.9685640815233725,0.75,0.6666666666666666,218.43771794871796,0.014240294274786637
LLY,2023-06-30,5.0,-2.459088211941878,0.0011703875397184368,0.23670561850169058,0.7776998526198099,0.2201385712591689,0.12682484556793766,0.5761136943994558,1.1491730167168763,3.723428334351339,0.009007005546917985,-0.35254719974527576,-0.083927070535084,-2.0676746590208497,1.9444160977321514,0.8461538461538461,0.8461538461538461,208.62603293143783,0.010751432285371981
LLY,2023-09-30,4.0,-2.398834582217255,0.0023085663359194283,0.1805290406871874,0.7866614701067893,0.15553511575337126,0.09264271019484888,0.595638545971512,1.123182926598741,3.837116805533721,0.010285953904980993,-0.0923186634299854,-1.1811140864852319,-1.506348172117204,-1.0603809965778206,0.8571428571428571,0.8571428571428571,153.56105648810393,0.00969482139826181
LLY,2023-12-31,3.0,-2.383643938082222,0.0009902533487495223,0.16240502342769947,0.7924627827921698,0.15355761340991678,0.09117054982453149,0.593722107292426,1.0790891085346797,4.152913910698796,0.004530120089638647,0.08046488907549332,0.26235829236130365,-1.25891878520443,0.03875062654358276,0.8666666666666667,0.8666666666666667,186.90098973909087,0.009111289111839999
LLY,2024-03-31,6.0,-2.5951215228384683,0.0010523713159213642,0.1849460256864633,0.8016030279416676,0.17082266503395302,0.10201126561361945,0.5971764086068059,1.0973440317034255,4.207502304306999,0.0021526901042963563,0.6258074974951897,1.4723288795734863,-1.122585572879439,0.4415134499196631,0.9375,0.875,286.9767600687154,0.006003240572301084
LLY,2024-06-30,4.0,-2.1695918953030424,0.0010928093006978563,0.20196220921773522,0.8075261993643812,0.18862514676525524,0.1139411368273699,0.6040612229140906,1.095951298116949,4.291969858738502,0.0022736362141697933,1.264245260809205,1.3895804513517165,-0.3018559879206266,0.8925684933912844,0.8823529411764706,0.8823529411764706,202.3427943123998,0.005344932369162063
LLY,2024-09-30,5.0,-2.542839080317875,0.0013969165648976991,0.23485883059853357,0.8090629221402141,0.20481753753988918,0.1215474627992804,0.5934426527103835,1.152002424078635,4.325713059266435,0.0017448770273282167,0.4055807802177897,0.8101269255586606,0.05697655192628009,2.380458974910389,0.6666666666666666,0.8333333333333334,193.42058677611402,0.006206224508924379
LLY,2024-12-31,5.0,-2.4072940387676023,0.0007886906812310162,0.29033742997350936,0.8131119152809537,0.23510867393379659,0.14599838285077352,0.6209825456796404,1.2103768981081184,4.263256998563281,0.00625413926213077,1.3877563363686205,1.446952187460504,0.9433743579643045,1.4199957060861306,0.631578947368421,0.6842105263157895,133.0608662442802,0.010296886012863776
LLY,2025-03-31,4.0,-2.42223295762373,0.001180579051718493,0.29359168909851685,0.8169783790953707,0.2266450355586846,0.14077199364356094,0.6211121867132678,1.2302371021612963,4.434102453723633,0.005831292253324662,0.9266470623639002,-0.07888427690017265,1.8129208041858549,1.2769250968019026,0.65,0.65,152.43731770342148,0.011504346138452635
LMT,2020-06-30,,,,0.15915972824224342,0.13643649815043157,0.1002466091245376,0.03278027538656936,0.32699635102715563,1.3144814615797957,12.101690438457474,0.017946797377905565,,,,,0.0,0.0,67.0070203343877,0.009075868168271982
LMT,2020-09-30,6.0,-2.5917863080310957,0.002092577709274059,0.2095361440981908,0.13293596209689745,0.10160476845483724,0.06623097154698335,0.6518490475810951,1.3247366147096946,10.442772457820338,0.030786148237972336,,,,0.7071067811865476,0.0,0.0,71.79324344569288,0.01568596559270895
LMT,2020-12-31,8.0,-2.6446136432760756,0.001812535167522404,0.26307136332949443,0.13192755342030676,0.10284037228375581,0.1015845280171558,0.9877884118978595,1.3456453591386126,9.201620526671167,0.0441018385691325,-0.7071067811865476,-0.7071067811865476,,1.1306667365057763,0.0,0.0,65.5391677205661,0.024227920869985212
LMT,2021-03-31,4.0,-2.375274304633569,0.0017763648202340485,0.31521358067972527,0.12535413983789107,0.1053405045072343,0.1373276121724446,1.3036543997471892,1.3532746556802124,8.57872581942014,0.0566692441523294,-0.8277785310147213,-0.8119182406725822,,0.3980246106838531,0.0,0.0,68.07182067703569,0.040150782911270055
LMT,2021-06-30,5.0,-2.3175093869812162,0.0018098076500136341,0.32092830420595164,0.12290837249678212,0.10689376477983656,0.1393431828269575,1.3035669864744244,1.3638502022236136,7.582869343157366,0.047221829814576,-1.0852551570291427,-1.0955814087183677,,0.19615332955338952,0.0,0.2,70.0212180381218,0.042199644858421856
LMT,2021-09-30,6.0,-2.590747016334631,0.0016141826564657082,0.2970386580555002,0.12627549097924548,0.09130782100170316,0.11758026871885448,1.2877349106454008,1.3860110662276384,6.223082854338988,0.0535339793427599,-0.9021548267716841,-1.103165206333838,,-0.158042676069398,0.3333333333333333,0.0,60.85381407471764,0.051266387401050176
LMT,2021-12-31,6.0,-2.5620558579323505,0.0006720297545898357,0.30595194228419603,0.1280651512439592,0.09419187399319849,0.12247153966991835,1.300234664391133,1.391916177816961,5.16542612022838,0.07955308669231233,-0.746395082578896,-0.6111205530319495,,-0.7341943107035941,0.2857142857142857,0.14285714285714285,57.79434062758051,0.07260937007233131
LMT,2022-03-31,2.0,-2.1506808172181584,0.0012808960251874714,0.29608821034775235,0.13359695817490494,0.0944638783269962,0.12041197140433782,1.274687992245244,1.3635097493036212,4.558024890900275,0.06090388501372939,-0.7289509415464439,-0.668933987064741,,-0.593366382045539,0.625,0.5,85.5823834468308,0.0665284504726865
LMT,2022-06-30,6.0,-2.168931022258777,0.0015963962897774305,0.25017088705918905,0.13385385010986955,0.07332429441924977,0.09136631971415256,1.2460579462482524,1.3409641098961802,3.9015800494955264,0.06468652118337284,-0.6739987008924306,-1.0374884045598065,,-0.4360688432755353,0.6666666666666666,0.4444444444444444,79.5600020376974,0.06887972877048451
LMT,2022-09-30,8.0,-2.7025202051143378,0.0006243857600252029,0.2715609857836456,0.1298940082197707,0.09068013967429932,0.11386664467844654,1.2556955148881268,1.306473675839033,3.6477828625532585,0.08300614463703342,-0.5460307021856623,0.10510874370877094,,0.01966676848654256,0.4,0.4,66.49087586845762,0.0852854673747879
LMT,2022-12-31,5.0,-2.48244454160314,0.0013098455405968319,0.26114190740616205,0.1271065712900097,0.08686954413191077,0.11013651778766248,1.2678381000874253,1.2865040148239655,3.8792481132517698,0.04522353415348889,-0.48523345686636293,-0.5369288021562435,,0.34639082189460685,0.6363636363636364,0.6363636363636364,70.08505188679246,0.08943117732237042
LMT,2023-03-31,5.0,-2.3901089607044574,0.0013354017546798448,0.26078091722277436,0.12886644695068486,0.08599159435188825,0.10768138577310805,1.2522315301244735,1.2948930664434128,3.993854880642874,0.05039004050570025,-0.5051950120610778,-0.4695675818726563,,0.465303194693466,0.5833333333333334,0.5,79.72730254154447,0.07803796619442956
LMT,2023-06-30,4.0,-2.2207534470605443,0.0014275529626383426,0.30044986374763294,0.12847031590818037,0.10475865445966198,0.13043277446769203,1.2450787492494573,1.3177226539151226,4.396829353407448,0.04715107791218419,-0.43398636967670234,0.19792599006529424,,0.2909536504262006,0.3076923076923077,0.38461538461538464,76.9618985645933,0.08428951094165388
LMT,2023-09-30,6.0,-2.7437525848073356,0.0013299467295576188,0.2999972868602643,0.1268467084268999,0.10291336721427727,0.12599820932777442,1.2243133495518796,1.3361272614585484,4.908886870090312,0.0481715566513925,-0.40350675999194224,-0.43637686850142304,,-0.16286741205252644,0.0,0.14285714285714285,72.3885703125,0.10028166824912527
LMT,2023-12-31,5.0,-2.592103585936014,0.0016939093652434411,0.29114270439738676,0.1194535734290998,0.1024107975314854,0.12540662009224274,1.224544902637707,1.3089107184375726,5.3072438919845695,0.05747303802533145,-0.32744296274721985,-0.26277566686693543,,0.23650166121564842,0.3333333333333333,0.4,65.8772224549644,0.08172018093223452
LMT,2024-03-31,5.0,-2.420222583974086,0.0019188334993449642,0.287572321012562,0.1194535734290998,0.09730040206777714,0.12260758245387061,1.2600932765772652,1.3071203601167791,5.908434638582456,0.056562263550447495,1.6357936346672235,-0.1987632934374018,,0.767755095155299,0.375,0.3125,78.85729653788259,0.08691807294624751
LMT,2024-06-30,6.0,-2.2183222170887302,0.0019447351549055447,0.27859336287021874,0.1194535734290998,0.09478112819935555,0.12294158175952838,1.2971103435373994,1.2765279713318733,6.57451441211032,0.06433329795001946,0.9267526433909553,-0.06937963052863198,,0.8752533585606193,0.47058823529411764,0.23529411764705882,71.932300405954,0.0861887488924844
LMT,2024-09-30,5.0,-2.7328616605958977,0.0017084675107374128,0.2744838657890512,0.1194535734290998,0.09362507889753839,0.12246863747907254,1.3080751324450153,1.263860499866082,7.116716306775875,0.04914106522801741,-0.1842347961273348,-0.19222134874008043,,0.6156974917328276,0.6666666666666666,0.7777777777777778,88.45761265942372,0.06272046084252937
LMT,2024-12-31,4.0,-2.403240348533932,0.0028502793931045284,0.2303920859406084,0.1194535734290998,0.07510944076122912,0.0965023329836872,1.2848229464318008,1.239206232464384,7.391228469534866,0.05032657571414505,-0.5252277379119429,-1.3851497540471824,,-1.1055260959439697,0.7894736842105263,0.42105263157894735,237.4960579710145,0.05868828938093623
LMT,2025-03-31,6.0,-2.5885945578612684,0.0015290777352883885,0.21319980976480826,0.1194535734290998,0.07663171380429182,0.0987607792464174,1.2887716370097182,1.1809647640098817,7.445379106513585,0.058119587506383616,0.23381290830782434,0.22672651580672923,,-0.48715152381963767,0.5,0.1,66.39415109771846,0.062077313550360634
LOW,2020-07-31,,,,0.22362691497787993,0.3407808951725148,0.10358215515346861,0.054633618607885945,0.5274423816239399,1.2970051474029012,10.883149678604225,0.06190178956905349,,,,,0.0,0.0,43.94937465564738,0.004414549176873862
LOW,2020-10-31,2.0,-2.653158862451852,0.003457928506547283,0.25617723566146744,0.33468384027735787,0.07095200661143698,0.06858723926619448,0.9666708884190837,1.3346606732789368,11.177363862854431,0.05222830126317662,,,,0.7071067811865475,0.0,0.0,91.38153846153845,0.01087180829378042
LOW,2021-01-31,2.0,-2.5370286480249993,0.0035324750079806957,0.2654045441765186,0.32979605846514687,0.06432882354623723,0.09033458742251202,1.4042630106173601,1.2898732904263879,14.140685181431179,0.04229540178801961,-0.7071067811865475,0.7071067811865475,,1.0283014106564838,0.0,0.0,149.57850838481906,0.04180747175393363
LOW,2021-04-30,6.0,-2.3323831984692474,0.0027181236173884947,0.3173289194228679,0.3305986602221657,0.07227804629865174,0.13598699757700247,1.8814426307969967,1.2570255341828578,18.452817379497624,0.06578910120311394,-0.6914268724878428,1.1474388900726198,,0.6211296664680718,0.0,0.0,66.17615627189909,0.060934182590233546
LOW,2021-07-31,5.0,-2.355577364070142,0.0006677048675950751,0.302106256211564,0.32974675516847757,0.07408151185896081,0.1414395189159465,1.9092417982130876,1.2048197076726983,33.2939446366782,0.032334587298724536,-1.1738071546095339,-1.194662216465956,,0.5598918412943839,0.0,0.0,48.49817942646672,0.0865069492203107
LOW,2021-10-31,4.0,-2.6161791262997522,0.0009621466552154917,0.3182958132347933,0.33065185200743535,0.08625198223081043,0.1669826521431948,1.93598625590249,1.1626083997324477,36.117862222020484,0.041940174548384335,-0.9210210472832057,-0.4257289275100742,,0.28721531321765537,0.16666666666666666,0.3333333333333333,91.313730964467,0.08520597532319787
LOW,2022-01-31,3.0,-2.5323057004843066,0.0019053978845013362,0.3085571607652946,0.3330528109382955,0.08771000218184086,0.17348595384394072,1.9779494872690655,1.123649236840578,-14.793496511909352,0.05097834835752669,-0.7815883039699063,-1.0013121382974937,,0.15287833521248906,0.14285714285714285,0.2857142857142857,151.7605803255485,0.09049828854487958
LOW,2022-04-30,6.0,-2.4485923575083635,0.0013347068372853562,0.31036657020536423,0.334876316946987,0.08853653938797311,0.175059145100922,1.9772530789101772,1.1234987190636239,-14.793496511909352,0.0528811680244491,-0.744108890152852,-0.9721527833511465,,-0.07229658467999087,0.0,0.0,63.895873293664685,0.12198880251580514
LOW,2022-07-31,5.0,-2.314851453939707,0.0019483027627088814,0.31383484697359443,0.33332983898020796,0.08835122442133513,0.17697516930022572,2.003086776208725,1.1268213642244767,-9.773893418082999,0.0618689774876832,-0.657909821631925,-0.8802103798236081,,-0.22903957716209636,0.0,0.0,46.41214814814815,0.1389028813114916
LOW,2022-10-31,5.0,-2.685511537972525,0.0065345913421509345,0.26665106905664593,0.3337884172459433,0.06967994747428428,0.1422076644528695,2.0408692831657476,1.127965579337934,-6.698360755082871,0.061562518098106214,-0.5887597406215133,-1.5438428172393535,,-0.30985097237568887,0.2,0.0,372.37949260042285,0.14011376634991396
LOW,2023-01-31,4.0,-2.506274704470064,0.004267282533222427,0.2703966739877412,0.3323545472341565,0.06632048547790519,0.137593450577403,2.0746749603219135,1.1468444250702314,-5.409203364670955,0.05419083056108016,-0.5338363391112165,-0.6829452979474554,,0.4003982651709684,0.45454545454545453,0.18181818181818182,142.6093141075604,0.13014559057453828
LOW,2023-04-30,6.0,-2.505972505059062,0.003884172335747572,0.2798579556302264,0.3314464160756995,0.0664668344700095,0.13885873567419255,2.089143206253443,1.163263009141728,-4.646477304372041,0.04751177336908282,-0.5861891664080725,-0.5246215530002742,,0.7162525998328012,0.4166666666666667,0.25,63.51331709014967,0.11689749973624719
LOW,2023-07-31,6.0,-2.3373366851698973,0.00455144289356945,0.2887913471253706,0.3325324208652,0.06484173039999142,0.13350338727576896,2.0589115443437738,1.1991736714631713,-4.202018951983594,0.04874936108128578,-0.5982788299264122,-0.6781372957945637,,1.4239998418661906,0.6923076923076923,0.46153846153846156,56.79927724775947,0.09312798914540495
LOW,2023-10-31,3.0,-2.6178430961865966,0.007363515101130071,0.34302436815441656,0.33334441747303784,0.08494884669526374,0.17352616534118245,2.0427136105057593,1.202323250353568,-4.002311234981221,0.04944575195329818,-0.6101914990700394,0.9602440563859225,,2.4659699285501793,0.0,0.0,74.64009283819628,0.0939623890346656
LOW,2024-01-31,4.0,-2.555501888316922,0.00813536728513551,0.35956097784288593,0.3339353524127072,0.08944614244697602,0.17684490020142832,1.9771104193371178,1.2367244432831055,-3.9301631482754575,0.05072117052312589,-0.6168802404115794,-0.27823705097146206,,1.7207485083526053,0.2,0.4,145.5910353130016,0.06944134567686909
LOW,2024-04-30,7.0,-2.3667387238627713,0.00426686937417466,0.33438117106773824,0.3326619277926762,0.08456196643753001,0.16580941446613087,1.9608036739380024,1.2145500274637913,-3.9260099101368944,0.06433541895623567,-0.1833676095820163,-0.6479488555703867,,1.4828792032316949,0.25,0.625,84.8737213483146,0.05624556591704274
LOW,2024-07-31,8.0,-2.378725940232101,0.0039996122812457026,0.32062675745792124,0.33208764266926916,0.08248931840091403,0.15877397444634705,1.9247822327089048,1.2049673427294603,-3.9814738927022506,0.05458026149647672,-0.36200900803180786,-0.3832947214487047,,1.5307691263161942,0.5882352941176471,0.6470588235294118,65.55405092592592,0.04358274612032097
LOW,2024-10-31,4.0,-2.5973444644307886,0.005274904524265531,0.3077319791672557,0.3321468670122548,0.08185423186259287,0.15501280840548076,1.8937665759993667,1.1837096486044498,-4.111245997396108,0.05331460855363088,0.4110337804246631,-0.011774160807588328,,1.1847672778154281,0.7222222222222222,0.8333333333333334,98.24751783166904,0.03558131007509121
LOW,2025-01-31,2.0,-2.6027258093197085,0.00700614900379022,0.29593138135440994,0.3331739847503406,0.08314410689102947,0.15621070594575176,1.8787946829531166,1.1509558165253568,-4.180063906888734,0.053203762432620844,0.6861527515576721,0.2477915918164765,,0.5905858702001727,0.6842105263157895,0.7368421052631579,148.1612346570397,0.04404668785271442
MA,2020-06-30,,,,0.4151523640551561,,0.4257871064467766,0.04419958290534441,0.10380676689388987,1.9531391716214854,3.906383628588882,0.004652077866667024,,,,,0.0,0.0,204.50776515151514,0.0014579638847263367
MA,2020-09-30,5.0,-2.374574922337042,0.0010643690090492602,0.467274524881907,,0.4089514779698829,0.09205756344062398,0.22510632287628882,1.9038277752628137,4.126800225279588,0.008718273964182694,,,,-0.7071067811865418,0.0,0.0,186.10328411405294,0.008256320196927654
MA,2020-12-31,6.0,-2.3480963030090227,0.000998320876096804,0.5148512409434254,,0.4178179241941197,0.14546015107137353,0.34814243872360107,1.7953542612203732,4.135912593687323,0.014333141224215354,-0.7071067811865475,-0.7071067811865475,,-1.151435363434264,0.0,0.0,197.60122205154465,0.011745560367177445
MA,2021-03-31,2.0,-2.373763320811664,0.0012769718409284371,0.5514976723061201,,0.423771606137114,0.19820597252185762,0.46771885999772905,1.6982154017082147,4.201189023189889,0.018264221852201067,-0.8129059840289576,-0.8668027946886636,,-1.0741269701870377,0.0,0.0,189.56484759095378,0.01671225059794081
MA,2021-06-30,6.0,-2.400800802023046,0.001203002750022373,0.5164394428011179,,0.4322115384615385,0.21327165298875372,0.49344275663693854,1.5493640218049667,4.306412273800158,0.02030542181821716,-1.0254902627588358,-1.0823472466944761,,-1.0662601317246387,0.0,0.0,175.3089693969397,0.02141263886324097
MA,2021-09-30,6.0,-2.4603868470228782,0.0011163459934228558,0.49803251504992607,,0.454969642455588,0.23338740492411952,0.5129735770159691,1.4287353832828065,4.265745415891576,0.023725816657512284,-0.8486799485305675,-0.8318274237775656,,0.18252573796341137,0.0,0.0,145.9270579029734,0.021165643602571144
MA,2021-12-31,4.0,-2.4302693036068765,0.0010997896150150134,0.4778429862035156,,0.4600190637576785,0.24335037467609777,0.5290006302962392,1.3436151173807769,4.242693493905126,0.025406412829969152,-0.749759028532923,-0.8205814555520635,,1.2265767142522594,0.0,0.0,146.07048521607277,0.02127674855371975
MA,2022-03-31,5.0,-2.502723297693624,0.0011653636909707585,0.4935619656500382,,0.4769802975472457,0.26151715775767637,0.5482766460217839,1.3214941186285143,4.200193458245262,0.02637518464615763,-0.6875766499418415,-0.690229368813922,,1.8435126824633845,0.0,0.0,138.39255982596083,0.024607190237447042
MA,2022-06-30,4.0,-2.393895284442193,0.0014253076856468934,0.4917302164904112,,0.4648454349388929,0.2648679278774928,0.5697978467021225,1.3028356861457648,4.305839310294863,0.030945967020301387,-0.6386744491210716,-0.7873930935089527,,0.7838359968543064,0.0,0.0,113.7725422012154,0.030474080889483876
MA,2022-09-30,5.0,-2.4619425062826825,0.0012189345131577137,0.48382310408609386,,0.45220928082824924,0.2632318816209854,0.5821019001177065,1.282027995498608,4.456564025397292,0.039419982014315305,-0.6179541030927098,-0.7510893483898714,,-0.08703810146006703,0.0,0.0,97.47946411483254,0.03413734110659047
MA,2022-12-31,3.0,-2.4330259851174,0.0014089655387753324,0.4750390703265879,,0.4465530422269191,0.2652774994990984,0.594055967408001,1.2503484320557492,4.712269189684114,0.03234667112354642,-0.5992634632090501,-0.6801533203747155,,-0.16100472578956065,0.18181818181818182,0.18181818181818182,120.50062354892205,0.031784146479251506
MA,2023-03-31,3.0,-2.420434576809952,0.0017933494209870068,0.4495514940298212,,0.42334998685248487,0.25504445456525615,0.6024435159699808,1.2187400483299926,5.186573563640819,0.03144897028944451,-0.5682135778178707,-0.7448501301457129,,-1.0342346691310458,0.25,0.25,120.14368187579214,0.03188360277285162
MA,2023-06-30,5.0,-2.4149370095510783,0.0015789320196663897,0.4525784956830615,,0.433658329800763,0.2652389224506728,0.6116311026990588,1.1867379411449208,5.480551121565992,0.029851969916544693,-0.518257414346352,-0.4657976797942377,,-0.6968179924063882,0.3076923076923077,0.3076923076923077,116.49230769230769,0.029734083838970832
MA,2023-09-30,7.0,-2.437803140361101,0.0013376177545989998,0.46486970538192884,,0.448516436163664,0.2796249152477325,0.62344407629623,1.1678221036558611,5.584316037735849,0.028193903018919886,-0.49243114150486267,-0.32165406919415024,,-0.9332711298279103,0.21428571428571427,0.2857142857142857,111.88869529314616,0.030762585613936435
MA,2023-12-31,4.0,-2.494381821442182,0.0013538777752419868,0.46532468668390997,,0.44605147820543467,0.2797665904462021,0.6272069573040446,1.1663111562552904,5.569610901329831,0.029079688114646264,-0.445013152178932,-0.5124390627559718,,-1.6804705913363485,0.26666666666666666,0.4,124.64398848920864,0.027436456535422562
MA,2024-03-31,4.0,-2.3854222538988106,0.0014405773786149267,0.4679761555751001,,0.4609308117363219,0.28938239030587315,0.6278217531515684,1.1375714010654001,5.2336950314106225,0.02512948123445162,-1.0803859571556835,0.14946943330734577,,-1.0317396029624948,0.5,0.4375,137.9151109846329,0.022417762578926616
MA,2024-06-30,6.0,-2.4710933310332357,0.0012420913488245984,0.474592504354801,,0.4644941265630921,0.29350461219823176,0.6318801367198023,1.1401030308776587,4.930737006532235,0.028565941013769174,-0.8143343751627661,-0.27320113718378436,,-0.7076708363202746,0.11764705882352941,0.29411764705882354,113.84012535175236,0.025572854361473222
MA,2024-09-30,4.0,-2.5595858647561265,0.0011764877175448473,0.47359065399152445,,0.4526188202453537,0.28228152559844233,0.6236628106746077,1.1726993354224382,4.962779579989756,0.029818396768579027,-0.3736511758967904,-0.8950381737650467,,-0.7589500989050254,0.4444444444444444,0.4444444444444444,124.67730720606826,0.02536534103970313
MA,2024-12-31,4.0,-2.530284171151068,0.0015895483170687474,0.46130938181334014,,0.4570596797671033,0.2856873394617565,0.6250547841090024,1.1335255676466753,5.258132833385411,0.02959507377108969,0.07207709876633948,0.3344298655992425,,-0.6075234486871438,0.5263157894736842,0.47368421052631576,130.7383396037121,0.02726156033520341
MA,2025-03-31,4.0,-2.3946171000502714,0.0016807123386728571,0.45780540616050847,,0.4521311362619973,0.2824614095131662,0.624733372376035,1.1382978723404256,5.602142527757086,0.029965167588563317,-0.01479299385679508,-0.25707287055481415,,-0.7122444164033328,0.6,0.5,134.2768149068323,0.027683647034757838
MCD,2020-06-30,,,,-0.0017365220299205633,0.860560946430945,0.12861890203376314,0.009687838538694284,0.07532204353720247,0.9121320434440595,-6.277224165442614,-0.003910373033511419,,,,,0.0,0.0,221.88095944275923,0.007133534213540924
MCD,2020-09-30,8.0,-2.4499717456015713,0.0015831597095480876,0.06034448151894608,0.8809969933330428,0.2447165453832411,0.04464308781357377,0.18242774612423512,0.9866334474320398,-6.611211472411793,0.012214983218673592,,,,-0.7071067811865476,0.0,0.0,91.36709377295357,0.01227451516394065
MCD,2020-12-31,4.0,-2.808474867177391,0.0021375515516331937,0.09836922976543894,0.5422813142533843,0.2500172492306843,0.07092813101490882,0.2836929501190748,0.9939718381326906,-6.949705164418993,0.022116876854760964,-0.7071067811865475,-0.7071067811865476,,-0.38820471809935997,0.0,0.0,107.0716917157956,0.01869566664948823
MCD,2021-03-31,7.0,-2.198167110833395,0.0017973455161989617,0.1459309941228597,0.6327148537057804,0.26306453257212764,0.10100989342270149,0.3839738197889005,1.0316749906329645,-7.193798567269387,0.03174494920487326,-0.8078716179272655,-0.6288320603960639,,-0.8202566773333954,0.0,0.0,103.23768421518615,0.023840791915172858
MCD,2021-06-30,7.0,-2.414098935761289,0.001326141895056621,0.20563051109841254,0.6661209322860139,0.3171529221316753,0.13369955647062873,0.4215617991850614,1.1512395118230359,-8.031996728585538,0.04091808589009348,-0.9553726129698417,-0.5748229135167596,,-0.5566890280932301,0.0,0.0,89.20371127291028,0.023376829536086496
MCD,2021-09-30,6.0,-2.4743159093944143,0.0014013621489262647,0.22120623950083992,0.6766322200323159,0.323318950975692,0.13983393328533716,0.43249532037437005,1.223167638469234,-8.849408893530905,0.037007730198095126,-0.887306708007525,-0.6462408007599388,,-0.4032629359849605,0.0,0.16666666666666666,82.75314773962927,0.02225566882497883
MCD,2021-12-31,5.0,-2.6955572040964633,0.0012574232996839748,0.24445887559494697,0.6508188038530933,0.32490343583273407,0.14400782526750247,0.4432326943493457,1.4244591666572133,-9.987220996118031,0.03464119875502577,-0.7742132706264947,-0.588693468945226,,1.8931554217253477,0.2857142857142857,0.42857142857142855,55.341779498282996,0.022254008567644222
MCD,2022-03-31,4.0,-2.1107804590898445,0.0018416875872131497,0.23047220448230515,0.6582421235571603,0.29929430775251537,0.13589354967062667,0.45404655601735067,1.4059589239224761,-10.483759763167392,0.03737147659887097,-0.7054800267540072,-0.5944370798072935,,1.396288860266801,0.25,0.0,109.78529348157575,0.032426240821048384
MCD,2022-06-30,5.0,-2.396854938575917,0.0017696407794117188,0.20358265910942455,0.4379683314684841,0.25773488624419355,0.11767585778503659,0.4565771421162729,1.3974854874838831,-10.131530353901713,0.03224718885218524,-0.7014819097232456,-0.6059856529520433,,0.9236999407199037,0.4444444444444444,0.0,148.5796948355263,0.03894479110075412
MCD,2022-09-30,6.0,-2.4678893444685213,0.001447457086804349,0.20646202564778787,0.20308873338720493,0.25414782593745167,0.1168067783016119,0.45960172144206823,1.475940817828235,-9.606049014357483,0.03307885306083065,-0.6604607299954872,-0.4788406430088603,,1.25359329028937,0.4,0.0,85.26600014977907,0.046963630667251996
MCD,2022-12-31,4.0,-2.3596197800504743,0.0015537397653359283,0.2083592757457826,0.21920455525839014,0.2664567336726771,0.12412169632984985,0.46582307986378163,1.3824460604283173,-8.984801565972194,0.02695407443874362,-0.5932318608114839,-0.39518319166292143,,1.2192429194820322,0.5454545454545454,0.45454545454545453,99.63868563631254,0.04065085302715295
MCD,2023-03-31,5.0,,0.0014484250138249038,0.23719231925770007,0.22635643023096896,0.2936056443897772,0.13735505700816286,0.46782158188286277,1.4865848112778535,-9.100155772693249,0.02570833401510422,-0.5275610531588236,-0.31915194503624816,,1.7025125741449767,0.4166666666666667,0.6666666666666666,107.59321281840592,0.03383415148675935
MCD,2023-06-30,6.0,-2.4068354826099045,0.0012913282865047733,0.2660420192101437,0.4620758070516265,0.33061629396932996,0.15886502848154063,0.4805117938206577,1.4697945671281742,-9.626914773311402,0.028278707327235544,-0.44472169343323964,-0.2609681467862449,,1.5950814102363597,0.3076923076923077,0.6923076923076923,91.46414053156145,0.029943073431042983
MCD,2023-09-30,6.0,-2.4698989323623195,0.00119492425440921,0.2740177762556877,0.6894842261393122,0.3331880749533241,0.1626294691271838,0.4881011097109834,1.4915234239157436,-10.475223497000009,0.034657844057436146,-0.3575825944703416,-0.41640501446001355,,1.3962477318496713,0.0,0.07142857142857142,80.16277049180327,0.03547244374260426
MCD,2023-12-31,4.0,-2.6091014656815856,0.0012672490392857574,0.26741252740378474,0.6705628554618552,0.33226122769170424,0.16082266173750556,0.4840247622473975,1.3872631144931393,-11.360626475216366,0.032978381972060454,-0.3270465947113844,-0.41854590278227644,,0.5812136622833933,0.2,0.4666666666666667,100.73804977876107,0.03400416978568823
MCD,2024-03-31,5.0,-2.086179150106396,0.0014248498445343315,0.25189841382947287,0.6729022743149887,0.33369556780253046,0.16208092452859532,0.4857149454993937,1.2274927395934172,-11.94231612167967,0.034627009751548275,-0.40321981075247315,-0.28795137629081397,,0.3043141405785727,0.0625,0.25,99.61750758725341,0.03779268445795393
MCD,2024-06-30,7.0,-2.4137480955572546,0.0013351270780790783,0.23502725362596863,0.6723863504018013,0.3225668698319034,0.1541921036162029,0.47801593417375976,1.1750700778869292,-12.216815494775405,0.037926892388158634,-0.8302957817201314,-0.6530439631620597,,0.5688111964793872,0.0,0.0,86.45117594891805,0.044553423679006936
MCD,2024-09-30,6.0,-2.4638410099307517,0.00135786221602465,0.20593996293783665,0.673875332485255,0.3179908253344127,0.15023380123935146,0.47244696786883456,0.9634368454603406,-12.240851630073188,0.028168409335883243,-0.29909582203823376,-0.25870938005100463,,2.544370360882302,0.3888888888888889,0.5555555555555556,90.8248522247483,0.03493192050695677
MCD,2024-12-31,5.0,-2.736624834993654,0.0011623141250345387,0.20411859128263524,0.6724663400331777,0.31734886771343696,0.15047538037289576,0.474163911335501,0.937091330942839,-12.738203875677707,0.030735700780188953,-0.649469202803927,-0.16257810167717923,,1.6298406857944208,0.3157894736842105,0.42105263157894735,98.28963776070252,0.035193404624105674
MCD,2025-03-31,5.0,-2.025759672674906,0.0011098017275173527,0.2083861966832669,0.6700120589722643,0.3175788695686,0.14744246736769864,0.4642703954705327,1.0200696632940787,-13.839081792359863,,-0.956858824423738,-0.28447365737678104,,1.4830872829193806,0.0,0.0,,
MDT,2020-07-31,,,,0.18830266112310784,0.6150299677270632,0.07484247733210389,0.005232002234612864,0.07010406367949798,2.649782583147256,0.8038254331227472,-0.00042994902033044653,,,,,0.0,0.0,867.3080808080808,0.005973220318162275
MDT,2020-10-31,5.0,-2.5010013188349514,0.00012255037525049607,0.19228965904099657,0.6319061749328811,0.06895577221986718,0.010329845951938699,0.14980393402022577,2.360689990281827,0.8541082046350988,0.011207473072446452,,,0.7071067811865482,-0.7071067811865476,0.0,0.0,268.72035479041915,0.011957579537925152
MDT,2021-01-31,6.0,-2.4966461026393723,9.45006309386301e-05,0.20825190314319952,0.6428929727757764,0.10237584933193489,0.02352945286598169,0.22983401866285633,2.262819351331763,0.8727084778142706,0.02329702521431011,-0.7071067811865475,0.7071067811865476,0.9217797827440147,-0.43723447919519454,0.0,0.0,190.10390402075228,0.016003870604996653
MDT,2021-04-30,8.0,-2.396860427298301,9.812866794624707e-05,0.22992317791404576,0.6518909585948136,0.11969983730119202,0.03801559641250877,0.3175910449807286,2.3419263388030656,0.8553226248239161,0.027478358359958377,-0.7733644822355538,-1.0452986487023856,0.9402633528911919,-0.3100289615011384,0.0,0.0,181.99960394412489,0.021217680191149026
MDT,2021-07-31,4.0,-2.453890431697801,0.00010983182318048887,0.22456841703427216,0.6652530303509827,0.12282811659334747,0.04115413980318969,0.3350547166610112,2.153225806451613,0.83500350249066,0.032931418170291035,-1.030112311211587,-1.2651993280792293,0.7563182117624194,-0.45665500065389747,0.0,0.0,479.7961739130435,0.02336977668617579
MDT,2021-10-31,6.0,-2.489631756967592,7.857017586650933e-05,0.2424899352964196,0.6739000534641633,0.14790703525489826,0.05042269074690554,0.3409079944034351,2.295926285160039,0.7987811639691241,0.03553790694273795,-0.8959380775229827,-0.8271497658455025,0.5690665160120548,-0.5748693444068927,0.0,0.0,173.3548112244898,0.02821240733042924
MDT,2022-01-31,6.0,-2.4865617235169495,8.31354562814201e-05,0.2511288830857951,0.6788736825546642,0.1545697656127104,0.05345737446276046,0.3458462542843153,2.4350702840592033,0.7573137153674067,0.04048196293630321,-0.7830603072233076,-0.9488670864886443,0.1296806453096071,-0.8067889201896233,0.0,0.0,141.18268995290424,0.03589048985934314
MDT,2022-04-30,6.0,-2.461078017431495,8.964054140055151e-05,0.24342658911462636,0.679827052957142,0.1590292242630815,0.05514365913580179,0.34675173315678026,2.2195192446649648,0.7379752372620247,0.042387511995141194,-0.7042324458523986,-0.8565637684160967,-0.06452258660630626,-0.5789322910097454,0.0,0.125,142.2738164556962,0.04202589220394812
MDT,2022-07-31,4.0,-2.5109034994477626,0.00010753175818729842,0.2382075005762076,0.6761184422272288,0.1675249436755713,0.05712686444305423,0.34100512550349565,2.1131546640105627,0.7319042369176376,0.04633591521815299,-0.6741107648842843,-0.7579079185481044,-0.027750784459626365,0.27546888471680064,0.0,0.0,226.53523076923076,0.04863610747858918
MDT,2022-10-31,5.0,-2.4611297801235374,0.00013364619992401263,0.21061163366471916,0.6721306154245651,0.14025577772007272,0.04723204477261175,0.33675649973492777,1.8841731382818614,0.7398185742675935,0.04144859308587268,-0.6001057044360013,-1.0206479180108117,-0.20445219403327633,0.9657688777968192,0.1,0.0,153.39834980237154,0.04963172469469699
MDT,2023-01-31,6.0,-2.449866323190455,8.667154943824894e-05,0.19416946354285466,0.664272715455609,0.1320356167944885,0.044130904667253196,0.3342348507065507,1.7343250131039094,0.7600542919818963,0.03737158116414897,-0.545512210940063,-0.7406619862733117,-0.3864535369108544,0.923359136478472,0.18181818181818182,0.0,151.53640280561123,0.04941014619590316
MDT,2023-04-30,7.0,-2.4273180106230354,9.670956105491703e-05,0.18824021420928855,0.6567503522479826,0.12034071986678621,0.04082142527387179,0.3392153987366866,1.740215291195142,0.7688320796226379,0.037785952725565536,-0.47745497930102004,-0.7181777985548184,0.07086498536363472,0.4921838032236858,0.4166666666666667,0.16666666666666666,114.58657782515992,0.03515413636760584
MDT,2023-07-31,5.0,-2.500905612972927,0.00011162907201129655,0.2010940094987551,0.6568015463100859,0.1147057891568174,0.03923045453683409,0.34200936870937765,1.9111358800283718,0.7856424099929368,0.03796529008830501,-0.46476913979053264,-0.6030965524350126,0.5136312143223356,-0.5382666166211185,0.46153846153846156,0.07692307692307693,168.79393790149894,0.034958138398142234
MDT,2023-10-31,5.0,-2.459608615176804,9.427284327194127e-05,0.21510226946672314,0.6540146442205395,0.1283872582764879,0.04484826954870268,0.3493202530434901,2.042907180385289,0.7738869095227708,0.04304159284155638,-0.38117092137688047,-0.1005041481565127,0.5821749221846758,1.355375086253118,0.0,0.0,131.2657980392157,0.04459513364622071
MDT,2024-01-31,6.0,-2.4769159721684786,8.34610181966043e-05,0.2184785246299442,0.6550123762376238,0.13007425742574258,0.04637003375173722,0.3564889369305773,2.1120776419841842,0.7546885886815824,0.0422982169607392,-0.24082656549940032,-0.22016505503667722,0.911617181524133,1.0978837275888222,0.26666666666666666,0.06666666666666667,143.5150073800738,0.03658525559471764
MDT,2024-04-30,4.0,-2.468393007554712,0.00012241068957675875,0.2076625958377456,0.653472994685453,0.11361389197874182,0.04066589434277357,0.3579306512128158,2.057347670250896,0.7606108252566606,0.04896900653638299,-0.28539588623981027,-1.2290538654551588,0.5094140260214618,1.4705073737966698,0.4375,0.0625,183.86343797468354,0.05465694498791671
MDT,2024-07-31,5.0,-2.507731343162818,0.0001123107251909903,0.20194148914047097,0.6516560763729011,0.1206372594161525,0.043587845313058884,0.3613132917973332,1.9182403573054658,0.783439899911483,0.04940707666825948,0.40152154908625554,0.5834712626194842,0.8322802760132988,2.312564044733268,0.11764705882352941,0.058823529411764705,144.60953722334003,0.07801420619104762
MDT,2024-10-31,5.0,-2.443721226766384,0.00011871118153098197,0.19550978075794634,0.6504727845799491,0.12995514607831252,0.047564377741912224,0.36600611193380034,1.7733969496127127,0.8094485423252546,0.04787741501138493,0.9417081416317397,1.048354299460241,1.4851673578606555,1.2764141608683883,0.16666666666666666,0.16666666666666666,128.1458092485549,0.0710891241258334
MDT,2025-01-31,7.0,-2.4892071282926764,0.00010753466610875338,0.18979543616101585,0.6527003825416429,0.12825687520708456,0.047345173333036825,0.36914335591439396,1.7147517566211103,0.8269370426233171,0.0468014244069591,0.23990035599595588,0.012330818546745838,1.696810533443055,1.8688639225774508,0.2631578947368421,0.21052631578947367,121.73178825347759,0.07014649196828661
META,2020-06-30,,,,0.5400176102970127,0.7950981966072671,0.2770910258468454,0.03706752761452062,0.13377382938056137,5.233018099922768,0.2647785815821163,0.0009514565491897758,,,,,0.0,0.0,114.53606070769747,0.002092592539054041
META,2020-09-30,7.0,-2.3335380207394585,6.303933749386665e-06,0.5916219314432701,0.8002091789725329,0.32432701646039297,0.09103617961192194,0.2806925571772074,5.233018099922768,0.25396839309661756,0.00893082493641641,,,0.7071067811865476,-0.7071067811865553,0.0,0.0,97.77710199004973,0.004085040155033416
META,2020-12-31,7.0,-2.161141430650282,4.73346842892821e-06,0.6902322177422974,0.8060502132524293,0.35531811986105616,0.16327304891299466,0.4595123068219574,5.233018099922768,0.24960445257358305,0.020338240172995518,-0.7071067811865475,-0.7071067811865477,1.0915815772181185,-1.1168236484333995,0.0,0.0,64.62989484670581,0.006309138436517604
META,2021-03-31,5.0,-3.1978310245024506,5.425094955069844e-06,0.7752623705389619,0.8054661016949153,0.35741525423728815,0.22162120443308095,0.6200664403818269,5.233018099922768,0.24247283856159144,0.028461346324999196,-0.9366678158038858,-0.9411502571088113,0.955800509884501,-1.111581712541937,0.0,0.0,77.21444542098786,0.01055681627626631
META,2021-06-30,6.0,-2.400680796499545,5.257484860331392e-06,0.8003313095321816,0.8097719248019849,0.37175302986926234,0.24351875727669817,0.6550552052321902,5.233018099922768,0.23552582037246214,0.03204897137017332,-1.0654234080555856,-0.9605256321881009,0.9957012460507785,-1.3749176720915752,0.2,0.2,83.63659497048597,0.014615892948625605
META,2021-09-30,4.0,-2.4786469528431367,7.269297983909591e-06,0.79056939850656,0.8085017359565566,0.3587999643906347,0.2431492851788674,0.6776736602853854,5.119071277159512,0.24271930186267418,0.036903441385039086,-0.9138963917779889,-0.919583226186175,0.8351156515546014,-1.5860600440651904,0.0,0.0,96.19982346733187,0.027212784008376817
META,2021-12-31,6.0,-2.363885676248867,8.362361019552385e-06,0.7477237705015947,0.8079437627725157,0.3338449405998525,0.23514866269277174,0.7043649134543022,4.510294869097358,0.26329927205573045,0.04141578543243475,-0.8214400743808822,-0.8580495407028309,0.40562368680798616,-1.3444825980023658,0.0,0.0,77.8201072705602,0.047155507613364005
META,2022-03-31,3.0,-2.643642595008017,1.2568095559856949e-05,0.6826728560155967,0.8034278742499958,0.312018451356275,0.2227807619044778,0.7139986783989833,3.765322333026286,0.2899879544501187,0.06411940995296743,-0.792950036477258,-0.7962545877839013,-0.7893728903968895,-0.3459232419204231,0.0,0.0,77.43569802909433,0.0805031427138968
META,2022-06-30,4.0,-2.45404557724886,1.500442775323736e-05,0.5950699629164433,0.8047416067196489,0.28164071986667893,0.20091133251390073,0.7133603855614582,3.128741641337386,0.3200396661107102,0.08215397011803632,-0.7497018940156887,-0.7868845115009239,-1.741568802772545,2.11836786903062,0.0,0.0,57.19729600382867,0.11031124902493593
META,2022-09-30,4.0,-2.588383497776677,2.625269214651253e-05,0.5084695630142677,0.8030648097193414,0.24410108792278712,0.16988030249912356,0.6959424226444221,2.7573371592539453,0.36329643671882533,0.0726906848838924,-0.7062052154452008,-0.7840717096227263,-2.1233578465408836,2.6083403959576845,0.0,0.0,72.35163488700564,0.11288300236639023
META,2022-12-31,5.0,-2.3624571143639157,2.3348770043341768e-05,0.42661368587697424,0.7834729737841848,0.19895548371051977,0.13283368020864048,0.6676552851486792,2.5061924830136753,0.4005918179959182,0.06143638125604641,-0.6601235482110537,-0.8045971586291495,-2.167603561338431,2.3982900366143785,0.18181818181818182,0.0,56.87155180496953,0.08904118795137299
META,2023-03-31,5.0,-2.6177289627046654,2.3563097300552884e-05,0.38241402382280487,0.783955141206347,0.18274163584613023,0.11931711483382043,0.6529279125764545,2.3258829937006094,0.43672169938585326,0.03217579240454279,-0.5750609222558861,-0.5518219823235405,-1.9395384228247827,2.017358505686806,0.5833333333333334,0.25,83.68987685069877,0.05055468935956378
META,2023-06-30,6.0,-2.4120026762295557,2.365965837515842e-05,0.381215136279439,0.783402338142927,0.18705973133758702,0.1193172797036253,0.6378565758137074,2.284502213969433,0.4859378532739587,0.03229758021886473,-0.49395488193972364,-0.29771507027805116,-1.5047543958130118,1.3013357582842258,0.7692307692307693,0.38461538461538464,86.39086563032367,0.031323716792190995
META,2023-09-30,8.0,-2.4770127287505126,1.808088172832475e-05,0.43248442976373586,0.7904848174550038,0.23420109487613722,0.1499432663455962,0.6402329862074182,2.303493739976431,0.5039039540095637,0.047649341409517695,-0.2934873517203647,0.727284531306285,-0.9893639024373876,0.4546098992178221,0.6428571428571429,0.42857142857142855,62.50335394239162,0.02610188518674313
META,2023-12-31,7.0,-2.2748085245761867,1.80534114118022e-05,0.5023854464827566,0.8075774086181718,0.2898199420315639,0.1868265247122125,0.6446296393636898,2.4261713344596028,0.5086011292755588,0.04668164360571439,-0.002099226556089781,1.3209072065597862,-0.61080764529525,-0.1059800705572571,0.4,0.4666666666666667,61.924015502929684,0.02094678271442762
META,2024-03-31,6.0,-2.6118357891152657,1.9891752042750705e-05,0.550568007228456,0.814380110853403,0.32062700142245515,0.20907235195544127,0.652073440564569,2.5609934197970343,0.5103941836049848,0.0390217687635209,0.5845104790701268,0.7785727184521993,-0.2544177055350494,-0.4565170341083025,0.6875,0.625,97.59762628455637,0.020939122384816194
META,2024-06-30,7.0,-2.3961859044176723,1.7259235411168703e-05,0.5845742781533272,0.8140443174459051,0.34339010435096107,0.2288551790420021,0.6664582821178248,2.682948399605429,0.4924950152158358,0.03781190202962856,0.6198993196973569,0.5263705661674355,-0.012470202660142985,-0.4159457485986381,0.47058823529411764,0.5882352941176471,93.63344109921196,0.025346990936723934
META,2024-09-30,5.0,-2.530233368850532,1.9942511696128818e-05,0.5967077444354407,0.8142562697630356,0.3555042054459565,0.23655939168129927,0.6654193904247945,2.725968686407243,0.5050153127699366,0.03515383540364324,0.528332724184844,0.2401760506833348,0.11614989413210762,-0.43461809858609235,0.6666666666666666,0.7222222222222222,90.32420749279541,0.026787489988873536
META,2024-12-31,7.0,-2.336999463992748,1.4800726635599837e-05,0.6232358981435634,0.816644376899696,0.3790881458966565,0.25309879619783593,0.667651571111995,2.8097204808614205,0.5081979254978897,0.03523474198732664,0.867055282122423,0.4221072593706895,0.467357398077928,0.23489290950613007,0.3684210526315789,0.6842105263157895,69.23656950864579,0.02293529393637993
META,2025-03-31,4.0,-2.6062257959218527,2.0333763748596372e-05,0.6223874858209649,0.8174795578748407,0.39114458291020726,0.2555726124806192,0.6533967838160997,2.799014238773275,0.5137541040237577,0.035042850470708056,0.19302415635368342,0.04266707776210067,0.5929505824543289,0.9335867687989766,0.2,0.5,90.07468812304187,0.022105848152069264
MMM,2020-06-30,,,,0.2222143348344018,0.4697603121516165,0.18199554069119286,0.028971361387785888,0.15918720468510836,1.937105190881626,3.1300045808520385,0.016942793359113754,,,,,0.0,0.0,92.21211529933481,0.010287090169833236
MMM,2020-09-30,7.0,-2.419555486123288,0.0006962539503417103,0.26406393350208357,0.477779209068659,0.17622053329898235,0.06048480695044711,0.34323359382772,1.9205009528995372,2.9578703298626303,0.03923299200487364,,,0.7071067811865475,-0.707106781186547,0.0,0.0,66.5763918281823,0.020023833077897256
MMM,2020-12-31,5.0,-2.459618365290303,0.0006663079049342484,0.30520923280096945,0.4816873366792484,0.17176158281139822,0.0901438906344104,0.5248198645991308,1.9080388692579506,2.850708318198329,0.057319253914490234,-0.7071067811865475,-0.7071067811865475,0.925674906020092,-0.9262041490988805,0.0,0.0,73.60889075175771,0.027601787001201892
MMM,2021-03-31,7.0,-2.454496778425187,0.0005854755192143048,0.35315930873060064,0.4835861650485437,0.17490898058252427,0.1246533652624694,0.7126756147529907,1.8883011321485017,2.728419694862648,0.06428352934882148,-0.785639619188254,-0.7312875878452838,0.33515717394310396,-1.0882061383938701,0.0,0.0,73.62702306920762,0.03308893317349142
MMM,2021-06-30,4.0,-2.458681423009571,0.000589552091295837,0.35409226388128845,0.48364714688777566,0.17225197213105314,0.1271484053320299,0.7381535535354716,1.8328759687584812,2.5367920628358824,0.062091710615808,-1.028238042681785,-1.0739248030909108,0.4802889020485925,-1.065505408956915,0.0,0.0,76.20878691019787,0.029830812153134698
MMM,2021-09-30,4.0,-2.5000160529368163,0.0005928191006876061,0.3494299064931531,0.47673101964558684,0.16947857102417482,0.1253106865715377,0.7393895630242427,1.783078053467473,2.4245856106083683,0.06454138001838156,-0.8877458435694002,-0.918364950592596,0.6578574723272739,-1.0177296527275042,0.0,0.0,76.44001454138703,0.039018463093366255
MMM,2021-12-31,4.0,-2.5138904534912214,0.000530078918062647,0.3438033505033091,0.4683920237590157,0.16747277612784614,0.12410591237548274,0.7410512636438427,1.7414799989032983,2.29080374540877,0.05667127651301386,-0.7921664498630715,-0.8082636777461892,0.26529470139510064,0.15517523999603192,0.14285714285714285,0.14285714285714285,84.99750556930692,0.04781818994151288
MMM,2022-03-31,4.0,-2.441232637233316,0.0005578061512036663,0.3259529739541559,0.45954207115161466,0.15837885263068519,0.11811389252395627,0.7457680780108912,1.6806397938919007,2.20300167323001,0.05947726353901741,-0.709330603562074,-0.7994541529831358,1.1183305419947176,0.6208205704660741,0.0,0.0,72.46908104814138,0.06538445037541446
MMM,2022-06-30,3.0,-2.4740663344450606,0.001107005872232268,0.2726004742050643,0.34219752030782385,0.11828416702294428,0.08884654702711961,0.7511279764931305,1.6118298955405908,2.195631723878427,0.0590179008417499,-0.6595505344973155,-1.0885928321163678,1.3839581862342478,0.6425463912861723,0.3333333333333333,0.0,965.5100636363636,0.07091862981806983
MMM,2022-09-30,5.0,-2.5136951936758543,0.00032351620685096874,0.3398647807423526,0.22774869109947643,0.18914331741556872,0.14236455068556922,0.7526808381645258,1.5750810609684793,2.180021689360164,0.06266571405890291,-0.6147092521791727,0.7746688647038213,1.2512844129399205,1.1164384101853555,0.0,0.0,66.09357541899442,0.07749464158132889
MMM,2022-12-31,4.0,-1.2871310018997155,0.0008585040635058956,0.30889202693895285,0.1530140285157295,0.22082489201483124,0.1255051053660656,0.5683467303932218,1.536154693813297,2.1884459529664393,0.06152939735167244,-0.7912359107516975,-0.8120959835508494,2.8334328394598614,2.138939211192193,0.09090909090909091,0.2727272727272727,-76.78427466456196,0.06777062766196083
MMM,2023-03-31,6.0,,0.0004910819928366891,0.29161495212016136,0.134763237787328,0.21503765327445493,0.11782815107668876,0.5479419500839855,1.4945088314185941,2.1871481934140085,0.07226530509338666,-0.5578962940384623,-0.6148113364886165,1.9392330540787182,2.170231871001174,0.08333333333333333,0.16666666666666666,72.45072683319903,0.06294407821080322
MMM,2023-06-30,3.0,-2.422467203373797,0.0037597614328657857,0.0822008843028286,0.2603294979079498,-0.06385111576011157,-0.031104529265328005,0.4871415149922769,1.4867597021549386,2.613706985844171,0.08317121920114828,-0.6838790687615242,-2.3432235724759285,1.9295394783454625,2.0589743758978156,0.0,0.23076923076923078,-9.564607929044668,0.06623394424346486
MMM,2023-09-30,4.0,-2.5205423088299894,0.002990101234383068,-0.1213915618060696,0.41403253216800195,-0.1613158266361148,-0.06416635287421729,0.4294158734792173,1.3253372345689636,3.4918401273736217,0.09831661982913258,-0.7756774215259935,2.9466618594912632,1.9931584604019492,1.75324965714851,0.07142857142857142,0.42857142857142855,-28.472802043422732,0.06846706198606586
MMM,2023-12-31,6.0,-2.7110414342133824,0.0014917956416802946,-0.1322937025111371,0.4037463326562853,-0.1613158266361148,-0.06416635287421729,0.54266279526655,1.2112525117213664,4.973328862742707,0.08548840296383543,1.7453771194793628,-0.25573657080812573,0.1204144915410039,0.31347066746028346,0.06666666666666667,0.13333333333333333,112.82514349276974,0.0584104790312317
MMM,2024-03-31,4.0,-2.2333364408420535,0.002168770461791003,-0.10441259959671895,0.4007569899474991,-0.1613158266361148,-0.06416635287421729,0.4810203402439263,1.2750706407802388,8.126088704274421,0.08130341482991585,-0.6567330706219364,-0.1818131439637872,0.712591494772612,0.2020040156111784,0.125,0.25,90.90344908616188,0.05747544281572483
MMM,2024-06-30,6.0,-2.755444215182658,0.0022547852782690008,0.11975596139240825,0.40647027665729535,0.03842236075459398,0.018971838990851066,0.49377077874067626,1.2650178497871756,9.735475161987042,0.0780668324049389,0.08584959156910228,-0.9570649776595161,0.6855482540665657,-0.3163480452340865,0.8823529411764706,0.23529411764705882,80.0080676100629,0.05690094924047286
MMM,2024-09-30,5.0,-2.4448518004335402,0.0022784558567365974,0.2531863737998159,0.4098587536125697,0.1786949973541743,0.09238458503222412,0.516995922662107,1.3620107401871229,9.28377427906725,0.010575205127875936,0.11899292883944966,1.9211088072492724,0.5570970577685682,-0.7402688613030922,0.5,0.6666666666666666,90.00918693009119,0.045570001571059886
MMM,2024-12-31,3.0,-2.5892422229892,0.0027273273343171762,0.28525615650942504,0.4121261444557477,0.16980671414038656,0.09306267178849595,0.5480506012945814,1.461892797319933,9.244045919241533,0.009913633952724136,0.11317966156977025,-0.2936894465300575,0.5043159797721276,-1.0560178059103555,0.42105263157894735,0.5263157894736842,102.27876313364055,0.05234795839700255
MMM,2025-03-31,5.0,-2.3643598910510746,0.0019150150670913051,0.30179617360776734,0.41092481540407133,0.1779056011096153,0.10631982495383097,0.597619323341724,1.4502723768921042,8.595356453593777,-0.00013675600969933297,0.08757099384362471,-0.24252238381185554,0.11647414045490606,-1.4579872858123921,0.65,0.7,94.04351685393259,0.04498029482656242
MRK,2020-06-30,,,,0.14126579484632787,0.7062974446701593,0.3209665348016679,0.03312917287424819,0.10321690669315235,1.323067905131211,2.266111591695502,0.006888859175158274,,,,,0.0,0.0,106.31557845648605,0.008112638747355154
MRK,2020-09-30,5.0,-2.3467589208956827,0.000461480960680004,0.18094282626167446,0.7160043388226013,0.2930184399960556,0.06588144001330266,0.22483718094393482,1.313200103327619,2.164398217981548,0.007068041838566859,,,-0.7071067811865475,0.7071067811865475,0.0,0.0,108.58618651775029,0.015029088963189208
MRK,2020-12-31,2.0,-2.750048495838836,0.0012456108421116893,0.1201994095653357,0.6545308997758565,0.12324687800192123,0.04245173766465811,0.34444473038900303,1.1970247461021315,2.300286345215851,0.016667608520356866,-0.7071067811865476,-0.7071067811865475,-1.0925337678735345,0.776199050845147,0.3333333333333333,0.0,-109.00451977491961,0.022725060708314652
MRK,2021-03-31,6.0,-2.212413995066808,0.0003602721593302122,0.15583078407055256,0.6658145590940583,0.1679050099147096,0.07747554085710348,0.4614248311974645,1.1487675416272813,2.315000411120349,0.018505479498106287,-0.7925438686894568,0.46863576205225443,-0.5241832245015907,0.5867291828778436,0.0,0.0,91.63526902792506,0.032574748876528614
MRK,2021-06-30,7.0,-2.487735361256018,0.00042997001765947545,0.1319751021566558,0.673279278458525,0.12688470824033163,0.061401454302978865,0.4839153208807378,1.1449598433317014,2.153082944544357,0.01743150184887634,-1.0022518825370026,-0.7538237268676032,-0.8919948951407793,0.669329480474302,0.2,0.0,147.40910886792452,0.03479919100031933
MRK,2021-09-30,8.0,-2.392215439967962,0.00021082084003777167,0.15927248327273422,0.6795647178686783,0.15601222605189569,0.07852336361925388,0.5033154490926498,1.1517689937778135,2.0126136046148537,0.035520983524899546,-0.8198863792822095,-0.02632969119426726,-0.2588689654758041,0.1334744580762789,0.0,0.0,51.12933373958968,0.03801994718996786
MRK,2021-12-31,3.0,-2.3793066623348054,0.00033450332240659875,0.25822343278446536,0.7202077858081471,0.26792460578186594,0.1370970495609669,0.5117001074271846,1.2193768450040159,1.8296654700587898,0.04521713818157251,-0.70696357065409,0.7369031953384586,0.9247528948933308,-0.3521377437832295,0.0,0.0,67.5844011736463,0.03778346985704837
MRK,2022-03-31,7.0,-2.4258189851183323,0.0002563416135673083,0.2890705697224015,0.7071399459038867,0.2626996183630368,0.14303582956746289,0.544484344738541,1.3196510640151597,1.671031449336863,0.05905529305822877,-0.536270681727645,-0.48935753243786373,1.1135823917565932,-0.846190784948904,0.0,0.0,48.057915332621846,0.03528521333382334
MRK,2022-06-30,5.0,-2.4661316221978336,0.00024400272487867924,0.3164791948681563,0.7040354038027602,0.28999982508002586,0.16059048167942444,0.5537606156662654,1.3388337415667568,1.6071620230947465,0.06245147293409647,-0.6005680985784305,-0.31404094260764925,1.4462440224068736,-0.8627821814503284,0.0,0.2222222222222222,58.261653838563255,0.03086731631398987
MRK,2022-09-30,7.0,-2.491439410667923,0.000222956721918086,0.2981764813451556,0.704886899311561,0.2587580967884152,0.14310565529917615,0.5530480285461085,1.3765186131623968,1.5533247132629362,0.06994887195624425,-0.6195104007257733,-0.741750871278532,0.9153053133592025,-0.9419667984459994,0.1,0.0,69.11557233317097,0.0326150947409119
MRK,2022-12-31,5.0,-2.4951703747376253,0.00020441887589217888,0.30032464814280796,0.7063070357438052,0.24491000792807383,0.1350592087515465,0.5514646375382555,1.4299133961022854,1.4592314687194385,0.05721124190295623,-0.6406552113825872,-0.6310503753064891,0.6931142188988776,-0.9312458023639278,0.36363636363636365,0.6363636363636364,99.39756237453399,0.026151690056505826
MRK,2023-03-31,5.0,-2.36821187679361,0.0002200030900662807,0.2841032444819684,0.7242565103941662,0.22516373187717084,0.12089104960893647,0.5369028510989674,1.441167037290455,1.3845137026077818,0.04692320647879968,-0.6723616261242688,-0.6955854057524121,0.1163634924895325,-0.7511526876811178,0.4166666666666667,0.5833333333333334,87.75161324224908,0.02716645475996781
MRK,2023-06-30,4.0,-2.4533613696572756,0.0006549565686016302,0.14959323790098622,0.7296393476359521,0.053351854710089006,0.029040433506181944,0.5443190993825058,1.4148802286640643,1.4315294304569623,0.04198648752568519,-0.5532230696962084,-1.7231524115764336,-2.066410922108359,-1.1116377612945125,0.9230769230769231,0.6923076923076923,-71.03839984038308,0.025036247947394594
MRK,2023-09-30,8.0,-2.528461870227433,0.00014125435827221254,0.16452381397260787,0.728647536837846,0.07768823549246384,0.0430501317289187,0.5541396513387769,1.3963114492105095,1.474795526140863,0.05585426310333764,-0.5183414857784812,0.8383492565997891,-1.3983360311730053,-1.1943230441031325,0.7857142857142857,0.42857142857142855,55.5002469346049,0.030185719240000505
MRK,2023-12-31,2.0,-2.4992764296321246,0.0006762316269255153,0.09554322980169945,0.731743021592308,0.0060717969191868785,0.0034299111746975922,0.564892274947318,1.337708392349417,1.5863520919663148,0.04117978410104499,-0.48610871644164744,-1.802956381425496,-1.9266828387078103,-1.211405252727362,0.9333333333333333,0.4666666666666667,-200.519725627554,0.031148119841115117
MRK,2024-03-31,7.0,-2.357491040522357,0.00017265462431268063,0.11051921079958464,0.7436565584182926,0.03755577994202143,0.02176909279713018,0.5796469366562824,1.2905294970240848,1.6800589496587623,0.03978184036739665,-0.33749079463747417,2.957421100048519,-1.456442455003853,-1.2558236393421094,0.875,0.75,69.80651909722222,0.02585491931620754
MRK,2024-06-30,6.0,-2.4842437063966676,0.00022795308256132223,0.272092544010966,0.7525408537268522,0.21984986955617086,0.12722022964659246,0.578668661043204,1.3384293675648093,1.6494629065009478,0.049090768230357344,-0.37606560931530725,2.0566621443405437,-0.023355927261067753,-1.460910607885942,0.35294117647058826,0.7058823529411765,62.3638544386423,0.027630028144400076
MRK,2024-09-30,3.0,-2.5074592426808713,0.0002790542023885866,0.250554117365356,0.7581758318295502,0.19229429828727007,0.10976629032768147,0.5708244670037002,1.3357791786845048,1.6625006766225408,0.057021868479167785,-0.47095953364523085,-0.4517491464841768,-0.31858481858707105,-0.6968617457969286,0.3888888888888889,0.3888888888888889,89.77427459839357,0.030427373601986944
MRK,2024-12-31,6.0,-2.5530427796303825,0.00023220255645807752,0.3164939739625748,0.7632308939035033,0.2667528986410672,0.1511044608787576,0.5664585526475502,1.3630101222919433,1.5891808187241434,0.07459697726005604,-0.24409655103878003,-0.1262723026657962,0.44872833194448164,-0.8074508287599277,0.21052631578947367,0.10526315789473684,73.99035188592457,0.03556561179276221
MRK,2025-03-31,6.0,-2.4006256388105274,0.0002182862630165261,0.3082428253206168,0.7642126341478677,0.2727386502299678,0.15081641038949803,0.5529704362118558,1.342502746246796,1.5269974860640507,0.07815300611103247,-0.9204941755807985,-0.35007512021684095,0.538246941226648,0.3145475503771778,0.0,0.0,50.03117062489473,0.04480537590561529
MSFT,2020-06-30,,,,0.4885609884803409,0.675571214471643,0.294533694423264,0.0371775341756524,0.12622506314074164,2.5157654542940118,1.5469214903976196,0.006746797466223267,,,,,0.0,0.0,129.86347132095173,0.005979182381595886
MSFT,2020-09-30,7.0,-2.7230287823197754,8.591549664762473e-05,0.5482494122647399,0.6895606953329698,0.3337678056046923,0.08332890594907623,0.24966130510433132,2.521613306547912,1.4920230372037602,0.015526459567975577,,,0.7071067811865431,0.7071067811865489,0.0,0.0,112.53453073822122,0.012058842094293783
MSFT,2020-12-31,6.0,-2.303905210096931,8.39751083887428e-05,0.6156763370029642,0.6826141734946687,0.34294749837227195,0.13423149013347688,0.3914053631257798,2.5397184682538168,1.4371363582590366,0.019647560939671255,-0.7071067811865475,-0.7071067811865476,1.127982211764711,-1.0979828778252212,0.0,0.0,104.605411707735,0.01761149226348214
MSFT,2021-03-31,5.0,-2.4577432029402093,7.992975692952095e-05,0.6693870296742936,0.6838137389119142,0.35016159380880046,0.18436175254746043,0.5265047789567919,2.476835256785265,1.399761470824604,0.028122797829359055,-0.8891594526023743,-0.8214762404655039,0.9105950722527838,-0.7053349002357553,0.0,0.0,115.46031440638198,0.02266036921897136
MSFT,2021-06-30,5.0,-2.1297345582383915,8.597710431394956e-05,0.6622326085353696,0.689258007710247,0.36451739564989766,0.19641351631196124,0.5388316679970123,2.349493284002252,1.3537946997006345,0.026346227835552512,-1.1226304414206534,-1.0029992481760572,1.1076272017903828,0.10692435609302409,0.2,0.2,117.45818538884525,0.02045753284567321
MSFT,2021-09-30,7.0,-2.693595122217378,6.538937247240216e-05,0.6609594505749046,0.6886485750435458,0.38514958780375713,0.21176824755325363,0.549833763969013,2.260927139452963,1.2949649816451199,0.027543943731590734,-0.9005350282450159,-0.8038727560319179,1.1145003414048649,-0.011118740773743667,0.0,0.16666666666666666,114.18035873109991,0.020393861587105083
MSFT,2021-12-31,5.0,-2.285533838240989,7.057695563084787e-05,0.6478831064912607,0.6882581677960877,0.38498564111993855,0.21596326030649277,0.5609644548774522,2.190530844685281,1.240454662087646,0.022861606071807067,-0.7750345118303055,-0.7970691124546941,1.0609190874923056,1.401248589898335,0.42857142857142855,0.42857142857142855,122.41621791702252,0.01761897055591693
MSFT,2022-03-31,5.0,-2.4151709920979068,6.95607280656433e-05,0.6210364401529176,0.6873029804161884,0.37628338621810686,0.2140197150627717,0.5687726934048544,2.1190063368853624,1.1951580483060464,0.02620764625735213,-0.7093711401790215,-0.7639423609689525,0.8175138614565782,0.5601973663095916,0.25,0.25,123.43377037910037,0.02017917924538164
MSFT,2022-06-30,3.0,-2.1979572992677046,7.757201330501445e-05,0.5899322434730381,0.684016744842891,0.3668633681343622,0.2100351271319195,0.5725159429245467,2.0332830145299328,1.1595531402095864,0.03320374891130805,-0.6744316007915911,-0.7192105042971827,0.4192641305412436,0.21918568453428758,0.0,0.0,103.36262783675855,0.025298241950341086
MSFT,2022-09-30,7.0,-2.72851230235974,6.536558902716955e-05,0.5506743661412296,0.6826000246214453,0.3436612089129632,0.19803635022204566,0.576254593436529,1.951887854898939,1.1259890022049885,0.03584326230821454,-0.636707895257367,-0.7499227532434152,0.062047964232659035,0.07271272449503866,0.0,0.0,89.68774979087276,0.027150909805871943
MSFT,2022-12-31,5.0,-2.347028926252516,6.666033665704164e-05,0.5150360968152085,0.6815976951796721,0.3304800729075818,0.1881707343440395,0.5693860228500408,1.8799425105670495,1.089550955451143,0.033265727206998094,-0.6450812076229481,-0.6796759383939578,-0.7088463432649158,-0.5686158527892643,0.09090909090909091,0.09090909090909091,97.01841315750772,0.02556614369649176
MSFT,2023-03-31,6.0,-2.425955875583157,5.176258493386723e-05,0.5099870411307974,0.6844901753929602,0.33248069521318363,0.1879036034368228,0.565156432063945,1.8640905453298273,1.0465367648799948,0.026677247225577443,-0.5719344231635562,-0.5102796957326613,-0.8355240544756283,0.4327218351759085,0.25,0.25,104.67544067644954,0.01991801368037269
MSFT,2023-06-30,5.0,-2.2425880060633574,5.412227813254639e-05,0.5108298601951992,0.6892008588349102,0.3414623787839464,0.19087575837509893,0.5589949881297811,1.8576029330235382,1.001562813486658,0.02339259131323093,-0.5309903560887095,-0.4251931461014023,-0.46913276750499366,1.7845361817334013,0.6153846153846154,0.38461538461538464,112.64820813061763,0.015803126126512072
MSFT,2023-09-30,5.0,-2.7202852391614276,5.506384268203739e-05,0.5069789646911105,0.6944116165086345,0.35314919151665064,0.19245120291362774,0.5449572235663857,1.8003153778226315,0.9911637813200523,0.026834722159442628,-0.41964610395640695,-0.23620447085530158,0.17934610667821052,2.5773427774366113,0.21428571428571427,0.2857142857142857,95.01906488194832,0.016873881771628137
MSFT,2023-12-31,4.0,-2.1546357462296157,7.090980687644757e-05,0.4584399384924084,0.6974817978495758,0.3626852620802081,0.19325839802810454,0.5328542905759576,1.6139750440722784,0.9867785106897643,0.024016593409617447,-0.1803326118147827,0.04613758462683597,1.0329926403823058,2.394671286137715,0.6,0.6666666666666666,111.73411031370227,0.01381207836269911
MSFT,2024-03-31,6.0,-2.438642892363588,5.6715154103019084e-05,0.41053561911823605,0.6989441382342001,0.3642723092009603,0.19018268845643316,0.5220893371598935,1.465191832343612,0.9737357040889327,0.02245055178173198,0.4365821026669787,0.14399701779315777,1.2450729108693845,2.3043772264193985,0.75,0.6875,122.08328523258766,0.012094019612753176
MSFT,2024-06-30,5.0,-2.2429310952576675,5.3078544891975984e-05,0.3661111230193106,0.6976444382797138,0.35955972944084985,0.18430965175835604,0.5125981489778495,1.3518531756324816,0.9506012067986184,0.02217359816001434,0.3032741054016195,-0.20944401567836265,0.855588499849593,2.1859598639249653,0.7647058823529411,0.7058823529411765,127.96944673231872,0.011083057130026745
MSFT,2024-09-30,6.0,-2.6693310734650026,4.392270891601133e-05,0.3296037354604929,0.6934930563751525,0.35608009756481374,0.18193284552984434,0.5109323626174554,1.2587479454280697,0.8995523185888012,0.022605566739807632,0.47484579517671666,0.06127338382034542,0.9830601148798631,2.0257922564650075,0.6111111111111112,0.6111111111111112,112.920209806232,0.011449003077147073
MSFT,2024-12-31,5.0,-2.39834611265584,4.43705645171459e-05,0.33244830761843214,0.6940932460409012,0.35427536840818635,0.18068043961352892,0.5100000048700927,1.2907224515006637,0.8464588277294035,0.022247870074039906,0.04367295269084033,0.05571435282741824,1.0518603796884685,1.9600327193618818,0.47368421052631576,0.3684210526315789,106.88046946576944,0.012195331159090172
MSFT,2025-03-31,7.0,-2.426429967109284,3.670314319958369e-05,0.338194247027487,0.6907484907966371,0.3578941520684419,0.18132962549104048,0.5066571343595575,1.3231630764451845,0.805321201301506,0.024766272741719653,0.25927841594880424,0.4944453098305312,1.2514564022794423,1.8305276794569658,0.15,0.2,94.9535246875,0.014113544225581144
NEE,2020-06-30,,,,-0.031441198415887044,0.8261179828734538,0.3032825880114177,0.010454161576241586,0.07010406367949798,0.6181506849315068,1.9131971814164577,0.00015239941706206978,,,,,0.0,0.0,966.8618926829269,0.00585891092260846
NEE,2020-09-30,4.0,-2.444699270764231,0.0005120844092742715,-0.02670339006937985,0.7950828790744243,0.2785626877294471,0.020165657981098723,0.07239181293614073,0.5936159565341721,1.9532297959377825,0.015261863716432025,,,,-0.7071067811865477,0.0,0.0,-807.1606346863468,0.01035757177877761
NEE,2020-12-31,3.0,-2.615520542738879,0.0014364972995249525,-0.03446082329194447,0.7969216975493126,0.18671548117154813,0.01993739811236959,0.10677956636092621,0.5510405659943951,2.192106893946468,0.002037186406367693,-0.7071067811865476,-0.7071067811865475,,0.48291995841665164,0.3333333333333333,0.0,-667.3575910364145,0.013754294027508326
NEE,2021-03-31,5.0,-2.2438366003868815,0.0002896189756085309,-0.01806446030035322,0.7881940385739333,0.24342489772063122,0.032765090428502876,0.13460040749860364,0.5432843872751488,2.1093445199322445,0.0005563803316737335,-0.7960836005128282,0.25024983957616637,,0.3738351943212987,0.0,0.0,-1096.4066528798187,0.019064405581687927
NEE,2021-06-30,4.0,-2.4785426719617325,0.0007825311896666418,-0.03792836324589661,0.7626091605774372,0.1868947899958415,0.024129467709771438,0.1291072250345145,0.5120633777457688,2.1270311431963447,0.0035827558502668114,-0.9972465915811253,-1.047047202268313,,0.3303443432577541,0.2,0.0,-502.730474137931,0.020189313372449464
NEE,2021-09-30,5.0,-2.3562943058737007,0.0005002816090397041,-0.0546456023851724,0.7400414179559021,0.14398830551833353,0.01769788939193451,0.12291199155532181,0.4846170662391605,2.156370918671763,-0.0034756927203905157,-0.830152024177136,-0.8551665734028101,,1.1222396324652608,0.6666666666666666,0.3333333333333333,-285.1076388888889,0.019138879395397126
NEE,2021-12-31,8.0,-2.362492533182958,0.00042961863377766825,-0.040900847261058325,0.7348409397152733,0.20932684984474778,0.026102726978844956,0.12469841780070097,0.49873748120407413,2.0210330006234862,-1.0846810495373836e-05,-0.6179306663635356,0.46385455029524114,,0.3124519435659914,0.2857142857142857,0.42857142857142855,826.2230538922156,0.016476305142472857
NEE,2022-03-31,2.0,-2.3634114156422426,0.0017435396529805046,-0.0694894765129912,0.6928479024209943,0.08969383354894352,0.01039938717896981,0.11594316763476438,0.49146939093006975,2.32766673004706,-0.0005558801510439937,-0.7251736721588999,-1.3038194691508955,,1.1969819064588745,0.875,0.375,-157.59744503862152,0.018624973662936393
NEE,2022-06-30,7.0,-1.9521791663319923,0.0006010350687942983,-0.06432219698677162,0.6871176167876951,0.14752129910229286,0.01789212711732173,0.1212850430832712,0.5070176847952076,2.6872790502918296,0.0006994218330735014,-0.4041090620256598,0.9512217252213732,,0.9009566976049538,0.4444444444444444,0.2222222222222222,-1096.4066528798187,0.020878068549876293
NEE,2022-09-30,7.0,-2.3451305646264324,0.0006084624648469784,-0.058797109939464944,0.6964411735053937,0.1930134086097389,0.025782949181531085,0.13358112976317935,0.5027732497830091,2.7491148459737325,-0.0028606529456492082,-0.2497580542987032,0.4200093342817369,,0.1951622808334077,0.1,0.0,656.1119402985074,0.030537308758408818
NEE,2022-12-31,5.0,-2.505526032152605,0.0006075957509744089,-0.06406898681336276,0.6951231150983012,0.1978908188585608,0.02710196239251445,0.1369541171684429,0.49840936258820806,2.7731576805947697,-0.007656525698881819,-0.4283897537552953,-0.3044258316643448,,0.17418695178061788,0.09090909090909091,0.09090909090909091,503.88876138433517,0.029639342920253723
NEE,2023-03-31,7.0,-2.6498270639666934,0.0004855019956001617,-0.040283902344929644,0.7421515616173029,0.26971188766039866,0.04227229390754675,0.15673129677091915,0.5086140637009542,2.4673804589761303,-0.009952822699456014,-0.07831276410559254,0.6773675245508819,,-0.9689831462521695,0.0,0.0,124.66231196983978,0.049079980278018055
NEE,2023-06-30,7.0,-2.3892794617143567,0.0004616172174681939,-0.025681072951850292,0.7714116075404482,0.30054178417693334,0.04991864105914549,0.1660955104657183,0.5065307057745188,2.1884915273390098,-0.010106154515123993,-0.33814879715582696,-0.11821063207994943,,-1.1307068790904724,0.0,0.0,201.5112779060816,0.05035125535725921
NEE,2023-09-30,4.0,-2.3862053266835046,0.0006072719876897714,-0.027938052604401103,0.7890222984562607,0.2781650304733404,0.04589900352432325,0.1650063756979771,0.5159855461451645,2.1132551239928947,-0.008204560878527575,-0.5857500270625944,-0.5617076197818893,,-1.2417518700724874,0.0,0.0,-1096.4066528798187,0.07054893570470576
NEE,2023-12-31,6.0,-2.5716104396611623,0.000472589019415658,-0.028678007308196453,0.8059043215365463,0.26000355682020276,0.04282398084344496,0.16470536544643707,0.5273880813817275,2.0625888664121965,0.015280884417850344,-0.44070307898083216,-0.5104569806600209,,-1.701061192587285,0.06666666666666667,0.06666666666666667,366.90003034901366,0.06541290873606112
NEE,2024-03-31,4.0,-2.599531836111472,0.0004020527321546329,-0.027124068667657028,0.8047917434574272,0.2761518614080354,0.04297177467923165,0.1556092161035177,0.5220525190091677,2.0406222613654696,0.02482720841559075,-1.082294453348845,-0.2498361265871747,,-1.2226381981475742,0.125,0.125,234.96270766319773,0.04513207343993314
NEE,2024-06-30,4.0,-2.351504480097317,0.0005411222625007828,-0.038523640550994144,0.7981818181818182,0.2444487427466151,0.03540864370997861,0.14485099539530732,0.5124798824109477,2.0451588408690498,0.030945276934909706,-1.1712440256194991,-0.7276981837904852,,-1.0340198012689117,0.29411764705882354,0.23529411764705882,1144.8109568965517,0.041525679824850004
NEE,2024-09-30,6.0,-2.439514443418071,0.0005089533660015855,-0.03819516160928127,0.8051438369213183,0.2648885502000381,0.03818856979631298,0.14416844279404978,0.4880527226538051,2.0674636774549575,0.033193660180776206,-0.3766485298197458,-0.1638603103449193,,-1.2628933773476556,0.3333333333333333,0.3333333333333333,302.0827995930824,0.024051630328083176
NEE,2024-12-31,5.0,-2.4588359393715917,0.000574615552519057,-0.03889470068072205,0.7968244990303813,0.28058338720103426,0.03749843081620505,0.13364451541579658,0.46789769512241125,2.0968088486105074,0.03480471947937281,-1.1862679241017484,-0.3299032137755116,,-0.9576729911974454,0.21052631578947367,0.2631578947368421,-450.86886138613863,0.02897349145386856
NEE,2025-03-31,6.0,-2.512948659668931,0.0005616687632917474,-0.045763926133391614,0.8025961690675953,0.21806237137881906,0.0291864476358845,0.1338444934416569,0.47631948046957556,2.1438045636779197,0.03297439976991714,-0.26259512950785974,-1.1540018734342927,,-0.9269946550280429,0.4,0.25,244.283576,0.030092476933476383
NFLX,2020-06-30,,,,0.05739135098938458,0.407362149386024,0.11713768682849171,0.019372980664221474,0.16538640286269793,1.1229569373197221,2.9824600608071794,0.004354184845213494,,,,,0.0,0.0,172.60525079385653,0.00043118938139259986
NFLX,2020-09-30,7.0,-2.4475052812614315,0.000922247030682431,0.10050115422838524,0.40309091211063514,0.12000804518590903,0.03984737081634428,0.3320391624962743,1.1814446455281062,2.8538504732237153,0.009023683331575431,,,0.7071067811865475,-0.7071067811865475,0.0,0.0,194.39962490388731,0.0006931626410716169
NFLX,2020-12-31,4.0,-2.451514594105796,0.0010535602158039128,0.1247501344368637,0.3927399443478424,0.10673439993467983,0.05350261743357557,0.5012687331012169,1.2045268444743151,2.7444115369783075,0.007178619285819595,-0.7071067811865476,-0.7071067811865475,-1.1454936572614087,-0.30397701998227533,0.0,0.0,287.451578495462,0.0007787364602449142
NFLX,2021-03-31,7.0,-2.3650091599674457,0.0004987104502344326,0.18918518779207613,0.41098299018625095,0.14243305845974674,0.09688180433299107,0.6801918415616344,1.221037540074976,2.558240776226073,0.010363651773763421,-0.7833758495668159,0.1848804888637857,-1.1867519248908163,-1.1441403107162147,0.0,0.0,135.52213017180853,0.0010087295803602786
NFLX,2021-06-30,3.0,-2.4431065182571743,0.0006820156255341896,0.21324910359092886,0.42289830125192773,0.159211094031866,0.11048920864078564,0.6939793317334487,1.2460224301414593,2.3023550780851965,0.005782666330344884,-1.0849644014835962,-1.0462962032045533,-1.3087651852521016,-1.3168726088919056,0.0,0.0,145.1111589170992,0.0013708451827900024
NFLX,2021-09-30,4.0,-2.4510563536102694,0.0005538254890135952,0.22666759010967524,0.4321836283266199,0.17640347308738655,0.12386303659560624,0.702157584699294,1.2287372239265921,2.070222641220206,0.0005442184889457558,-0.8849376029670761,-0.876960140975997,-1.5891958775351775,-0.6739049146560655,0.16666666666666666,0.3333333333333333,174.00230237464342,0.001726279037629787
NFLX,2021-12-31,1.0,-2.470939867588651,0.0008131362877770789,0.2047774287603067,0.4163656122646479,0.17227607499049427,0.12151225450567031,0.705334472661831,1.1504514136852064,1.90818894368638,-0.0004811055693193367,-0.7659029937219312,-0.981242609324726,-1.9262430164767028,-0.6237552377478297,0.0,0.2857142857142857,477.93146960127893,0.0015515239942933453
NFLX,2022-03-31,7.0,-2.3987252600364553,0.00036052516218608964,0.18275765482267434,0.4162000878287976,0.16469001437356987,0.11535020485048031,0.7004080076696635,1.095829167024283,1.7748356667203384,-0.0001555515665332424,-0.7126287010991648,-0.9118548421699171,-1.9074887290683873,-0.21543635867486396,0.0,0.0,100.6805862267996,0.0026941479783447434
NFLX,2022-06-30,3.0,-2.4644868506186954,0.00042659946823568774,0.17042549197931006,0.40634184354181196,0.16418898540229185,0.11384842479255164,0.6933986741778263,1.0518132261141315,1.6408397436334345,0.002034837101600498,-0.6565853922262103,-0.7407401367383787,-2.0297920196369628,-0.6412243607088272,0.0,0.0,67.50384965814116,0.0004003578703009194
NFLX,2022-09-30,4.0,-2.486910094770888,0.00034789730795117086,0.16234642243463968,0.39618683616320943,0.1602674879892377,0.10975586079493826,0.6848292325035295,1.0422597636519415,1.5182908427343758,0.006763544835002069,-0.6226866395265225,-0.7367321394184072,-1.8211115992338978,-1.599910354360639,0.1,0.1,87.22585080540476,0.0011054515546699382
NFLX,2022-12-31,4.0,-2.5195724569252076,0.0006058863110383411,0.15362899955586384,0.39370705238403253,0.14207957792921522,0.09565487308228779,0.6732485729225881,1.0997393182749118,1.4104902942301791,0.012227629745357507,-0.606182028234667,-0.8899648947696239,-1.5620059482526998,-1.8081957934964181,0.18181818181818182,0.18181818181818182,290.6775810868806,0.0002700533156532043
NFLX,2023-03-31,8.0,-2.414825836318849,0.0001733854134717165,0.1530758217647157,0.38302583768248527,0.13161049733297073,0.08749240845885901,0.6647829028219973,1.155294277058445,1.3354690136853904,0.018767619605783117,-0.5578376602483345,-0.7254343037199958,-1.3746210340740557,-1.923288683283382,0.3333333333333333,0.25,107.1897462662973,0.002251966185659813
NFLX,2023-06-30,6.0,-2.4743849685537684,0.0002605102052732052,0.16613313166325241,0.38773432953025677,0.13217322575923898,0.08645327984574619,0.6540907157946325,1.225874553321411,1.2853788755183113,0.021416399905275288,-0.5357137593001191,-0.505151647896966,-0.8374895531434339,-1.5875178472610074,0.38461538461538464,0.38461538461538464,123.98439072605207,0.004894914557176191
NFLX,2023-09-30,5.0,-2.4411555084807133,0.0002580507642718602,0.18079464700505693,0.3949140147254984,0.13821279818828877,0.09123661851564441,0.6601170058893662,1.2637680599954897,1.2663016402259402,0.03340685758754899,-0.4346586763770274,-0.20143749980178738,-0.43451030635527393,-1.2375258884489309,0.35714285714285715,0.2857142857142857,103.13061241581846,0.02012709157316644
NFLX,2023-12-31,4.0,-2.464170726911802,0.0004000681496693924,0.2038823421163593,0.4153783955346952,0.16036362043723068,0.10895429691216948,0.6794202863162236,1.2484646948248277,1.2727780376265945,0.03203699906245778,-0.21428712165465455,0.3685793658837345,0.11129711315254062,-1.383758999711342,0.4,0.4666666666666667,163.0736905198752,0.027178115565638428
NFLX,2024-03-31,6.0,-2.3930151435386398,0.00023030725009255868,0.2243263907799157,0.4306457468480258,0.18421607389896677,0.13008110836557207,0.7061333227463906,1.1979519624893304,1.2772569177015582,0.025896380976288293,0.8960237024848603,1.3575997313101267,0.7136759408267014,-1.1563614546409757,0.4375,0.5,112.42507255366883,0.026964797824487994
NFLX,2024-06-30,4.0,-2.454183968487465,0.0003036073443037975,0.22460089879305606,0.43837173522665107,0.19542550439627676,0.1446729353530968,0.740297106050878,1.0984445237571123,1.2763280817635538,0.02297708545484205,1.2575727791141544,0.5906190829300766,1.1779131551597346,-1.2182992016175245,0.47058823529411764,0.5294117647058824,124.58576501332969,0.027303814494029174
NFLX,2024-09-30,5.0,-2.476116279097512,0.00027372215537730543,0.2346297494086321,0.4525119642874911,0.20700786047875028,0.1564460504995736,0.7557493234206586,1.066341031336336,1.2922799909369074,0.022939355703674866,0.9864501940746234,0.6019321414853176,1.3789175193865169,-0.9666101549902805,0.3333333333333333,0.5555555555555556,116.39183825821617,0.023237835053896407
NFLX,2024-12-31,5.0,-2.4468786902400717,0.00026209118061295053,0.262141687878768,0.46056556650417324,0.22336962115246067,0.170951350712691,0.7653294563095863,1.0947526764694935,1.2414057749912621,0.01774057289116103,1.1610634235016093,0.7348480297037518,1.3122627296659275,-0.360682834053515,0.5263157894736842,0.7894736842105263,184.08993970342746,0.01391923893364524
NFLX,2025-03-31,5.0,-2.421906210570502,0.00019710569084817228,0.2809127029188302,0.46918665710709,0.2307444688362505,0.17904063035974668,0.7759259897441103,1.1263670637169767,1.2124737390023184,0.018273722319127803,0.5106324209726424,0.0815900259636086,1.0069691128888227,0.1787525148266791,0.5,0.8,130.2182901757664,0.01689592752729598
NKE,2020-05-31,,,,0.43457341586369724,0.37272295263741484,-0.12513860288293996,-0.025205794142045816,0.20142301065662688,2.4814099468855626,2.8909993792675355,-0.0018584706419507502,,,,,0.0,0.0,-213.9967565632458,0.002473688509630999
NKE,2020-08-31,7.0,-1.995789987316637,0.00031511924972565535,0.5069102167182662,0.4195895191340865,0.04305908795173597,0.022538699690402477,0.5234365325077399,2.5139324380287524,2.738642282539499,0.0023334822442783788,,,,-0.7071067811865475,0.5,0.0,114.34588731596828,0.006013204244871207
NKE,2020-11-30,6.0,-2.5172894081470485,0.0004056541317991259,0.5702461885031577,0.4241918294849023,0.07030195381882771,0.059706746047709085,0.8492899955750433,2.5645999844804837,2.561588882123285,0.012550758269213074,-0.7071067811865476,0.7071067811865475,,-0.7697528267536667,0.3333333333333333,0.0,152.30294303797467,0.008929903715250464
NKE,2021-02-28,6.0,-2.462725846603756,0.00033501572024331023,0.6382138459383133,0.4326486093437557,0.0890227750798556,0.10110528605451959,1.135723818582668,2.6191300334602516,2.4032873274780426,0.01759314554163215,-0.8835658099865402,0.29525432435825355,,-0.7166843856369266,0.25,0.0,144.14096066746126,0.011737941130802045
NKE,2021-05-31,6.0,-2.3004616975919028,0.0003045117799951301,0.7368281708785444,0.44820153576721,0.12858682473393507,0.16130236095170364,1.2544237038706088,2.6772144877697044,2.1869978905794176,0.027004424712583373,-0.9633941092319245,0.23812509143899532,,-0.938453287175559,0.2,0.0,128.14578358599059,0.009973791213872625
NKE,2021-08-31,6.0,-2.477869348853815,0.00022386303446920397,0.7663098760550321,0.45282732940768966,0.13168947003810183,0.16588718144507014,1.2596844789266284,2.8281617564691386,1.9523962883194783,0.02332041033844218,-0.9539393741126737,-0.14064642416235326,,-0.827597190604986,0.3333333333333333,0.3333333333333333,136.2437881355932,0.00643451723069422
NKE,2021-11-30,4.0,-2.602455090978036,0.00022934775121134053,0.7772882547642264,0.45961646438906406,0.13322247656891115,0.16367845369099027,1.2286099005697835,2.9292878354905585,1.7936440285370148,0.023687166406962584,-0.8662993190194178,-0.1635951682477553,,-0.7225673750799303,0.42857142857142855,0.42857142857142855,204.12198624484182,0.010403717505055891
NKE,2022-02-28,5.0,-2.457046847709482,0.0002525505263451775,0.7815293403242551,0.4620034173430158,0.1306279367791542,0.15973777513695633,1.2228454270621805,2.9990454264697624,1.6942807381735658,0.02436561591027888,-0.7512040084529912,-0.17070826910363493,,-0.7090214426895336,0.125,0.0,149.7962461632904,0.018914156034103402
NKE,2022-05-31,3.0,-2.2880081704530113,0.00025293584514185995,0.772732643258932,0.4598372939413402,0.12943695140226932,0.15529242544884803,1.199753422546426,2.9650978895130065,1.6236501170881277,0.023139976801520322,-0.7071820858965817,-0.16340831669040282,,-0.52883824642881,0.1111111111111111,0.0,146.82379427792915,0.024550313988068964
NKE,2022-08-31,6.0,-2.4246245620073417,0.0002558204513741862,0.7417732830720628,0.4538378332520308,0.11962077668667416,0.14197340515912224,1.1868624255048676,2.828527108127352,1.6119896114142942,0.0213022562086806,-0.628364973470073,-0.20601626724829608,,-0.355532404877872,0.1,0.0,114.05614159292035,0.03179343967519154
NKE,2022-11-30,5.0,-2.389678634813843,0.0002565117550576232,0.73011219484693,0.4458834789337569,0.11472906102999572,0.14117381744376162,1.2304974535340436,2.7418236364530566,1.609064461297071,0.010331838954390996,-0.5184072120000616,-0.13129083546355072,,-0.2920164409791237,0.18181818181818182,0.0,124.18954379332074,0.035946914431663396
NKE,2023-02-28,5.0,-2.6300227447238784,0.0002449814299957474,0.7134483840602448,0.4385098565954253,0.10820527001935765,0.13750862880451836,1.2708126764982743,2.671079331336361,1.6163267986733656,0.020426872463667818,-0.5141947628224033,-0.1535635582124597,,-0.2419805208655474,0.3333333333333333,0.16666666666666666,149.0747818696884,0.03526957489381254
NKE,2023-05-31,5.0,-2.553361782835598,0.00026861369175615806,0.6997879407256004,0.43524610969014194,0.09899056953745826,0.12953500255493103,1.3085590189064895,2.694278843745303,1.6255680960606416,0.02974257072462206,-0.5341105330289084,-0.19912571846979843,,0.11819114431478928,0.3076923076923077,0.0,154.0035724815725,0.04176291591279547
NKE,2023-08-31,6.0,-2.3199501457106515,0.00026242905225957644,0.7018035177133549,0.43515514193009386,0.09815617167615458,0.13272209013647887,1.3521522678611304,2.747544309203502,1.6352244799058464,0.028413245788852775,-0.5217951992066472,-0.4704920114384283,,0.36170657970330394,0.21428571428571427,0.0,112.58668516209477,0.04470945267851318
NKE,2023-11-30,7.0,-2.477112829100707,0.00022293479028893132,0.7095411643771611,0.4395832524931124,0.10280935935741725,0.14148210447621717,1.3761597714499312,2.760809618354291,1.6444609192967592,0.037334186370458836,-0.5093238980251366,-0.22338178979602388,,0.32556879744421713,0.3333333333333333,0.13333333333333333,105.32829589041096,0.0393172135520196
NKE,2024-02-29,6.0,-2.521263856007677,0.00026675381735287337,0.7053037427120558,0.4429538008181307,0.1014133111029255,0.14054649506972244,1.3858781804992073,2.765030074136243,1.6421282410776084,0.03904842979141174,-0.5629483241438948,-0.3101175294194012,,-0.12190387807652012,0.125,0.0625,136.06391841317364,0.03788863784926165
NKE,2024-05-31,4.0,-2.4984962833719275,0.00023114911395597136,0.7108547723395001,0.445601806783225,0.11097698687745804,0.15255428055267473,1.3746478873239436,2.670190388867914,1.632501365085516,0.045890567952127335,-1.037215177409801,1.8412356069411495,,-0.8117803123505697,0.058823529411764705,0.0,108.25443078913325,0.03989157425731244
NKE,2024-08-31,3.0,-2.3877022463271294,0.00035599323509771433,0.6799303821012914,0.4483723906262497,0.10599456130528673,0.14085667215815487,1.328904713822607,2.542892812555734,1.652803721848236,0.05761241372521069,-1.930675999084624,-1.2402241955694908,,-1.90611853171828,0.05555555555555555,0.0,122.90665012406947,0.04638558414352955
NKE,2024-11-30,5.0,-2.3742452237068448,0.00030441641844703365,0.6461174417682363,0.445955326881457,0.09975907550328719,0.12918065727203024,1.2949263675541338,2.413606130711394,1.6713458346576262,0.047014798840903725,-1.3527364059380833,-1.1782177327257268,,-2.003225116294216,0.10526315789473684,0.0,101.90104768786126,0.049000019596599734
NKE,2025-02-28,4.0,-2.6117080654246663,0.0003357176879674963,0.6118144850358205,0.43822409971140575,0.09427412271529549,0.11884346433443838,1.2606159666247059,2.2891050583657586,1.6894620225117434,0.04516000629842211,-1.2548561232470623,-0.9967881284919459,,-1.919652744867779,0.2,0.05,179.48198984771574,0.046775596808062515
NVDA,2020-07-31,,,,0.6193804606830818,0.5884635281945163,0.16088980858768753,0.02470214455917395,0.15353455123113582,5.233018099922768,0.8096880839442289,0.005081407918866101,,,,,0.0,0.0,425.40768049155145,0.0007038690969096007
NVDA,2020-10-31,6.0,-2.196129139685942,7.010830281303779e-05,0.6353393134976277,0.6092877094972067,0.22788640595903165,0.07521945410191891,0.3300743358752233,4.782694522125349,0.7799849562363238,0.006828057107386716,,,0.7071067811865471,0.7071067811865476,0.0,0.0,234.02181688125893,0.0009057626775104828
NVDA,2021-01-31,7.0,-2.5255320748900476,6.28693105365622e-05,0.6987211200712413,0.6172122103714601,0.25119529238690697,0.12671300648097758,0.5044402117449166,4.51109556177529,0.7522810515593507,0.011960182911873486,-0.7071067811865475,-0.7071067811865476,0.7016426889922324,0.18251489140779423,0.0,0.0,226.27520460075203,0.0011686980764140337
NVDA,2021-04-30,7.0,-2.281312286728303,4.8340352910268156e-05,0.7965104614502723,0.6242210220191109,0.2766410469464063,0.19084981370020063,0.6898824878188593,4.515705311250714,0.719910652391589,0.014536722353873788,-0.7611432407372559,-0.6801564248415415,0.9862414985100144,-0.24650305895640315,0.0,0.0,199.96730572597136,0.0012755209607097377
NVDA,2021-07-31,5.0,-2.446930271020036,5.711734298404862e-05,0.8763279464185809,0.6375302552861123,0.3232862949262456,0.22631435924487284,0.7000431592576608,4.635485479247165,0.7341852858014082,0.013499007574836958,-0.9831669808016748,-0.7519637941800822,1.3292443441653532,-0.9338952064110391,0.0,0.2,207.4396481178396,0.0008020415603353991
NVDA,2021-10-31,6.0,-2.3118594759922413,5.259112567691461e-05,0.9341552110262189,0.6439400181263903,0.33809837686413446,0.23639545182870186,0.6991913241976251,5.233018099922768,0.7226839676474967,0.011066002768356367,-0.8497262892792303,-0.7937562978205767,1.233444724012669,-1.5288287554971496,0.3333333333333333,0.5,247.55879820292026,0.0006139188232305027
NVDA,2022-01-31,6.0,-2.3373670409995033,3.6893854994921495e-05,0.9907771943098277,0.6492531767853162,0.36237645834881477,0.2528895083136162,0.6978640650828121,5.233018099922768,0.7077747395689188,0.012914135997131261,-0.7377734555279538,-0.6667029861011416,1.2751573837373769,-1.263474438411073,0.0,0.2857142857142857,215.23703703703703,0.0006401714825264472
NVDA,2022-04-30,5.0,-2.3533372920029896,6.588467851874615e-05,0.9689366318672524,0.6525168410006432,0.3201990453945364,0.22430504917566293,0.7005175449517136,5.233018099922768,0.7233977338904952,0.016618732781783777,-0.6835025486423949,-0.8363291763667817,1.134815139599265,-1.1033345485260155,0.0,0.0,151.6033840422229,0.0050912266647684355
NVDA,2022-07-31,3.0,-2.539469573902678,0.00010799332057890426,0.8760730114635145,0.6044791176272782,0.26030667832402987,0.17845965868812208,0.6855746454033554,5.233018099922768,0.725047474175043,0.01344916761799374,-0.8061291160044698,-0.9151090277487856,0.31778963505957775,-0.5195521036487635,0.1111111111111111,0.0,952.1785571142285,0.012567147349474377
NVDA,2022-10-31,4.0,-2.4696706092664176,0.00011706634906109807,0.778846697392177,0.5783798921795141,0.20853462157809985,0.1374457064079417,0.6591025766743769,4.482836587872559,0.7666306607426732,0.013907785336356764,-0.8301416883100993,-0.8805376756851139,-0.881774902470848,0.34787088935140936,0.1,0.0,592.6335274542429,0.02735019933899486
NVDA,2023-01-31,8.0,-2.6174746999438505,7.446913818486428e-05,0.6841122811960695,0.5692889449099132,0.16193371394676356,0.10256049026168422,0.6333485953110508,3.889918276654239,0.8196558464447079,0.00787085188743359,-0.797964981635123,-0.8478756452476068,-1.8253119450634532,0.7904933343301519,0.7272727272727273,0.2727272727272727,400.4734474522293,0.021572500301771106
NVDA,2023-04-30,7.0,-2.3807336052551173,6.705381916889129e-05,0.6559673596452955,0.5631424375917768,0.1852152407450344,0.11303845382828438,0.6103085975731991,3.4900357509468694,0.8471373650907744,0.007385216541843048,-0.707588494815676,-0.3246679813879844,-1.9966390355890562,0.639566069559031,0.75,0.75,331.97254672897196,0.011858605593545353
NVDA,2023-07-31,7.0,-1.7596855769308268,3.535613086649035e-05,0.8001639297606511,0.6462470548636823,0.3159328049937272,0.23507983037823377,0.7440817372001025,3.2237843415452083,0.8401923097066125,0.008844111151843574,0.07904525904386843,1.0987559444440202,-0.30553066680188934,-0.6365578154152035,0.6923076923076923,0.7692307692307693,174.68179411764706,0.006777802068826675
NVDA,2023-10-31,7.0,-2.248265843706695,2.03039302737094e-05,0.9907771943098277,0.6985290840205037,0.4209494094049476,0.34665660094473283,0.9478993371887295,3.2897648686030427,0.7632022498067736,0.017231153689895473,1.02654586640476,1.2060992070124945,1.3133707786786306,-1.6757075098875112,0.07142857142857142,0.42857142857142855,99.60091197081694,0.007942554037487911
NVDA,2024-01-31,7.0,-2.328718474048334,9.85362288175163e-06,0.9907771943098277,0.7271757329043695,0.48847706903909915,0.34665660094473283,1.1393092743500195,3.501125221025559,0.6675840454063494,0.01756714673016838,1.255422888363629,0.7006332878159417,1.8563190075988238,-1.8811326621891362,0.06666666666666667,0.6,114.24633832819157,0.006472209623969705
NVDA,2024-04-30,6.0,-2.303054198404756,9.700966968742494e-06,0.9907771943098277,0.7528643417654876,0.5288310614452381,0.34665660094473283,1.2944913449329216,3.5224668241736405,0.6123320644140078,0.018246953261015133,1.1103982672627462,0.4049802548524708,1.8148905854606978,-1.6369751705365194,0.0625,0.75,128.56468448755103,0.00819717869737958
NVDA,2024-07-31,6.0,-2.3374332094227217,7.023466329828737e-06,0.9907771943098277,0.7597682411455035,0.5288310614452381,0.34665660094473283,1.3652095330911669,3.8910350748099094,0.5373865382310316,0.01605179075172537,0.41707644143073197,-0.007273464526761016,1.5923206430573769,-1.14552833221514,0.23529411764705882,0.7647058823529411,157.29917444480205,0.007618014675011112
NVDA,2024-10-31,5.0,-2.2675817075785565,5.835775624683842e-06,0.9907771943098277,0.758610034519595,0.5288310614452381,0.34665660094473283,1.3982100975188247,4.002468828816028,0.49896380726815187,0.01715386576422477,0.1845615925746674,-0.13832056459680023,1.402848090408049,-0.9210460781903367,0.16666666666666666,0.7222222222222222,151.62843477067995,0.009013388230568485
NVDA,2025-01-31,4.0,-2.226855572074724,5.2621589425775915e-06,0.9907771943098277,0.7498946335931094,0.5288310614452381,0.34665660094473283,1.4111101799612342,4.098182617156847,0.46485694485694484,0.020471920309008,0.009608244924384494,-0.21083498125560948,1.2341071464638351,-0.6657145533480708,0.0,0.3684210526315789,124.63827411167513,0.011644491922026486
ORCL,2020-05-31,,,,0.40099793828721914,0.8113804004214963,0.2984960245234218,0.0269928446438781,0.09042949462048892,3.031395348837209,8.07745537469529,0.018697655674882505,,,,,0.0,0.0,67.80548707753479,0.03343947284954624
ORCL,2020-08-31,3.0,-2.6515521261984865,0.0013294733632969633,0.4121894979561891,0.8056649500151469,0.2709784913662526,0.04687663766900744,0.1729902525940677,2.8396294647824636,9.018112613203833,0.0489249394231852,,,-0.7071067811865482,0.7071067811865475,0.0,0.0,91.8097548218372,0.06073149815499317
ORCL,2020-11-30,5.0,-2.4990459355266816,0.0015050797227578016,0.4189989321470924,0.8044990880226981,0.26376410187124233,0.06910660239883422,0.26200154573183326,2.5888821014050096,9.771073618657262,0.05413641329596681,-0.7071067811865476,-0.7071067811865476,-0.7332621702866008,1.0884527986348835,0.0,0.0,81.61978103616812,0.08717111474826511
ORCL,2021-02-28,5.0,-2.3912108001655366,0.0011682026166518963,0.457842036984776,0.8059257766244237,0.32324708372175054,0.11227130628058639,0.3473234931864968,2.4769359726610354,10.119119435660423,0.06631358101932174,-0.8243801170367917,0.26349000318139254,-0.6752144573350105,0.48539807825963593,0.0,0.0,82.31085595567868,0.10291859490178619
ORCL,2021-05-31,6.0,-3.1978310245024506,0.0016939071168817418,0.444540331996548,0.805924059388819,0.3395834877343808,0.11630031981318849,0.3424793136707447,2.313374906814659,12.76549716115883,0.05938481785158062,-1.1476850591429621,-1.3835458869348969,-0.8375036911945198,1.4050519799400096,0.2,0.2,78.90427613320999,0.09591304459725547
ORCL,2021-08-31,3.0,-2.604549542452903,0.0005050482699246256,0.4205038224301779,0.802179236043095,0.3416258570029383,0.11574725087835007,0.33881291039792266,2.1690269272334293,19.895081256771398,0.049270408543215904,-0.9295068607137361,-1.1299805903176796,-0.8156420086813846,1.8592232994372844,0.3333333333333333,0.5,116.170493245366,0.10132119910307778
ORCL,2021-11-30,2.0,-2.447124670085936,0.0018115989247094561,0.3482837442619255,0.7995410628019324,0.24789855072463768,0.08569692946473863,0.3456935476800331,2.0552763819095476,36.117862222020484,0.02919572944652555,-0.7877721994386173,-1.3730844432464233,-0.8796754082864859,1.6846562239084872,0.5714285714285714,0.2857142857142857,101.51357941834452,0.1187055733612552
ORCL,2022-02-28,5.0,-3.1978310245024506,0.0004896134407029546,0.2907481706745717,0.7943482834464952,0.1807640814765229,0.06440758818668915,0.3563074459294847,1.902690082692153,-14.793496511909352,0.03220413168602188,-0.710806854012046,-1.119017439409475,-1.0887580525433525,1.8388586899329213,0.625,0.125,90.82019262981575,0.12665688083220442
ORCL,2022-05-31,8.0,-2.3615643718401964,0.0006336628227190908,0.24269410981726902,0.7908390471478052,0.15829033246153484,0.060014025308087776,0.3791389175499484,1.7194395839408962,-14.793496511909352,0.02509368709110466,-0.6376582246088223,-0.6814443112095796,-1.285953139189083,1.8502332502025205,0.6666666666666666,0.0,73.35360893597421,0.09593793694357694
ORCL,2022-08-31,4.0,-3.1978310245024506,0.0010785749532222517,0.127751253990469,0.7778205534670954,0.13155034195389284,0.051051638261924166,0.3880768191375534,1.2269788609587002,-14.793496511909352,0.026383222940934026,-0.5213676712623957,-0.68129323362805,-1.352684902065373,1.7465346736765122,0.8,0.0,171.91545791424033,0.055898655825358176
ORCL,2022-11-30,6.0,-2.4110052632847836,0.0008287643075078636,0.10234121148936795,0.7610314066807023,0.19093612310897923,0.07381287508993768,0.3865841302738091,0.9961278588819682,-14.793496511909352,0.036820114071739705,-0.48180824689007334,0.9162670619645171,-1.3215931881369238,1.9892263946022861,0.45454545454545453,0.36363636363636365,149.3783876428269,0.021232420752982956
ORCL,2023-02-28,6.0,-2.484275722447489,0.0006619007528483323,0.056810654499244544,0.7449643438008258,0.17461111806163726,0.06703289006293839,0.383898177888512,0.852160742359753,-14.793496511909352,0.030079662883558976,-0.4639202335334871,-0.5259682890192842,-1.1820650858472526,2.0287323310490675,0.5833333333333334,0.4166666666666667,149.36617115307354,0.01772301320900296
ORCL,2023-05-31,7.0,-2.376761845494562,0.0030062166248834145,-0.0023362081778719457,0.728470192577171,0.17023661768827322,0.06481929639355008,0.38076001082354194,0.6578438624214101,-14.793496511909352,0.02845403128703641,-0.43939873704957666,-0.33744240401891445,-0.9853518211998835,1.653412242788664,0.7692307692307693,0.6923076923076923,124.96779499229208,0.012685055742603245
ORCL,2023-08-31,5.0,-2.535291694645796,0.003058135750597521,0.030888568819603307,0.7225972293081119,0.18398022055649307,0.07061104992139475,0.38379696310730793,0.7252944936535476,-14.793496511909352,0.027820199536298624,-0.4504637184882172,0.06559152635501828,-0.7174477937260593,1.189691724913474,0.8571428571428571,0.7857142857142857,176.3487956748695,0.011728325261944613
ORCL,2023-11-30,6.0,-2.428958311058179,0.0029588342575463046,0.04839121771355147,0.7187766328348958,0.19636631285349035,0.07551723495782045,0.3845732695208477,0.7598000205971295,36.117862222020484,0.030864766045898145,-0.4070263440755337,0.106925433044819,-0.45071053981577097,0.4878421102221821,0.6,0.7333333333333333,153.4518918918919,0.012805334448179436
ORCL,2024-02-29,5.0,-2.4205219457493223,0.0029285727054065994,0.030798669744051085,0.7153113692629975,0.20268520281851077,0.0784806766312964,0.3872047665046861,0.7002942976682569,35.26743330881861,0.03893580299868575,-0.4834993606822548,0.23195570425626263,-0.13782620487771377,-0.08976408995083025,0.5,0.625,137.61542513863216,0.014878063407231527
ORCL,2024-05-31,7.0,-2.4068993571604618,0.002478370244363515,0.014122729690152339,0.7140726194747078,0.1976548781178603,0.07626346886588324,0.3858415718958772,0.6674355292991582,23.25106007067138,0.03556333120852946,-0.9895473785153655,-0.055940822392878176,0.35422380327583647,0.15909168503765747,0.5882352941176471,0.7058823529411765,112.08904013539652,0.014611477910779743
ORCL,2024-08-31,5.0,-2.4626192214990597,0.0024455955430501895,-0.017211047150895817,0.7131097277710675,0.203976586453591,0.07888666106116465,0.38674370638667904,0.5921880058131926,16.915411355735806,0.027980392822273315,-0.5225277223481154,0.24892198956233835,0.8695793676355298,0.49539206214748216,0.8888888888888888,0.8333333333333334,154.7059918911092,0.012392699935124514
ORCL,2024-11-30,7.0,-2.4639741926335508,0.0021183370871222422,-0.031417333181487705,0.712668159394171,0.21162142974168532,0.08147103398130547,0.38498480083398307,0.5658750823477743,12.946024532082294,0.01799338630853781,-0.23357136064571868,0.18329969350681502,0.8340691488006559,1.767320866281583,0.8947368421052632,0.8947368421052632,177.02008814102564,0.008864693883508305
ORCL,2025-02-28,5.0,-2.5222649890412745,0.0017319664156047962,-0.015111309786892235,0.7112023376297438,0.21798755893372532,0.08174089279742408,0.37497962359528847,0.6070587515674221,10.4421882511297,0.012177939390404036,-0.6773668435384194,-0.02727683416539055,0.7244356754010187,2.526334497793422,0.85,0.8,157.14379389900026,0.009738999016964548
PEP,2020-06-30,,,,0.017188494833845294,0.5554719347757918,0.10322985261837567,0.018385925719072885,0.17810667411337616,0.9732236538380828,6.112497020735679,0.008250190052897831,,,,,0.0,0.0,112.62448469167745,0.010041349735434859
PEP,2020-09-30,6.0,-2.4229335424160783,0.0013632055052063313,0.04361609552449247,0.5521212833470444,0.11567164179104478,0.04336715023737925,0.37491600850379475,0.9480897343285978,5.934764341914292,0.027427371513393018,,,,0.7071067811865467,0.0,0.0,90.0162736632348,0.01886763177085758
PEP,2020-12-31,5.0,-2.521628626519946,0.001562313120796661,0.07554101514113754,0.5455913331327114,0.10235258713777416,0.06319494032439049,0.6174239664242724,0.9595945798273413,5.908038455730609,0.05762627789274613,-0.7071067811865475,-0.7071067811865476,,-1.153576649015284,0.0,0.0,99.26206415620642,0.026575131180195468
PEP,2021-03-31,3.0,-2.2117816409562003,0.0016687720544586995,0.100166252857471,0.5464795052656672,0.10511702261923125,0.08198890918437661,0.7799774683627375,0.9535458441517816,5.79918939520702,0.05699543531907531,-0.9691314329223781,-0.7173098590890318,,-0.8343750125550891,0.0,0.0,118.58624567474047,0.035470509245702476
PEP,2021-06-30,6.0,-2.360341118114841,0.0012631153086515266,0.10568795988799895,0.5423487926203022,0.11005188850006034,0.0890798984176597,0.8094354366087126,0.938942704577991,5.512032227287183,0.05563184477153355,-1.001599624593278,-0.8163203352400227,,-0.49969308095785775,0.0,0.2,90.6053978906999,0.03155050131187121
PEP,2021-09-30,6.0,-2.5053391036662553,0.0012973202435392487,0.10621530040753852,0.5387253687354103,0.1061671078885252,0.08806293454774583,0.8294747431587886,0.9444837228934734,5.268218263183767,0.06350293120091381,-0.845531252587977,-0.8183426773170118,,-1.1713347246801307,0.16666666666666666,0.0,90.73013295346628,0.029322300183673624
PEP,2021-12-31,3.0,-2.508566527359442,0.001989505311258034,0.08522478604701549,0.5334952311447769,0.09585524825729169,0.08252627017657892,0.8609468096630918,0.9044492024627867,4.994934407065853,0.003257582925689933,-0.721560446245527,-0.7894193185642263,,-0.29591951883528733,0.42857142857142855,0.42857142857142855,124.19796643247463,0.0003274160955846116
PEP,2022-03-31,5.0,-2.1453703007282363,0.0009157315406881806,0.1168522122605653,0.5320330472209167,0.12572043436317312,0.10960218665257779,0.8717929365083644,0.8877153974430239,4.632912737818673,0.005712242250649236,-0.6838810297065596,-0.05011669027183136,,-0.27589954604037614,0.0,0.375,141.26106538637404,0.00041692061573587346
PEP,2022-06-30,5.0,-2.365942834785731,0.0015857860129628112,0.09435237398303992,0.5312599252400381,0.11282402091324424,0.09939305238689682,0.8809564805647626,0.867016790615656,4.376379547262602,0.007908229998264679,-0.6350795366487815,-0.8132742121285551,,-0.8817973714794296,0.2222222222222222,0.3333333333333333,89.77436459246275,0.0029353692133296844
PEP,2022-09-30,7.0,-2.4601167244316553,0.000894456629079888,0.09883428130103539,0.5303189708765721,0.11613504853904644,0.10419867901304092,0.8972199204618896,0.8606652687762104,4.159144991698948,0.0028528324430817974,-0.5686891805881571,-0.4840117946065592,,-0.24129523992974394,0.1,0.0,89.54791270783848,0.005573180407382706
PEP,2022-12-31,4.0,-2.48716467870269,0.0018369373197804045,0.08419990716717687,0.5303268821187147,0.10313454949532364,0.09562317386299915,0.9271691623313381,0.8537422382329242,4.077695430642216,0.02466323312957033,-0.5078108849642831,-0.7166879400641585,,1.7721686116638986,0.5454545454545454,0.5454545454545454,136.78149222362336,0.030066795857311143
PEP,2023-03-31,4.0,-2.229677228914353,0.0010248429240050686,0.049427966726843055,0.5328040164474431,0.07475181171766737,0.0706129138690909,0.9446314710844892,0.8544427382509621,4.159264846312468,0.021216536294426703,-0.5139090405541313,-1.0065949359321855,,1.6200091677059445,0.75,0.4166666666666667,124.54819322936478,0.030150231943154106
PEP,2023-06-30,5.0,-2.384525252088757,0.0011587122956944025,0.06848848230545587,0.5358406834193155,0.08764630831530482,0.08413295136263432,0.9599143760849423,0.8569879417571112,4.259858839345732,0.01835420836836432,-0.4760650854094734,0.014429308929433412,,1.6709166642516005,0.6153846153846154,0.38461538461538464,90.84216452582673,0.029230198364326002
PEP,2023-08-31,5.0,-2.4696778112968114,,0.06724641027794105,0.539343135007695,0.09048539026599867,0.08701402300780922,0.9616361575279201,0.8491644908616188,4.349129037238746,0.0011135343352216276,-0.4298595123784726,-0.15781316841968848,,1.4630614340378,0.5,0.0,80.57898132004982,0.022234110759115053
PEP,2023-12-31,4.0,-2.5304822441679664,0.0014915629187268054,0.07877841580293583,0.5421390386023985,0.09920083961036831,0.09321102425294558,0.9396193078511336,0.8598720796245888,4.363064167366783,0.037569968310251875,-0.6342633203674488,0.2548319735390936,,-0.7537676230953158,0.3333333333333333,0.0,120.20930651340996,0.008637852450813697
PEP,2024-03-31,5.0,-2.2700731196581274,0.0011728136441952882,0.07646230770395113,0.5413224489795918,0.09996190476190477,0.09267546935624656,0.927107877515805,0.8582382267898421,4.3120259440915545,0.03633746808670975,-1.276677608649848,-0.1010110000476919,,-0.8699052578238863,0.4375,0.0625,118.49716599190283,0.015518781949520069
PEP,2024-06-30,7.0,-2.3733402727437194,0.0010435560665924821,0.07811589891530696,0.5444087166228518,0.10340669606969823,0.09518500278735366,0.9204916741871052,0.853750129287368,4.237453683700591,0.03828288151956,-1.3230301088552519,0.09226949553448627,,-0.62637464404399,0.11764705882352941,0.0,76.17328804347827,0.007615246444455944
PEP,2024-08-31,3.0,-2.4781264579129374,,0.0773836003205344,0.5467798085291558,0.10179503916449086,0.09343428669857033,0.9178667984752148,0.8554125048644442,4.201540019737184,0.036548922077547015,-1.3243036674524438,-0.25800240058787305,,-0.6847506935119272,0.2777777777777778,0.1111111111111111,81.90987936344969,0.007270326523292917
PEP,2024-12-31,4.0,-2.5875507958629065,0.0014661876470292794,0.07763776019702018,0.5455396607659982,0.10427417423302197,0.09588715389447708,0.9195676168117872,0.8470620694132254,4.219776343636506,0.04420264728037975,-1.1232946883765111,-0.03749122032496588,,-0.7572878008370914,0.0,0.0,128.30201416556,0.010192149032080638
PEP,2025-03-31,4.0,-2.209369563758223,0.0013459049015770261,0.07143376947040497,0.5474143111567584,0.10237863706390743,0.09340809968847352,0.912378816199377,0.8406473375632479,4.287606246293734,0.04573050150292675,-1.1507856698020456,-0.1877309512107391,,-0.7463789767797496,0.05,0.0,111.36612078977933,0.01032874390066104
PFE,2020-06-30,,,,0.11987298732683282,0.814882400648824,0.3538118410381184,0.019613903953690955,0.07010406367949798,1.4187702463174623,1.755959295571767,0.016863199461653166,,,,,0.0,0.0,190.07271562380038,0.011490708219351142
PFE,2020-09-30,5.0,-2.4012951386834476,0.00035704766362021047,0.13064550021433555,0.8096916737004121,0.2462141899607765,0.02778797311419742,0.11286097327950195,1.4080238052515102,1.7442910086269203,0.022642767764119533,,,-0.7071067811865476,0.7071067811865476,0.0,0.0,201.61346173803526,0.020427346350753425
PFE,2020-12-31,5.0,-2.621609968847724,0.00025557556448759877,0.13323147052206324,0.7927014698428788,0.1838887480993411,0.03407056706022753,0.18527815003570416,1.3926139057718006,1.6411582640507205,0.05427829746689462,-0.7071067811865476,-0.7071067811865476,-0.9671570709751965,1.1428570764876436,0.0,0.0,-648.5068396458815,0.03621411421303607
PFE,2021-03-31,6.0,-2.2761905502672497,0.00012355066914183859,0.17761730481040772,0.7677935943060499,0.23179411509417586,0.06377656112865766,0.2751431420195712,1.4128574777308955,1.5532536824253511,0.06570818545863573,-0.7421673967845694,1.072770558250013,1.3540297604313674,0.07189047058660508,0.0,0.0,79.29384297520662,0.041470400897441514
PFE,2021-06-30,5.0,-2.4365960741113812,0.00016914692560478472,0.1963111961797661,0.7120593624702916,0.23142654982855276,0.07708146700123424,0.33307097676709235,1.3984149031783641,1.468612131496019,0.09535732545230123,-1.0477267324004575,-0.684005803016199,1.5991541336490376,-1.0900019953291575,0.0,0.0,65.24845526798451,0.038692261980574766
PFE,2021-09-30,7.0,-2.37610643899548,0.00014135681435068992,0.2572714847732026,0.654514569449889,0.2821406274953903,0.1173924534285779,0.41607780655586685,1.3942940633651184,1.3765734077490444,0.12000079973660288,-0.7513019832263248,0.3417768361279437,1.6149701509657657,-1.5554315494587732,0.0,0.0,52.218791559131624,0.03487561032318066
PFE,2021-12-31,6.0,-2.5137658390407243,0.0002184227198652014,0.2815001987229512,0.6208419446904833,0.2703966145064462,0.1275308165627602,0.4716435403436602,1.402944302141806,1.3560716873316838,0.08769514069860164,-0.8171968837134633,-0.9099858781496302,1.43152789285977,-1.4671450650353235,0.14285714285714285,0.2857142857142857,94.82501078050883,0.025628272896919675
PFE,2022-03-31,6.0,-2.304263857785177,0.00011755364390626051,0.29886775761698603,0.6035182240109052,0.27010916014843184,0.13978833268245844,0.5175253316312605,1.3852943390545016,1.3314666510021995,0.10644341490166283,-0.8286662506414743,-0.7859322629657648,1.3711213239840268,-1.429768118244502,0.0,0.0,45.71589181787059,0.036187747095402505
PFE,2022-06-30,6.0,-2.3519112548079537,0.00012535485142718087,0.33268107792460583,0.6218255065365931,0.28938741656463524,0.15846616346216233,0.5475917555204706,1.3992018883578532,1.2862573126523953,0.09496455458017652,-0.8495478746524681,-0.5904542533121773,1.2394101544252079,-1.2498897014803307,0.0,0.0,34.82634935703806,0.036286210078156765
PFE,2022-09-30,5.0,-2.344677721371755,0.00011659654636083932,0.3448724528940838,0.6552728801850238,0.2980806776199201,0.15753297810983707,0.5284910762002021,1.4509941668634079,1.2200764150139938,0.09336995395406149,-1.0437436740825994,-1.058054806915328,1.0641703366437822,-0.881642388917973,0.0,0.0,39.77102437380658,0.043669626625691474
PFE,2022-12-31,5.0,-2.7047122942093624,0.00015030512368717052,0.3219100046132873,0.6605617933106666,0.3100735352257452,0.16261578573613034,0.5244426475085657,1.3312962578303507,1.1497559643864008,0.08859802533717691,-0.8730788287678485,-0.8321040862942218,0.9620297106512169,-0.8518852885622995,0.09090909090909091,0.09090909090909091,79.94168546113572,0.03738128048396965
PFE,2023-03-31,6.0,-2.1611766191771262,0.00010581751501372623,0.29796059030303956,0.6888829787234042,0.30903191489361703,0.14831095828514976,0.47992117039499044,1.327193235535631,1.0753135636994557,0.08646264512440213,-1.0231070570909693,-1.1762810022267998,0.6842819890892895,-0.023388062609740003,0.0,0.0,61.27026508226691,0.03867558897140138
PFE,2023-06-30,3.0,-2.658464991749701,0.0001752989397368789,0.26396451007123223,0.6993086394832458,0.27086697618086397,0.10624215987787347,0.3922300214513164,1.4634685201108244,1.0761857306504887,0.05088454062469399,-1.0364234051177534,-1.5754490726657842,0.10872729077462305,0.9872586494708192,0.23076923076923078,0.15384615384615385,250.24111464968152,0.04346397786830281
PFE,2023-09-30,5.0,-2.552286659672231,0.00022570880812754565,0.20768394660946943,0.6143643572263898,0.14944807324795345,0.05062245474703265,0.3387293903953083,1.6118279918338247,1.1034088570840668,0.04366774453055893,-1.1220135377225402,-1.83371327346263,-0.5259868733565924,1.4537727689934854,0.6428571428571429,0.21428571428571427,-71.69065180518537,0.04900206548752009
PFE,2023-12-31,4.0,-2.3086178187201005,0.0004266770929623648,0.1287458110300696,0.5809614964821251,0.03554816717881551,0.009877395717540077,0.2778594932294115,1.517419582535041,1.2151298892569415,0.015748221755742482,-1.050699031602555,-1.9330046294201197,-1.3153250108488448,2.103105507274472,0.9333333333333333,0.26666666666666666,-97.05622214604045,0.05585876738601869
PFE,2024-03-31,7.0,-2.387406563718658,0.00012894009324161711,0.09387395388247236,0.5808815643656383,-0.005523183069388339,-0.0014001096526006244,0.25349687580710206,1.4335668206165786,1.3332795902131136,0.018482937914217536,-0.7097885172192961,-2.146644548084391,-1.7743903884830878,1.5430929755223037,0.0,0.3125,98.16960276338514,0.05892780616319321
PFE,2024-06-30,1.0,-2.434924714987174,0.00047052971743967025,0.018700287889304855,0.581825943119364,-0.04615548796755776,-0.01181142681580774,0.2559051444567085,1.1502220876824292,1.394406375587494,-0.0032627639325039557,-0.10195240841090214,2.9805656625776664,-1.5517031588001204,0.9928607046215271,0.058823529411764705,0.35294117647058826,300.5434937238494,0.058861516251576165
PFE,2024-09-30,6.0,-2.2496529924022797,0.00012613268673254192,0.003775541627418305,0.6772405348159916,0.07034352660841937,0.019251322367944353,0.2736758205927107,0.9072139154650727,1.4374023809392402,-0.009660653641642444,0.7185431349903372,-1.394317870532824,-0.9228034746934367,0.4163975968188472,0.7777777777777778,0.2222222222222222,74.35132175226586,0.05721893100476249
PFE,2024-12-31,5.0,-2.710517816246197,0.00031693252097387235,0.05623254627320556,0.7194385942853551,0.12622198472322635,0.036917433385660996,0.29248021623659154,1.0193408397841894,1.4064941494024952,0.011859270518686417,0.709930765740963,0.5567612921611905,-0.6439168822105892,-0.001314785253698273,0.631578947368421,0.0,152.30665207877462,0.06287925372003633
PFE,2025-03-31,6.0,-2.297457912076554,0.0001242500369197501,0.06662163060865182,0.7227638762147192,0.126218721483118,0.03679422605067607,0.29151163645400546,1.0648273293567125,1.3830136849187857,0.02195707554146273,0.03398666679566066,-0.03598060673443889,-0.4831568130591216,-0.21722092366158177,0.6,0.0,83.71099875544493,0.06618914462089662
PG,2020-06-30,,,,-0.017123446561723286,0.4947451689456436,0.15820996722793537,0.0231980115990058,0.14662800331400166,0.8487081513828238,1.574768548146252,0.013286262144848168,,,,,0.0,0.0,110.93786584314851,0.007187387594020274
PG,2020-09-30,8.0,-2.272355941088331,0.0002495426261455977,0.03761611644271173,0.5114545061594986,0.1911875945537065,0.05882817468069277,0.3076987019896176,0.8575670011431474,1.5205753556686992,0.022088821634730273,,,,0.7071067811865467,0.0,0.0,82.83714201855709,0.013560234422908858
PG,2020-12-31,5.0,-2.514010103107514,0.0002986677297418795,0.07384914793283265,0.5183841017600113,0.19257941192015646,0.0909121152390695,0.4720759832663822,0.830461954226839,1.5050418767448643,0.035544819618572844,-0.7071067811865475,-0.7071067811865476,,-0.8336896294114798,0.0,0.0,81.06798438661708,0.02685578060551314
PG,2021-03-31,3.0,-2.465778929887701,0.00033779245267015495,0.10253304264600858,0.5157072258581541,0.18966208094029652,0.11895561992004004,0.6271976946065774,0.7990595215552609,1.5010816445187074,0.04665563861955649,-0.8248895103455718,-0.7558079660603054,,-0.6578483450213369,0.0,0.0,111.61118335535006,0.041094133704376264
PG,2021-06-30,4.0,-2.5189234048079174,0.00035950092172274604,0.09134628310256757,0.5124937596889041,0.18794503271236765,0.12019424653851324,0.6395180803871489,0.7594956658786446,1.496714545673846,0.04436415754014993,-1.0440827016799792,-0.8903311267151279,,-0.5169480450474416,0.0,0.0,119.65339604519774,0.05004808454612588
PG,2021-09-30,6.0,-2.3111199023342155,0.00032319908919225615,0.06859157830145461,0.5030853794498172,0.18332080168010578,0.11886539488007128,0.6484010204553383,0.7093893512934425,1.5242068522870131,0.0459936983656844,-0.8534804039264066,-0.7670463955428828,,-1.9404240235930357,0.3333333333333333,0.0,85.11156878359546,0.040741774131495365
PG,2021-12-31,7.0,-2.5585609158486577,0.00038597404798879797,0.05917220277888384,0.49273734459959667,0.1852040946570342,0.12163379927489155,0.6567554540310581,0.6838670902378294,1.5810552051667621,0.03989857894164873,-0.7371305300218848,-0.6273020566655576,,-1.8405795585728575,0.42857142857142855,0.42857142857142855,94.66993730650157,0.023225514245707714
PG,2022-03-31,4.0,-2.413991221095054,0.0004044612618032437,0.055813353474445965,0.48320731492878494,0.18332537868321233,0.1214792065899723,0.6626426055275703,0.678077228823277,1.6162568521673808,0.040318581098739724,-0.6608828797481419,-0.5988361046910212,,-1.3676173874438426,0.375,0.375,115.05486083499007,0.020172152161306425
PG,2022-06-30,5.0,-2.534136809373062,0.0003517043773054313,0.05428852061607907,0.4742664022846596,0.18384526170077445,0.12323253432530146,0.6703057407368707,0.6682008191529789,1.6019978140412505,0.04090131120828281,-0.6247005555015414,-0.5453715081809964,,-1.2070978760407987,0.3333333333333333,0.2222222222222222,124.41635352973874,0.01637977593397009
PG,2022-09-30,6.0,-2.3850280402471586,0.00036598769488091086,0.047979154871475374,0.47007867165459044,0.18106908937249103,0.1226545547153053,0.6773909071966627,0.6552942087006691,1.6130497670862962,0.043783288697938336,-0.5878582242071474,-0.5451781501749975,,-0.054292746507368005,0.0,0.0,78.84257946952825,0.03857573806589798
PG,2022-12-31,3.0,-2.469457714850546,0.00041562622618010757,0.033715863918103106,0.4659882163899304,0.17786275706580634,0.12115684036807786,0.6811816164710175,0.6262408467860493,1.5950930039249362,0.0308123369076176,-0.5641268565822761,-0.5264672249035159,,0.8564395227067824,0.45454545454545453,0.36363636363636365,93.72861483803553,0.043018138789551214
PG,2023-03-31,5.0,-2.5254992898642965,0.0004241581295573806,0.022166366631568235,0.4695558739255014,0.17687234462997728,0.12160762202370844,0.6875445806867974,0.6031404676565967,1.5977257436553542,0.033229989696962836,-0.5047086797353011,-0.4545067875580985,,0.7459623283863318,0.4166666666666667,0.08333333333333333,103.61831638418079,0.04489311783200978
PG,2023-06-30,7.0,-2.47562445442007,0.0003533471389026346,0.021666944048268605,0.47857473843377313,0.17868204765504964,0.12347764901185437,0.6910467538979137,0.5989943010392222,1.6146520146520147,0.03679202639969402,-0.4682592622934148,-0.3924976659942339,,0.7188466578494508,0.38461538461538464,0.15384615384615385,107.93705526189332,0.04011958749180053
PG,2023-09-30,8.0,-2.3537633093300787,0.0003122002296969954,0.03283914781068187,0.4906022938809824,0.1829580255809764,0.12670556384973988,0.6925389768904155,0.6129935199412119,1.5964561827840884,0.040519878489002785,-0.3841474321424231,-0.21501239938539302,,0.7650067654756262,0.07142857142857142,0.07142857142857142,75.43499340964274,0.0354704739852464
PG,2023-12-31,5.0,-2.4483248642961812,0.000344150257293671,0.03727798545630384,0.5036278936770996,0.17596177903804225,0.12207777715784188,0.6937743970606772,0.6331436273775648,1.5559904292573168,0.044373079830178956,-0.3153562008890561,-0.6727006852800114,,0.8514314326045344,0.13333333333333333,0.06666666666666667,75.37809004329004,0.03239500269755587
PG,2024-03-31,6.0,-2.5019224690988655,0.0002750203442365889,0.05590198235153039,0.5109088746133714,0.1799191054009041,0.1250775325223087,0.6951876080286478,0.6597358450479799,1.490045768357539,0.041841817882627495,-1.2938665678683643,0.8882411590788036,,0.8164332319691312,0.625,0.625,106.15207399103139,0.028096498970285377
PG,2024-06-30,4.0,-2.4981400264266713,0.00029953091959466924,0.06323859772057461,0.5139399564487916,0.1770249527005319,0.12264380371385586,0.6928051771397952,0.6846638912257239,1.4538466206784941,0.04137602488249317,-1.3101016754451527,-0.9086001251285165,,0.5737659828637003,0.7058823529411765,0.6470588235294118,123.45333539253538,0.030442806998185513
PG,2024-09-30,7.0,-2.45041614988168,0.00026948700926380766,0.06428244337231172,0.514117156307729,0.17063345450211548,0.11707416796140323,0.6861149726061002,0.7064529886727532,1.4232459290891166,0.03802990883872865,-1.2553024760487244,-1.585231372695107,,0.5146886399121997,0.7777777777777778,0.7222222222222222,86.06778506123857,0.02870915115314232
PG,2024-12-31,8.0,-2.4825930481350884,0.00025597652383145303,0.08869838257423808,0.5134090531856875,0.1834941787399521,0.12606268924777383,0.6870119265550644,0.7361936161307614,1.401708774709743,0.038478481212099576,-0.1467817130084027,2.2627130747936026,,0.5258410122069757,0.5789473684210527,0.6842105263157895,84.26297073680543,0.036554193162582335
PG,2025-03-31,4.0,-2.4803019297255107,0.00027166657584982296,0.08847623939782477,0.512898113837025,0.18463664851597222,0.1253534058413587,0.6789194174011172,0.7403435341144438,1.39239232458899,0.04073103491396768,-1.5045917082243252,-0.1283708111311545,,0.6375813412186164,0.65,0.7,107.38085037297058,0.03483395711577959
PM,2020-06-30,,,,0.13039681323732188,0.6723800932190648,0.2927379341452413,0.049716561973341504,0.1698330013788877,1.1256332320162108,-4.869762845849802,0.0163531203952453,,,,,0.0,0.0,58.42016224188791,0.016765383934621233
PM,2020-09-30,6.0,-2.5101920933223596,0.0034057950890298205,0.21210100777867186,0.6740441228630205,0.30176633326239627,0.10867149480783232,0.3601180212284937,1.1249161797107003,-4.844389884605942,0.044909710682862126,,,,-0.7071067811865476,0.0,0.0,51.52323100775194,0.03130070744563118
PM,2020-12-31,4.0,-2.6026966537718716,0.0032658279287442085,0.2689779539583773,0.6672856413351284,0.28921591383872614,0.1518203824346498,0.5249378584309456,1.1136613523914238,-4.971673764356692,0.06410732507398817,-0.7071067811865475,-0.7071067811865475,,-1.089265731948532,0.0,0.0,60.93045720720721,0.04291911375131195
PM,2021-03-31,6.0,-2.5488554831062773,0.0032096776425765946,0.3597667423730894,0.6758566229485683,0.2969168440568564,0.21233810079184826,0.715143330673378,1.1282597850242642,-5.015528715799852,0.061581514421271015,-0.7821747028638679,-0.6620380003467771,,0.6155798523901508,0.0,0.0,55.25522475189726,0.05356327617990904
PM,2021-06-30,5.0,-2.423576325958027,0.0028509694095234825,0.3704805575489254,0.6802354584455752,0.29508796434866474,0.21584343870489073,0.7314545653575295,1.1412913842298344,-5.147137452711223,0.06624341252532151,-1.0421765746713967,-1.0094375330153518,,-1.1869182648009333,0.2,0.2,66.11980707395499,0.04823700162212926
PM,2021-09-30,6.0,-2.5951392212271913,0.002621998478813983,0.3549270794636116,0.6814116116441697,0.29247032037729714,0.21551403885100723,0.7368749026328089,1.1078858742400606,-5.387675158398402,0.07099364046299377,-0.8613282626976226,-0.8434740724066145,,-1.384443430170887,0.16666666666666666,0.16666666666666666,57.01751145475372,0.051402425334274686
PM,2021-12-31,5.0,-2.561353807588933,0.0028566687513643147,0.3415115474784078,0.6806241044419679,0.29004935519821684,0.22302884880240437,0.7689341307102326,1.0584045375269306,-5.587212893805806,0.07615014400698822,-0.7485404899572674,-0.7340223559035166,,2.0705928539813048,0.14285714285714285,0.0,66.87245137427892,0.05671044239044358
PM,2022-03-31,5.0,-2.323503205750898,0.002904532615733876,0.3027235659233627,0.671672052208072,0.28581385034530826,0.21832085082699126,0.7638567919757044,0.9945120041398281,-5.8272055602604915,0.08103123804820005,-0.7019745304799453,-0.6996997975842241,,1.8891637039562224,0.25,0.0,59.47538811400849,0.05905052337346472
PM,2022-06-30,5.0,-2.434319088078954,0.0025276839690452167,0.26783030947261616,0.6648534775499937,0.28559300716890956,0.2194332375039258,0.7683424733650617,0.9304317762753535,-6.125592050273968,0.07585917613476192,-0.6358741369617279,-0.607001829720361,,2.1151154960632272,0.4444444444444444,0.4444444444444444,66.33286321989529,0.05683075827592615
PM,2022-09-30,5.0,-2.4935381741270706,0.0026420438563591136,0.24529204614450517,0.6532130920098379,0.275714195623384,0.2123618700667881,0.7702246508803886,0.9118544035757059,-6.30025101370921,0.08323273683334637,-0.6121628418484443,-0.6560631750463427,,2.0650823125722613,0.0,0.0,59.89724393530997,0.06738257842490719
PM,2022-12-31,4.0,-2.076563501412792,0.001606601872187974,0.18740619479067053,0.6410175681632139,0.2848687110383477,0.19553624973661604,0.6864083072650751,0.8504805101490929,-7.343729650066834,0.06132560535705582,-0.562244516995254,-0.45021869377888596,,1.865315559013377,0.6363636363636364,0.5454545454545454,72.55918946648427,0.05057502370645124
PM,2023-03-31,3.0,-2.506273093201533,0.0018795341764933102,0.1496480347389226,0.6306539722178867,0.27195255189636336,0.1696443349657771,0.6238012248196361,0.8358904408555216,-8.329289613586898,0.050341241845536545,-0.5127867171588507,-0.5979067057495541,,1.7093683394577868,0.5,0.25,76.6717319663127,0.05195682293330597
PM,2023-06-30,6.0,-2.401250997656566,0.0018929043157173732,0.1128054222669954,0.6258064516129033,0.24259873379559843,0.14221963009110752,0.5862340164187941,0.8274608323263161,-8.878511504856059,0.04887738346503842,-0.4166533908349837,-0.6609469118026609,,1.6229741774921687,0.6923076923076923,0.07692307692307693,66.65648715567936,0.051970972243055025
PM,2023-09-30,8.0,-2.4994527116089817,0.0015713931462589385,0.09900215662922071,0.6312027772105371,0.23378745004229995,0.12897930279718028,0.5516947243055332,0.8223796957303418,-9.561350327247675,0.04376193617930494,-0.31651950749631896,-0.4021843399317308,,1.5617563509456482,0.6428571428571429,0.07142857142857142,63.28214243323442,0.05500825332322416
PM,2023-12-31,4.0,-2.759974711417246,0.0021554516269889153,0.08380268005504465,0.6334508443736852,0.2221242963552624,0.1239376742452183,0.5579654107130818,0.8060716416682098,-8.839546090471009,0.04794121256750123,-0.19657594213871,-0.41651425661553176,,1.0886188795758132,0.6666666666666666,0.06666666666666667,75.14474212530287,0.0545434024125114
PM,2024-03-31,5.0,-2.040475152235276,0.0017817464320063127,0.09604955092516462,0.6369756314676756,0.22159786358072772,0.12475432043662446,0.5629761876796103,0.8264221021070869,-8.58467706013363,0.05774585506611609,0.3195574160429149,0.8008010001760957,,1.2586752480610037,0.5625,0.0,70.52261083743842,0.05625079403182866
PM,2024-06-30,7.0,-2.6076937241742173,0.0014613465897979332,0.12033563672260612,0.6387555214134818,0.24154297785947487,0.13579713721618952,0.5622069348469891,0.8428020431564682,-8.705024214873578,0.058590920703233115,-0.18455840849755062,2.3258660274088365,,1.062333392245004,0.5882352941176471,0.23529411764705882,67.04870209059233,0.051144964770607475
PM,2024-09-30,7.0,-2.468112852406874,0.0013975213347548294,0.13877923074293658,0.6408286090437679,0.26416615169671404,0.14936971358904338,0.565438503872112,0.8423370042702736,-8.821203659695817,0.055580142552822044,0.4038591520504498,1.915414591987241,,0.8810752754006005,0.7777777777777778,0.7222222222222222,72.01358784893267,0.042954307712505774
PM,2024-12-31,3.0,-2.415273005583579,0.003800320744757941,0.11284621573450668,0.6481070806272771,0.1863086752204446,0.10866410288983074,0.5832476816297306,0.9069299128835967,-8.620658296174607,0.05749127664735081,0.15445315407972435,-2.636949602330381,,0.49644474868234956,0.8421052631578947,0.631578947368421,80.03995090518563,0.043744174758965436
PM,2025-03-31,4.0,-2.4271638176657544,0.0012498224719526866,0.10107691774197898,0.6568019590475694,0.1979627989371125,0.11711624932090607,0.5916073623414002,0.8609176713603501,-8.533511363966213,0.03964108010350786,-0.26021047886012155,0.8160697755572698,,0.15832003980619755,0.9,0.85,90.47393058690744,0.03348673868905083
PYPL,2020-06-30,,,,0.27652851217427094,,0.29081923588671355,0.024221891523921096,0.0832884779786594,1.378635595481633,2.5719294277312823,0.0076591830308182255,,,,,0.0,0.0,175.08367176634215,0.0006301859455736515
PYPL,2020-09-30,5.0,,0.0006401510743007001,0.2999471836455712,0.32061567164179106,0.23796641791044776,0.03962780004349582,0.16652685866964922,1.3802682131206958,2.5554941868493,0.011315087878525516,,,-0.7071067811865502,0.7071067811865469,0.0,0.0,209.50313432835821,0.0021282430649770946
PYPL,2020-12-31,6.0,-3.173307624259051,0.0005014438920359389,0.3205391534046111,0.42902114516512235,0.24459491565692565,0.062040808127476435,0.2536471698965987,1.3609781981344602,2.5385257845541456,0.014863691438528096,-0.7071067811865475,-0.7071067811865475,-0.11349226706189876,0.2341777239875592,0.0,0.0,237.495605729546,0.00251020060776302
PYPL,2021-03-31,4.0,-2.487842697876151,0.0006964013595417585,0.33222452916316947,0.48016966198784383,0.22803795531068258,0.07679168323246602,0.3367495692892168,1.3419488847958485,2.5877170970085186,0.01964152486888348,-0.8550639840409886,-1.1461036110829161,-0.5544471263621396,-0.09046352495157825,0.0,0.0,246.14847050254917,0.006990112796889469
PYPL,2021-06-30,6.0,-2.3079283968057145,0.0005759271391536961,0.30939233565006696,0.6162459112639437,0.20418518829153737,0.06899190205955494,0.33788886763445203,1.3202858586957218,2.5762389784128916,0.014940063571187491,-1.1005278417187878,-1.2801538982726992,-0.3267620452762862,0.30247154478870897,0.4,0.2,305.28282189668465,0.0058039075510257065
PYPL,2021-09-30,5.0,-2.3758773085987435,0.0005464273095956774,0.29693661028820995,0.6054784484513004,0.20086287598192845,0.06777775488762078,0.33743296045267573,1.3013087557603686,2.5302973369374175,0.01738923396296433,-0.9017125327715969,-0.8501299509181454,0.06010258264485363,-0.8183981523380115,0.16666666666666666,0.0,275.19513719512196,0.006420191947227382
PYPL,2021-12-31,4.0,-2.2057574616616042,0.0006618685602554755,0.2649017426770486,0.593433447637066,0.1643214693941902,0.05621060437523174,0.34207705531398525,1.275111753878517,2.52494564119625,0.02186339568109034,-0.7728007104607494,-1.0723806505062892,1.5064468590920672,-1.4830200580080526,0.0,0.0,197.55435805991442,0.014344782086632835
PYPL,2022-03-31,3.0,-2.405209827886315,0.0007763327849331153,0.23631041679168419,0.5795282909259905,0.13868556601216064,0.0477533521359657,0.34432820594883284,1.2492248130431458,2.5154761207149137,0.03195010364115357,-0.7207898681253263,-0.8912244707569372,0.4513691435430728,-1.7470253470179162,0.0,0.0,171.08853046594982,0.024672822852847043
PYPL,2022-06-30,4.0,-2.4391490965850036,0.0012778010095925024,0.19797862820445333,0.5688733942172876,0.0779112508999962,0.027056903721640258,0.34727851766068324,1.2333444581266615,2.6104386663023984,0.053112132099269384,-0.6475188301015823,-1.3498232189478636,0.39720658224554756,-2.039782638334741,0.1111111111111111,0.0,105.86891705069124,0.047539157983924746
PYPL,2022-09-30,8.0,-2.4492238042662997,0.00038182228772466476,0.19900802019270697,0.563782205300706,0.08498133293904558,0.03006673140364816,0.35380395157150657,1.2281213102972297,2.713565886766795,0.04703565981258377,-0.5921076355967303,0.05291007161821248,1.7134772778475105,-1.9366408812108102,0.2,0.1,100.93579493835172,0.04546044680264869
PYPL,2022-12-31,5.0,-2.3121149351283514,0.0007421824071088208,0.21052761165501468,0.5576350025437895,0.08790609782687696,0.03134698743658358,0.3565962795700318,1.2417680966508364,2.8151233499777524,0.06198410238726096,-0.5743844754283602,-0.12332895250902012,2.097667762800685,-1.8844548102639755,0.0,0.0,84.136547978274,0.0491798746640709
PYPL,2023-03-31,4.0,-2.4774156632701,0.0007141075471935889,0.2311499572656464,0.5498130008904719,0.09634906500445237,0.03489703439712309,0.3621938043250391,1.2657470097043557,2.867806843556254,0.05903667566383746,-0.533389382979385,0.06695399535941364,2.9040726813857396,-1.7157454919732165,0.0,0.08333333333333333,89.46352647975078,0.04633287488172924
PYPL,2023-06-30,5.0,-2.681458097424571,0.000648211358381703,0.267247672933017,0.5399915954615493,0.14270205911192044,0.05312491852006362,0.37227857012489246,1.2835841494200657,2.832569294377756,0.04971937341751548,-0.5148838018996024,1.1350245847306237,2.549682128624518,-1.6755895001297958,0.0,0.0,84.26300321543408,0.06418050069669003
PYPL,2023-09-30,5.0,-2.5634267418622976,0.0006715584460285045,0.26673228410613076,0.5279112881076627,0.12925707223290306,0.04908271382431256,0.3797294258365409,1.2907939097023198,2.8578828913784213,0.05028892764937588,-0.43890300769878693,-0.5022093233379753,2.2847390307592654,-1.5338784263992877,0.0,0.0,73.20815486993345,0.08203887639455185
PYPL,2023-12-31,5.0,-3.1978310245024506,0.0005803428512307287,0.27888945810014465,0.516811662355984,0.14262201471230393,0.05472160736666763,0.38368275386553513,1.294631443197369,2.864661935001868,0.0641878275799067,-0.3107361115763714,0.42609463025733524,2.0643741845694654,-1.3797788449756618,0.0,0.06666666666666667,68.37334252619966,0.0733682671634338
PYPL,2024-03-31,3.0,-2.454574014854346,0.0007724548333331285,0.2796898891739224,0.5064410121590536,0.14258954978639501,0.05483173897109929,0.3845424791174352,1.2916875558558756,2.9003869186977846,0.0700009803200745,-0.25950588130845914,0.06365139516664882,1.7332425033852354,-1.2704342403567197,0.0625,0.125,76.81233392122282,0.0688591302332939
PYPL,2024-06-30,6.0,-2.549490630116515,0.0006795296416098376,0.27288116354622677,0.5030295217223153,0.14303210003867475,0.05445916636244551,0.3807478625268047,1.277528095725501,2.969664494915667,0.11037336845003762,-0.5133405212181987,0.034399952848330716,1.6115998336410118,-0.9755265675198317,0.0,0.0,68.6525155104343,0.08135633168036623
PYPL,2024-09-30,6.0,-2.4326524661663735,0.0007608885013323713,0.26407999039154456,0.5022411545919827,0.14076358203261596,0.05318280086476099,0.37781647850108097,1.2640684820841674,3.0344522647155023,0.08818222959118288,-1.4642086591475894,-0.07348154056597903,1.4098227033058133,-0.8246681134026831,0.2222222222222222,0.2222222222222222,78.91775747508305,0.06614292980264001
PYPL,2024-12-31,8.0,-2.493892284685775,0.0006275814034512327,0.2570129156945258,0.5063370758247634,0.13042110890964556,0.05032782259654914,0.3858870931040446,1.261006433472394,3.0236708783495088,0.07827938035763544,-2.074272376233415,-0.39491424679606546,1.2496181270076299,-0.428752182071001,0.3157894736842105,0.3157894736842105,77.0808051948052,0.06884144088189217
PYPL,2025-03-31,5.0,-2.3889607262351698,0.0006662769603417105,0.26593430750535835,0.5144407162344382,0.1425569945749318,0.05551925648650794,0.3894530510554887,1.2660324299689787,3.0203517988878934,0.09160117972378509,-2.432630722213512,0.2614670124833213,1.1142121458281697,0.007902269751612966,0.05,0.05,64.41255719369599,0.09129435949359321
QCOM,2020-06-30,,,,0.3203353130413264,0.5749029225424075,0.17269568771714694,0.026138332096015838,0.151354862657758,1.9658832448824868,8.778584392014519,0.013995816078805493,,,,,0.0,0.0,169.9618797953964,0.008095241624673604
QCOM,2020-09-30,7.0,-1.5742860993392456,0.0007744862002769738,0.46587556314596157,0.6339602689024851,0.2874084145328197,0.11204028149936691,0.38982951032066193,2.054564090196551,6.238836193115208,0.02109217614360045,,,0.7071067811865475,-0.7071067811865475,0.0,0.0,47.58066628041715,0.011201745812828902
QCOM,2020-12-31,5.0,-2.481576243500113,0.0008629497898364203,0.5689130084154799,0.6118561981931638,0.2915153208531247,0.1781766776406296,0.6112086223090863,2.0872176372583207,5.287716995764481,0.03153231730335486,-0.7071067811865475,-0.7071067811865476,0.7056950550949235,-0.5881771361677537,0.0,0.0,81.41371338083927,0.014792308045243906
QCOM,2021-03-31,4.0,-2.630338203043805,0.0009832257326071073,0.6289586095153925,0.5998843891325785,0.2727736407222279,0.2250699661216674,0.8251162594954022,2.0690960176610567,4.894447430437839,0.05229633049603407,-0.8398936662027225,-0.6773549735748317,0.5834780988453615,-0.46433115117431845,0.0,0.0,84.1212326869806,0.030705501153291022
QCOM,2021-06-30,6.0,-2.5960241939894333,0.0008190140099690803,0.6509361787799477,0.5981397347740668,0.28253929273084477,0.2470706663982283,0.8744648010200657,1.9857644762524398,4.128019822424117,0.05695362262992841,-0.9900172339335204,-0.6283715634368918,0.7131914978212178,-0.5933270237246289,0.0,0.0,88.80602277904327,0.03178101871684955
QCOM,2021-09-30,6.0,-2.2565706032757613,0.0007292910873281307,0.6051132836747362,0.5751057617827564,0.26937972948817257,0.23386095592799502,0.8681460790399338,1.85078919844062,3.6963651270839026,0.058374599066843134,-0.9143258337204399,-0.6327701498574982,0.5791735077114255,-0.4854482125673023,0.0,0.0,61.55384906960717,0.040668559539459435
QCOM,2021-12-31,7.0,-2.3329553124119333,0.0005945376610575551,0.5983037181947162,0.5816405816405816,0.2771117771117771,0.24965468102526922,0.9009168921917285,1.7352054612349839,3.337842967140223,0.035463115109858695,-0.7191268522078054,-0.496766476267297,0.6841421797592628,-0.4986762533783103,0.42857142857142855,0.42857142857142855,62.107021221532094,0.032442129970428765
QCOM,2022-03-31,5.0,-2.4726475895457822,0.0004933879462642824,0.6044886944971309,0.5850757672227175,0.2841716541449128,0.26704800426013126,0.9397418791247584,1.649151172190784,2.906025053753389,0.04404372584093875,-0.6182412003317242,-0.44842256984723833,0.8647468409769923,-0.5224863310474338,0.0,0.125,53.29346552617937,0.03836031981124961
QCOM,2022-06-30,4.0,-2.4458068909960646,0.000368930665890971,0.6231540294899135,0.5798865712726323,0.30518972022495905,0.2933254267826801,0.9611248588794745,1.6230215250055167,2.462010698987347,0.046059166146844244,-0.6011166705642157,-0.392362770645155,0.9851148552160865,-0.9752729676020746,0.0,0.0,39.364470035778176,0.042648910140168424
QCOM,2022-09-30,5.0,-2.048979805052329,0.00037375120348875175,0.605247985323986,0.5783936651583711,0.29266968325791853,0.28251326737862803,0.9652973421564132,1.6461125464233812,2.1190354551956676,0.05366386318296466,-0.610136146547816,-0.4826736361391267,0.9372677679892406,-0.6972347956527382,0.0,0.0,43.24875613747954,0.04696274618365894
QCOM,2022-12-31,5.0,-2.7675887927901934,0.00030885753826442896,0.5668085106382978,0.5722333441966572,0.2740351040551236,0.2473758865248227,0.9027160493827161,1.7369618812820027,1.8754210788682608,0.06572992872730034,-0.7393934194893209,-0.5324848979785031,0.5455135019057485,-1.1014631046973853,0.09090909090909091,0.09090909090909091,63.03443813387424,0.04949247294601814
QCOM,2023-03-31,5.0,-2.514711001765575,0.0002852087975229343,0.537595802685047,0.5646107769850739,0.25668996079768197,0.21690242271488092,0.8449976853042539,1.9024645791165615,1.6789676032465652,0.045308603091147946,-0.7254425724853729,-0.5154335615874851,0.15115375162278744,-1.2005763451267617,0.25,0.25,83.12564114832536,0.03957735392609627
QCOM,2023-06-30,6.0,-2.4352505669085582,0.00021563364345671417,0.5062528005214062,0.5631090607505702,0.22327907941115488,0.17546539573913397,0.7858568577131452,2.1014694868417654,1.544234431475172,0.052241777637469865,-0.7197651918197695,-0.5590850336125035,-1.2567035871643775,-1.5893527996031822,0.3076923076923077,0.23076923076923078,89.74284695556774,0.04545557819615046
QCOM,2023-09-30,4.0,-2.6483914071712102,0.00020694631927459196,0.48839520608009357,0.5569793411501954,0.20189838079285316,0.1457932244050439,0.7221119051698939,2.301924941143886,1.456915018759519,0.07977381851424302,-0.8562966158279759,-1.0285090496861107,-1.9978334229693426,-1.958442554353189,0.5,0.35714285714285715,109.55199290780142,0.04798743834241904
QCOM,2023-12-31,8.0,-2.3705896643125217,0.00014667937928421342,0.5176230059988332,0.5553565524082442,0.2139314449465447,0.15486264517126344,0.7238891188247673,2.4289247036752792,1.3590880750996976,0.060755342964003055,-0.31481042905521833,0.3244643454788983,-1.3719201164121535,-1.7808397887206855,0.7333333333333333,0.5333333333333333,65.53313183060109,0.03415992624695234
QCOM,2024-03-31,5.0,-2.594215668137505,0.00015449940629483106,0.544978182951535,0.5580398835356809,0.23034664615722683,0.16335515038179835,0.7091709521583295,2.4832415248431032,1.2872418632627147,0.06407957806480614,-0.27064386485073477,0.5796108600970994,-1.216082697255843,-1.9942266196581815,0.75,0.6875,94.10277777777777,0.028717937995598745
QCOM,2024-06-30,5.0,-2.499047461641624,0.0001562502970097002,0.5528943051324116,0.5589589804005569,0.2332655028381707,0.1666706523246749,0.714510505397378,2.473391727751462,1.2295527735716265,0.05566473334321512,0.2403660061672998,0.33195281728136455,-0.8491314676672156,-1.4893655299086754,0.7647058823529411,0.7647058823529411,114.67643854119765,0.028569515967849134
QCOM,2024-09-30,7.0,-2.1949343611070957,0.0001295088097983335,0.5886180387153666,0.5621518954852288,0.26031159364492695,0.19028410343485133,0.7309858956739541,2.4683612486213353,1.1650739811721218,0.05818639805048742,0.53426259906829,1.211424231095324,-0.5326620640413005,-1.420715480065115,0.5,0.5,85.46396204492642,0.038674604379632
QCOM,2024-12-31,7.0,-2.550258675583022,0.00011055253974282095,0.6002335704427222,0.5599459393045829,0.25936847278535446,0.19488822315670914,0.7513951910338492,2.4866686789415433,1.1178086477080542,0.07394916873615266,0.6285821268966485,0.24739809528131249,-0.17910609210571565,-1.1826918543176692,0.3157894736842105,0.3157894736842105,56.525355836849506,0.048955208363067326
QCOM,2025-03-31,4.0,-2.426993753486444,0.00011949786146187984,0.6148472413887645,0.5568404871703914,0.26110914035710064,0.20180769687719907,0.7728863746447209,2.5111709555156594,1.073309837805063,0.06840455255768277,0.6695566299250216,0.354201637208278,0.31179354864641184,-1.0609728058328793,0.2,0.3,63.97360576923077,0.055419598231267055
RTX,2020-06-30,,,,0.0186395240129522,0.1313562335538013,-0.1613158266361148,-0.023743630701412236,0.08705585170601238,1.1978691451078178,1.3433052359742916,-0.002680788194102815,,,,,0.0,0.0,-320.79741074523395,0.007869410505269554
RTX,2020-09-30,7.0,-2.4262286901239367,0.00012786596606787317,0.024449548648415025,0.12461816162177174,-0.123958622604832,-0.022048926264834092,0.17787327578754986,1.2107461928217578,1.3297107964067119,0.011305327065522279,,,0.7071067811865468,-0.7071067811865476,0.0,0.0,413.7478525345622,0.016206215042149703
RTX,2020-12-31,6.0,-2.5261850437832996,0.0002228708002036504,0.025759305777574765,0.12698167024122758,-0.07597231742100957,-0.02120686569190794,0.2791393814458441,1.2104947470033083,1.2828607793500875,0.01555280855122149,-0.7071067811865476,0.7071067811865476,0.8235796113507264,0.5580113538285406,0.0,0.0,1425.4356079812208,0.01907284374295291
RTX,2021-03-31,5.0,-2.3730977725401465,0.00013307823874400814,0.029935810304062154,0.13983597341181916,-0.044363239525116574,-0.016595611101059726,0.3740847440066679,1.200286593037886,1.2590310309051467,0.017676043542796414,-0.8675859553728494,-1.1398262733543578,1.05034233372459,-0.38569199927834397,0.0,0.0,204.44028331688054,0.027385901117562724
RTX,2021-06-30,8.0,-2.566055602809385,0.0001726226522002377,0.0707089152450784,0.15787277075942663,0.03505786795511823,0.013565259519439501,0.3869390898729499,1.1946858581819968,1.2200167535946114,0.02540879534973523,-1.0860492279406242,-1.49357271851889,1.2234009955257508,-1.2850954016038563,0.8,0.2,169.7703751950078,0.029976494696579772
RTX,2021-09-30,7.0,-2.4228566296864624,0.00016540495080635622,0.08081752609034451,0.17590138481564543,0.051958032087574296,0.020694253799750456,0.39828786750180756,1.1960363347787886,1.1859694278126345,0.02751300602140903,-0.8843230785793315,0.9581662549704327,1.0817249789767023,-1.019848332640195,0.6666666666666666,0.16666666666666666,160.69504244229338,0.03818321354267702
RTX,2021-12-31,6.0,-2.4617749702109584,0.00020783837858824917,0.08399737344869314,0.1939957756103622,0.06001164813319252,0.024164459633971316,0.40266282272967474,1.1900051871273973,1.1773550607466614,0.038789467469873024,-0.7876864322174709,0.5046038890237914,0.6377105065461419,1.1698720524525583,0.5714285714285714,0.14285714285714285,200.53252279069767,0.040927225661104044
RTX,2022-03-31,4.0,-2.5284099081763496,0.00016357662923019908,0.0861057175976691,0.19942022728324055,0.0646852111698765,0.02628547260252514,0.4063598483661769,1.1881217232896557,1.1681083816452194,0.03100424401540378,-0.7081632943111694,0.3751362071713937,0.4637350273738447,1.5220577986888766,0.625,0.5,223.01289353612168,0.03829777711277741
RTX,2022-06-30,5.0,-2.3577372475735174,0.00018824475588945176,0.0839361249312906,0.20166342457150735,0.06842143152541853,0.027981940588105405,0.40896455926547115,1.167238897665438,1.1740547055338795,0.03044030397947393,-0.6472118219690484,0.3254665253070814,0.3202695887058958,1.8866954811021286,0.4444444444444444,0.4444444444444444,171.68840269461077,0.042873470818267784
RTX,2022-09-30,6.0,-2.5926858746355603,0.00019092470417728062,0.0805793119878623,0.2049072321090496,0.06756577054146157,0.027968314075597325,0.4139420575161596,1.1501632950834202,1.1811108414211824,0.02474080415442034,-0.5886694763263971,0.21880067433164874,0.5499152307627567,1.9317447263677305,0.4,0.0,140.75254274084125,0.04792911459020549
RTX,2022-12-31,6.0,-2.4769947937629038,0.00016790098616449155,0.08120847496034445,0.2037749351462564,0.07748188567850434,0.03271281818868495,0.42219956190044566,1.124737248223931,1.1760355029585798,0.03279425756421727,-0.540016227152338,0.4447137541439401,1.2079674877363538,0.2783589841869578,0.45454545454545453,0.5454545454545454,160.5106292749658,0.03985711918306816
RTX,2023-03-31,3.0,-2.3935502316213095,0.0001878857911753527,0.08812985815580596,0.20534620544828794,0.08077670186081783,0.034741447168290626,0.43009241981867274,1.1350553078125905,1.1810974879871408,0.02466606163124084,-0.49320470680929895,0.27365713199403563,1.457623200047957,0.08423809803179672,0.3333333333333333,0.4166666666666667,144.2808980612883,0.040140361458309654
RTX,2023-06-30,3.0,-2.495616337219408,0.00019178902678729926,0.09339962489428696,0.20432743400450598,0.07881229365338019,0.03471456702127992,0.440471472305527,1.1501239215686274,1.1765233279221883,0.020819453697534976,-0.4501379220926552,0.16377514008116603,1.6553261434092654,-0.3505009685755691,0.38461538461538464,0.3076923076923077,158.3986485013624,0.0370131235748474
RTX,2023-09-30,2.0,-2.420257434440205,0.0003570122835012479,0.06830419901287234,0.17361297439108012,0.047566109173299946,0.019786081003993154,0.41597013814826755,1.1314908074504229,1.1947389192058027,0.05424115506237459,-0.7414244122101679,-0.5303143093800268,0.3304068026350152,-0.3172690652747545,0.6428571428571429,0.0,-137.250005003574,0.06004619642319834
RTX,2023-12-31,6.0,-2.2931878418883627,0.00017458803129343813,0.06492426428270553,0.1754062681369704,0.046358096343586765,0.019718905307594865,0.4253605489200119,1.1160661326453634,1.3051006000078247,0.04887337485973261,-0.1239829268827453,0.20207094643342965,0.47337438502146895,0.44846905885563076,0.7333333333333333,0.06666666666666667,112.68259988931932,0.14011376634991396
RTX,2024-03-31,5.0,-2.5282596021525037,0.0002846270119995153,0.05839977731729193,0.1701285716297475,0.04897832730140401,0.021513623851792285,0.43924782729718864,1.0853580670094432,1.404700370005392,0.05156912875061043,0.7626472993808872,0.3075043731802064,0.5543208410380734,-0.09168216790894991,0.8125,0.1875,150.108891188251,0.11946924831876475
RTX,2024-06-30,4.0,-2.4931825983692386,0.0005113373030206712,0.035022333459301065,0.1638289351947747,0.03123575955921952,0.014013393880446298,0.44863304360755063,1.0444761654333046,1.5269873076877918,0.06478719284931084,0.32661407348634486,-1.5840566009449624,1.1048270715124566,-0.3744872899678027,0.9411764705882353,0.23529411764705882,162.9987150877193,0.11139775203062278
RTX,2024-09-30,6.0,-2.4908263677295364,0.00019632799665092446,0.04787492265221504,0.19210040231775513,0.05968978517750057,0.029121344593833472,0.4878781940198782,1.0198200338856978,1.6223768017416498,0.048729169261100505,2.3414661596328963,2.7384482528495595,2.0399233463233206,-1.4214680349595303,0.6111111111111112,0.4444444444444444,139.03740337909187,0.08496949632481025
RTX,2024-12-31,6.0,-2.4062764918890944,0.00031475984574424234,0.04454647563551651,0.19086427704426664,0.059129530084966186,0.029421960775854763,0.49758489089253494,1.0091514143094842,1.6209501887859148,0.02904862188314822,0.06400763034951243,-0.14834225012689176,1.6540182387477178,-0.5124919923952861,0.5263157894736842,0.2631578947368421,138.38863248785754,0.023455448768020654
RTX,2025-03-31,6.0,-2.4346698350294127,0.0003031463816676312,0.037758904478397345,0.19531680103744847,0.05627668554790247,0.028146779335368875,0.5001499121942862,0.9956442566829339,1.6270324141423071,0.030442407087327455,-0.24273798965600274,-0.2515247274658636,1.6311178406220712,-0.3927899754970234,0.85,0.65,137.99996454948302,0.020808733958426362
SBUX,2020-06-30,,,,-0.049928965086511595,0.6485161412567206,-0.16067833542549917,-0.023280234449530895,0.14488720204800176,0.9473881529617596,-4.378894518975453,-0.00869636863811297,,,,,0.0,0.0,-117.28090883244883,0.005960001239680258
SBUX,2020-09-30,8.0,-2.3343975622290274,0.003029841884435131,-0.012884195703331276,0.6680447377508345,-0.027414342170893603,-0.009768418750032043,0.3563251194990695,1.0025148545814657,-4.562845156694289,0.0038995150756409836,,,,-0.7071067811865476,0.0,0.0,501.4614886731392,0.011684817992560624
SBUX,2020-12-31,7.0,-2.4702049195112212,0.004300043501436421,0.022914102629303792,0.6791890349702467,0.019587064618681076,0.011405516282696773,0.5822983946159453,1.022046512028305,-4.637150244371643,0.015085652084659807,-0.7071067811865475,-0.7071067811865476,,-0.8381126000679,0.6666666666666666,0.0,305.7572608182778,0.01440216742861378
SBUX,2021-03-31,7.0,-2.4690607982255814,0.005225999480935039,0.05785279560687073,0.6853447191162038,0.041765579257295765,0.034086630291163766,0.8161416864632468,1.0331766304512497,-4.654465849355767,0.019073389060616935,-0.8524207225632421,1.0733259228819472,,-0.8244658351460851,0.5,0.0,294.0559209593331,0.018415286468971823
SBUX,2021-06-30,7.0,-2.4420847659956135,0.003379948097680835,0.15088103735727093,0.696714238300697,0.1042740716155917,0.09651220140809404,0.9255627972780047,1.0521235390868011,-4.887461022988124,0.0349636247081791,-0.991029268231805,0.7914745479791306,,-1.0531516402213057,0.4,0.0,161.34853532921713,0.0185764558915804
SBUX,2021-09-30,6.0,-2.4654810906932605,0.002119871115586948,0.22429856682080118,0.6992938893209363,0.14450493107506382,0.1409082329859693,0.9751102051512263,1.0884931543328156,-5.3096442295859525,0.034487140370292726,-0.9026075089575781,0.09464226200301926,,-0.8167559079115398,0.3333333333333333,0.0,157.827546335262,0.018049829480165598
SBUX,2021-12-31,4.0,-2.393801900316047,0.007868507485057455,0.21389557486028196,0.6964422164839797,0.14469263806913996,0.14882405251151937,1.0285530383405217,1.017378750343711,-5.185958294561002,0.03211042052272212,-0.8192946605853161,-0.15129993592605115,,-0.6796258281359474,0.42857142857142855,0.14285714285714285,229.73725523494764,0.03960455524498282
SBUX,2022-03-31,3.0,-2.516166813291111,0.0078460962694021,0.19284227053139433,0.6907070719967315,0.1407057952325626,0.14851825398145152,1.055523361606935,0.9560785952672156,-5.049235512562968,0.0333915514007753,-0.7508875669983038,-0.16781266084508223,,-0.46459264070637135,0.25,0.0,270.4092041001864,0.05579694553550544
SBUX,2022-06-30,7.0,-2.351423108058817,0.006635972711973464,0.1685476328799868,0.6842834273421964,0.13031066698350363,0.14199492011479994,1.089664594631961,0.9144254349410751,-4.764777183797286,0.03455904238265183,-0.7029921712163429,-0.1971278920120034,,-0.3297492887088401,0.2222222222222222,0.0,139.18558312903406,0.06954572249109439
SBUX,2022-09-30,4.0,-2.463782973972604,0.007868700765522338,0.09071251864278192,0.6800866968679361,0.10175409220999494,0.11515396087477106,1.1316887446366497,0.8117685415185041,-4.297453506136984,0.026184444002118112,-0.673295704012011,-0.3009094900930353,,-0.20718524340499264,0.4,0.1,172.18883848677484,0.06325551110323893
SBUX,2022-12-31,5.0,-2.4862507297369096,0.007533859225779647,0.08628736590948768,0.6779284069296162,0.10089688823532986,0.11712672887043898,1.1608557104085804,0.795500310544302,-4.2604047181663205,0.01904646487539137,-0.6006495130124238,-0.11200255711121132,,-0.05043106156204079,0.6363636363636364,0.2727272727272727,173.2458867276888,0.025119859037098593
SBUX,2023-03-31,6.0,-2.4606746500102887,0.007069076985750534,0.09274750286947664,0.6783193129007589,0.10455615036178599,0.12583042255864396,1.203472221607668,0.7813357756484848,-4.27318099000953,0.023859738959509602,-0.5370887049445164,-0.0588371708319068,,-0.39643790012664404,0.5833333333333334,0.3333333333333333,184.23306445931667,0.022171003638062414
SBUX,2023-06-30,8.0,-2.515650431195367,0.006065561432715689,0.0960667039396354,0.6805164466732541,0.10804998829113382,0.1332493957816978,1.2332199002434483,0.7668697460690796,-4.320406600088874,0.027142580500073135,-0.5168680528966397,-0.06185139291827504,,0.4602230527006804,0.38461538461538464,0.15384615384615385,127.99088711729286,0.02554038382349935
SBUX,2023-09-30,5.0,-2.4439906200212027,0.007844822295518618,0.04874499754875544,0.6828656089127075,0.11464714973482026,0.14340649979659886,1.2508509817147586,0.6612920843045618,-4.4346807106796,0.03633066869076416,-0.4815463676914777,-0.09262669470977315,,1.4294564074130085,0.2857142857142857,0.07142857142857142,114.39151691759754,0.031183080088387254
SBUX,2023-12-31,5.0,-2.4918479853141218,0.0070688182937663924,0.05120033940631488,0.6843704854580641,0.11703600730503994,0.14810049738201836,1.2654267758469637,0.6505415814595488,-4.468157199807403,0.041062376184840904,-0.4683844953609206,-0.4362799655957335,,1.5489972628518012,0.3333333333333333,0.13333333333333333,138.00059293365908,0.03997388123493697
SBUX,2024-03-31,4.0,-2.5122260127404474,0.010010570269823937,-0.007535207768241292,0.687204012022929,0.1138181559367318,0.14248629642893249,1.2518766909923973,0.5773707828379292,-4.4966941777385,0.038078641492230954,-1.1165299823039048,-0.42043772226841486,,2.245640931467867,0.25,0.0625,214.4001229135053,0.04031929854501079
SBUX,2024-06-30,8.0,-2.447187680390925,0.0066450334478940914,-0.06042834813150191,0.6901178315485884,0.11160550282653156,0.1378795294165463,1.2354187376482004,0.5211276528349699,-4.581366011347543,0.04327202168961739,-1.3039357604147068,-0.38439496742185064,,2.0045244476821473,0.17647058823529413,0.0,118.6899501504891,0.045244380840385595
SBUX,2024-09-30,4.0,-2.422499864744955,0.0068444145546219005,-0.07437171858592931,0.690939598243039,0.10395813810775623,0.12536626831341566,1.2059302965148258,0.5164734794976489,-4.700081097498929,0.02992376091992717,-1.6113397725957037,-0.8466014740913478,,1.8867212629620629,0.4444444444444444,0.3333333333333333,184.28095361781075,0.03376196731742001
SBUX,2024-12-31,7.0,-2.462510343466217,0.006571608318810555,-0.13503166584079349,0.6931084468001527,0.09729837393426025,0.11465323199741825,1.1783674008250522,0.47292563306976276,-4.92214359230066,0.028005660431848593,-1.0194655822687317,-0.5994834878623676,,1.7495809397936029,0.47368421052631576,0.15789473684210525,213.26737567405632,0.02619971312777366
SBUX,2025-03-31,2.0,-2.5383962981586903,0.00950473697476076,-0.13503166584079349,0.6923394374257165,0.08608641105779813,0.10014618654747702,1.163321659213313,0.45587204979797596,-5.103132079188417,0.024727559545208215,-0.4901454976415506,-0.9853256107821393,,1.2457827809962363,0.8,0.4,629.9401128762541,0.02477495604645215
SPG,2020-06-30,,,,0.029162042039994514,0.8098745716973262,0.24014797922114117,0.007495612935572825,0.07010406367949798,1.125007557051012,12.487296612416765,-0.002450154331940377,,,,,0.0,0.0,413.63844179565683,4.384154547278578e-05
SPG,2020-09-30,4.0,-2.4584263057091915,0.005222116727413878,-0.005790803139915975,0.8000489938592793,0.1892891886098699,0.012233849708191384,0.07010406367949798,0.8533209633178767,12.898520811469583,0.025650038895592853,,,,-0.7071067811865476,0.0,0.0,715.3543271866685,0.020190402007929986
SPG,2020-12-31,6.0,-2.112584214255989,0.00303860297254959,-0.01256440645774812,0.8933313278329256,0.20715862604728003,0.02012819340563427,0.09716319223434311,0.7367350077599589,10.983404452847273,0.04991503434017372,-0.7071067811865476,0.7071067811865476,,-0.8430109646327975,0.0,0.0,443.17973941683243,0.08717807629627727
SPG,2021-03-31,6.0,-2.784323607125646,0.0029538010406840462,-0.004053766995033847,0.8933313278329256,0.24939793217544357,0.03323746602642771,0.13327081638770846,0.6691337074092744,9.867383547486096,0.05642415191614143,-0.79712590827333,0.4351997339563853,,-0.5200184849809166,0.0,0.25,235.37464456368522,0.07442239411920182
SPG,2021-06-30,7.0,-2.486741628920936,0.002873481233754861,-0.012634004236534761,0.8933313278329256,0.3166450428918954,0.04374342299842018,0.13814655867944364,0.5180576582231741,8.620494462789866,0.07109560306366033,-1.124092928596028,-1.4419533446084514,,-0.6801988101307546,0.0,0.4,253.54093911851922,0.07482695184857253
SPG,2021-09-30,6.0,-2.4792344424314163,0.0031800496433296386,0.0024942563671002255,0.8933313278329256,0.4099632675616812,0.05850076694717336,0.14269758189585022,0.4612975442714753,7.449868639449125,0.07429939117495853,-0.8865553098351538,-0.9547616377921342,,0.5299924811497669,0.0,0.3333333333333333,242.97502638409932,0.0881255268194839
SPG,2021-12-31,6.0,-2.501489655924991,0.003061745243472565,0.021381963074695323,0.8772427155473317,0.5031982954931883,0.0751958205784782,0.14943576171055634,0.42313246354429523,7.02321187799374,0.05925809001149315,-0.7857652281712376,-1.129436401212571,,0.7892800504398587,0.0,0.7142857142857143,303.66818774147123,0.0
SPG,2022-03-31,4.0,-2.5668459666606847,0.0040700985811430775,0.017377203870970276,0.8933313278329256,0.49403596803949307,0.07516106966061677,0.15213683724058008,0.3914846496075988,6.845938082862592,0.0691306410781733,-0.7610209384987882,-1.691410470265724,,1.021154808058786,0.0,0.25,234.98934377296698,0.0026724421381535204
SPG,2022-06-30,5.0,-2.4781807319148235,0.003348901362020766,0.007319356883726216,0.8933313278329256,0.46841128758448425,0.0725495059993789,0.15488419669283401,0.3508032558876106,6.798066729258455,0.09957125779071666,-0.704084034092296,-1.4292194818046202,,0.7157656460732866,0.0,0.0,184.03086788558485,0.012541983035989504
SPG,2022-09-30,6.0,-2.5219569567018296,0.0034522483330290273,-3.477001173632366e-06,0.8927379124121474,0.4396808394217591,0.06894250217340747,0.1568012430654844,0.3508032558876106,6.910962213732291,0.10877152560303831,-0.6520124668961818,-1.2357356955375918,,0.2661137101606659,0.1,0.0,167.11200854920358,0.010643850744307945
SPG,2022-12-31,5.0,-2.448015296792094,0.0030629498504474925,0.00494668237402815,0.8933313278329256,0.4629442570245908,0.07404257762940249,0.15993842996408414,0.3508032558876106,7.144660563802081,0.08227282874358031,-0.5811247066577049,-0.7463111589810472,,1.0272649778079666,0.18181818181818182,0.18181818181818182,184.2613933148786,0.0
SPG,2023-03-31,5.0,-2.532891519342854,0.004242733812518506,0.010927163668249612,0.8933313278329256,0.4629010241333659,0.07489111970574777,0.16178646363109142,0.3726945673245885,7.454469132691323,0.08745460285825178,-0.5578652390683344,-0.8678488068602627,,0.9955263359045198,0.16666666666666666,0.16666666666666666,184.854864085204,0.0012954450814109289
SPG,2023-06-30,5.0,-2.5282176261512483,0.003710946309531467,0.010509954225037615,0.8933313278329256,0.4533446845395431,0.0747234064087282,0.16482691637737829,0.38042241668020177,7.7569641844031185,0.0718024555674234,-0.5104696888107135,-0.8508114157715941,,1.9472069022658631,0.38461538461538464,0.3076923076923077,214.1102512773685,0.005519380374838032
SPG,2023-09-30,6.0,-2.450551402632392,0.0036301727502222833,0.011142626023724497,0.8931179768932953,0.45550689305126557,0.07629622561639833,0.16749741174127847,0.3810164154709132,8.021931340042899,0.0856378386947516,-0.4397280705708584,-0.6286846061743544,,1.8739999922215909,0.14285714285714285,0.14285714285714285,170.7390527607362,0.006176897312631963
SPG,2023-12-31,6.0,-2.416557255336562,0.002679480951666263,0.02611393168107387,0.8933313278329256,0.46270169342246353,0.07853200402693696,0.16972491162947692,0.4629890394210337,8.194413137215104,0.06748610228952075,-0.26873510993319333,-0.44329552155764196,,1.4122925546348855,0.4666666666666667,0.4,161.49379411099784,0.0
SPG,2024-03-31,5.0,-2.543987312376261,0.003395522597427502,0.0471252667313897,0.8933313278329256,0.5039890779655676,0.08666704584254285,0.1719621508314986,0.5330224936767372,8.168292560054695,0.060488498072202364,-0.305180258600649,0.10996090563134128,,1.1071591899197661,0.4375,0.6875,188.85765980129077,0.000902319421827858
SPG,2024-06-30,4.0,-2.487674332908061,0.0035173505963621986,0.06107983442950593,0.8933313278329256,0.4975560184010185,0.08651911712978684,0.17388819334922498,0.6248243180100365,8.169153860373473,0.06165658819291084,-0.23235956930759927,-0.48078308469260655,,0.6435857605875367,0.35294117647058826,0.5882352941176471,178.81883812603445,0.0018751268756850917
SPG,2024-09-30,4.0,-2.5107361307107237,0.0034372415475564396,0.07034041226496535,0.8933313278329256,0.47154681228850076,0.08278417469110023,0.17555876221351996,0.7162974517907024,8.376430102758118,0.055324024151773586,-0.36914785941071093,-0.7893489285611366,,0.0425395859267241,0.5555555555555556,0.8333333333333334,190.4224662446469,0.004455334650744973
SPG,2024-12-31,7.0,-2.413190947549557,0.0027726582467612715,0.0619570849281005,0.8933313278329256,0.45787281863000723,0.0822765372532741,0.1796929931317002,0.6727640433154579,8.302760129707911,0.055425609553573264,-0.6548127842876287,-0.5391132862321046,,-0.2832982448962377,0.631578947368421,0.8421052631578947,168.86490272649095,0.0
SPG,2025-03-31,3.0,-2.513495279586776,0.0047311577291285585,0.037584211088677946,0.8915800554534201,0.402497405834287,0.07335552082304095,0.1822509158065041,0.6047452406320469,8.549938458080938,0.05722320343730406,-1.2311873246965788,-1.896319876726664,,0.32428693051599317,0.7,0.65,209.327822848748,0.000916132348925567
TGT,2020-07-31,,,,0.09256666666666666,0.31782372143634385,0.0735582154515778,0.035208333333333335,0.4786458333333333,1.1089227284168135,2.816186993162665,0.04997332655976627,,,,,0.0,0.0,56.266138794084185,0.00546509433225304
TGT,2020-10-31,4.0,-2.521331620328045,0.0010336624276568848,0.1093724977448029,0.31628916613677727,0.05928914421031859,0.05481395890980225,0.9245193136092276,1.0761156344860847,2.80974630266054,0.05879218927762532,,,,-0.7071067811865476,0.0,0.0,81.28693543758968,0.009241929377933143
TGT,2021-01-31,6.0,-2.259053259035813,0.0006843217706256792,0.14094950936901723,0.30128742595948393,0.05522949179130717,0.08172958261345216,1.4798177561053707,1.0598475818976416,2.7164142102784044,0.08049348099889149,-0.7071067811865475,-0.7071067811865476,,-1.0343179190473086,0.0,0.0,101.26067930489731,0.011464785002010428
TGT,2021-04-30,6.0,-2.573531333707695,0.0006490634269771414,0.20056891905379778,0.30323099966375594,0.06297952986967996,0.12338556742189839,1.9591376384868748,1.0628210674309198,2.6237702546296298,0.07659569393388371,-0.962967442933047,-0.5464980581542249,,-1.0170363944125962,0.0,0.0,79.15819707207207,0.025873814509080367
TGT,2021-07-31,5.0,-2.4352904049063047,0.0007593759730721777,0.19529752410865459,0.30238816681285385,0.06287377402121043,0.12382892057026476,1.9694844551321375,1.0480632757864312,2.5389384834485393,0.04854766073231509,-1.1346090912506472,-1.4812613255432991,,-0.524361595751688,0.2,0.4,87.45093273778245,0.03253193760412867
TGT,2021-10-31,3.0,-2.507464757841749,0.0010138727658181494,0.19457292243934174,0.2966772458102721,0.06562294384022913,0.1307278991880105,1.9921065947039973,1.0245165406891137,2.5740243188315937,0.04685150755142639,-0.8929386171468672,-0.9832821543502597,,1.4202100625937404,0.16666666666666666,0.16666666666666666,115.33707187718073,0.05076036017543994
TGT,2022-01-31,6.0,-2.2895849452736226,0.0009910703888579948,0.19197250545035655,0.29283524362058394,0.0655252110749493,0.13225563838193433,2.018393168251792,1.0143530883803749,2.7215539690694257,0.047779153304389595,-0.7782997324729395,-0.9613858684581809,,1.7507113819344982,0.0,0.0,97.52738255033557,0.08163986884117314
TGT,2022-04-30,2.0,-2.618089667379881,0.0018146419133663566,0.13928125103944422,0.2829553740021313,0.05475892239525884,0.11134289067660098,2.0333287399797575,0.9658509689831543,3.0266531455686514,0.02016303683617322,-0.7289545819664187,-1.2599349417574983,,1.8380795327194615,0.25,0.0,196.41046979865772,0.07035991442181579
TGT,2022-07-31,4.0,-2.479967477499508,0.002332042764078927,0.06807416301871094,0.26225024338231884,0.03916369199388067,0.07987368460862083,2.0394830145508522,0.9126287287434716,3.407325610467539,0.005848727765724733,-0.6658653048170056,-1.3261328927036082,,2.059850450733428,0.2222222222222222,0.0,-464.6512669322709,0.11476973017481966
TGT,2022-10-31,5.0,-2.468921017891917,0.0011788707548158475,0.032511351991651706,0.2545690345011543,0.03171420424756947,0.06483091878272805,2.0442234109562,0.8835725318211028,3.705343714058215,-0.023586175559416545,-0.6160532166535478,-0.9272508295239154,,2.0031510053870503,0.6,0.0,277.7124705882353,0.08612368558945083
TGT,2023-01-31,7.0,-2.0345645266223356,0.0011942529497133074,0.006593737927655427,0.24572947214076246,0.025476539589442817,0.05238808642149796,2.056326615220812,0.863427104057743,3.866497008047321,-0.01877653545118652,-0.5869298140480519,-0.8701337003053257,,1.6938100907767673,0.8181818181818182,0.18181818181818182,224.5490955882353,0.055979577729968866
TGT,2023-04-30,6.0,-2.6245777799798145,0.0012874869897973882,0.008810226155358897,0.247465041364668,0.024901164067647703,0.0509622137940722,2.046579575783116,0.8668580656737843,3.8049406047516197,0.006901984628705066,-0.5589646560234429,-0.3302760211927331,,1.8131291418586444,0.6666666666666666,0.0,154.76909395973155,0.06220002814202066
TGT,2023-07-31,5.0,-2.48747353386314,0.0013300236462723768,0.03006168749358394,0.26036034367824606,0.03122916820976224,0.0629567067650929,2.0159584892630162,0.8711264630600631,3.674475417702744,0.0260308670948372,-0.5659812966313825,0.4742465026018738,,1.3021340937056294,0.3076923076923077,0.0,174.51471807628525,0.031560247871525074
TGT,2023-10-31,6.0,-2.4565488199974044,0.0012218971726533738,0.03944351386562442,0.2669336127535364,0.03397949255295262,0.06759724548669273,1.989354178298902,0.8735949668162811,3.5398280560190956,0.07158821289245765,-0.5027527923355687,0.09525675375848358,,0.6881149589430825,0.0,0.0,132.87618259629102,0.039062306407931374
TGT,2024-01-31,7.0,-2.2207326077219087,0.0009250698646639195,0.051296896391184704,0.2754254645663427,0.03852455963951886,0.07629724210730106,1.9804831728442296,0.8713287609768604,3.3790193980743224,0.05921903274565699,-0.3226905296029511,0.5422214013475971,,0.30415228191379035,0.13333333333333333,0.13333333333333333,85.49626387771521,0.031216113984670044
TGT,2024-04-30,5.0,-2.835452292065394,0.0012283394354723554,0.046652236389763,0.2786317892347661,0.03873533356468238,0.07512232388089565,1.939374647579897,0.8659449729364851,3.247296044499382,0.06132946588114601,-1.0599224567119807,0.12921985894760543,,-0.6010918605806389,0.3125,0.3125,172.1410353982301,0.02707602183661075
TGT,2024-07-31,8.0,-2.4400826030716276,0.0009208315606556782,0.06133894933474632,0.28293569431500465,0.04181733457595527,0.08059381132211031,1.927282361235221,0.881511240064973,3.1076639306465,0.07547869695539851,0.05367499583580502,0.6585406920589743,,-1.3124003863249352,0.11764705882352941,0.17647058823529413,110.83799306243806,0.031370564470060154
TGT,2024-10-31,3.0,-2.4960896709982907,0.0011787984721691278,0.06667940746403317,0.2823835641907595,0.04062470949149391,0.07768923417437411,1.9123640549513554,0.9025068261283189,3.0042534258764904,0.06529136470072408,-0.0864148739890051,-0.009244080575571394,,-1.6632541466816617,0.2222222222222222,0.16666666666666666,210.67241965973534,0.03678325722024867
TGT,2025-01-31,6.0,-2.275817267080733,0.0008726062714520244,0.0615341318839815,0.28212563106431693,0.03838935495373759,0.07195750444127838,1.8744129597382724,0.9098672877696097,2.960225689607133,0.07081813120729583,-1.2445664669229877,-0.2084754400610591,,-1.4421154025946488,0.10526315789473684,0.10526315789473684,128.74683678440925,0.04830378788558404
TMO,2020-06-30,,,,0.2164661568684753,0.48821743530432266,0.1671244759288709,0.018768366535158214,0.11230172259834721,2.623482454681523,1.0616903765690378,0.011226580548600484,,,,,0.0,0.0,125.39509622238062,0.001137220018511723
TMO,2020-09-30,8.0,-2.331964035555324,0.0001219933685813389,0.27671860824167954,0.4992874724705273,0.2000906853219329,0.04916675951422159,0.24572238050519682,2.77828608773793,1.036564612068267,0.02249009005572456,,,0.7071067811865476,0.7071067811865486,0.0,0.0,85.20015554645927,0.0016007585552030102
TMO,2020-12-31,7.0,-2.3806820409547793,0.00012375648166706863,0.32649533142276044,0.5103894104971526,0.21498383869478221,0.086083633786324,0.4004190934023605,2.4824129518740294,1.023634322773759,0.03613740435506302,-0.7071067811865475,-0.7071067811865476,0.6835230220912739,1.1099775169648372,0.0,0.0,70.47251691911053,0.0016626649710712437
TMO,2021-03-31,4.0,-2.4573230145339244,0.00012079033787856675,0.3733453040051873,0.5146542597648632,0.22076112999387085,0.12160974842405338,0.5508657634948223,2.4932633716993906,0.9854426619132501,0.0445461562975659,-0.8930858756206478,-0.854199066927178,1.0348295042861921,1.1955969285044667,0.0,0.0,69.71061377734247,0.013113823239129794
TMO,2021-06-30,5.0,-2.505166254832374,0.00011296157738306464,0.39048368835803887,0.5129411764705882,0.22473202614379084,0.1289035847373117,0.5735879614009043,2.5330355970051226,0.9293758544118391,0.040639204404313095,-1.0596810130717629,-0.9657089080114316,0.885214624963605,1.2493695934703994,0.2,0.2,101.83910604732691,0.012068430648141634
TMO,2021-09-30,5.0,-2.5089557896300563,0.00010494421072637628,0.39793833090223363,0.5105097416728539,0.21928364781484422,0.1240041841458515,0.565496722539733,2.615192169371736,0.9035614135415015,0.03485651526144541,-0.9132484172054947,-0.8804042831600943,0.33637149019789,1.2310570471299072,0.3333333333333333,0.3333333333333333,113.31656794425088,0.010704107765122145
TMO,2021-12-31,3.0,-2.0914825263672747,0.00023721463012717082,0.3283179869820606,0.5008288490474612,0.19701104281961695,0.10219876170820766,0.5187463618563793,2.3293742345267594,0.9944194882551995,0.029198507374110526,-0.8105701794379909,-0.8609082397375138,0.10383270174050886,1.4345057352920483,0.5714285714285714,0.42857142857142855,117.35672213622291,0.009018625891281237
TMO,2022-03-31,6.0,-2.4823965319180634,0.00020210619630481224,0.28497180770913333,0.4837438902803784,0.18488437127641466,0.09239051183590143,0.4997205074612356,2.0623382440772446,1.087675681160891,0.033873762276207926,-0.6462415729562901,-0.6630690002949688,0.5961138455320787,0.99556127989092,0.375,0.25,98.46004250797024,0.010341217643282866
TMO,2022-06-30,4.0,-2.490710732384225,0.00020762485533712576,0.24600780005056117,0.46632414759458196,0.17372723026623074,0.08452232501725612,0.48652318285238705,1.8463711135213305,1.1559872373521793,0.03415052917903436,-0.606986099541411,-0.6152449570729541,1.2194880512741602,0.5734950807650951,0.3333333333333333,0.0,129.00855308641977,0.011665372279076443
TMO,2022-09-30,5.0,-2.4926074426476426,0.000176295987805875,0.19995284361152893,0.4442004211288971,0.15921389272533792,0.07623074108703606,0.47879453094299224,1.6019823187249322,1.1923460839185769,0.03281420764345422,-0.5834464544666477,-0.6186613935503027,1.6772639676623073,0.40986104103168025,0.3,0.0,143.7233505450373,0.01268842650283855
TMO,2022-12-31,3.0,-2.473461751459209,0.00018945637457644328,0.20260797378010653,0.4223755983524435,0.15473672492485807,0.07492938309938116,0.4842378765336266,1.5900771559722628,1.1636487692226947,0.032592903663135206,-0.5774779407531154,-0.5123533028902133,1.6891686030881354,-0.4060139981697923,0.45454545454545453,0.09090909090909091,137.84089770354908,0.016128399048429123
TMO,2023-03-31,2.0,-2.479425254921027,0.00025072450915779646,0.18000305689853507,0.4028351633300614,0.1375122697285822,0.06461318166826216,0.4698721197446149,1.5058808558599501,1.1584046672338653,0.025465994155744385,-0.6366407947376267,-0.6792274505849235,1.2426504527548372,-0.7261899552066708,0.75,0.3333333333333333,163.38421492537313,0.019983762578054724
TMO,2023-06-30,8.0,-2.4534096287473264,0.00019772141316465856,0.16992081348800514,0.39745887326532486,0.13144472015439757,0.0607884649610974,0.4624641057449403,1.457779918794302,1.1607537466350597,0.029248316776905637,-0.5588953669355398,-0.50170970956346,1.3258636320179613,-1.4232005169792883,0.6923076923076923,0.07692307692307693,143.6663827370812,0.02216470146562668
TMO,2023-09-30,7.0,-2.4467770237063595,0.00016927749701765323,0.1726038843367957,0.3987241196655996,0.13682319614932867,0.06205120974269794,0.4535138155592808,1.4473383035772678,1.1764832916571948,0.033987806956996026,-0.5083797428733111,-0.15499658328566496,1.5191653338809386,-1.9726731505047257,0.5,0.0,127.38575975359343,0.02293349551075807
TMO,2023-12-31,6.0,-2.5012690082259215,0.00016297567428874885,0.1800429597499389,0.39900133000443333,0.13988379961266537,0.062359249608629395,0.4457932210970859,1.5109342227418079,1.1524623014318178,0.03405738538335098,-0.5521722247036359,-0.03134181437033304,1.8169521341632402,-1.8278533550027594,0.6,0.26666666666666666,133.1021302998966,0.01710638276383597
TMO,2024-03-31,3.0,-2.5090011931526885,0.00019514167686512647,0.1961207698509499,0.4039583921679375,0.14195613291913772,0.06234883095941951,0.439211957083497,1.624290720219143,1.1280981055294343,0.03424966879441166,-0.8283437803843293,0.46422856225425047,1.5014104808110904,-1.618391052835471,0.75,0.5625,162.31188054405678,0.01586578717961953
TMO,2024-06-30,8.0,-2.477228018333842,0.0001565534185277783,0.21137422836351744,0.40761819298162755,0.1468615689793605,0.06356036139160295,0.4327909733862066,1.7017756680731364,1.1102526083088453,0.03806439123886326,-0.5303627215184987,1.1051009506294913,1.2609996294564352,-1.313014445866063,0.5294117647058824,0.35294117647058826,138.78610964681076,0.01678478179783663
TMO,2024-09-30,5.0,-2.4275017297514374,0.00015627371623130377,0.20916334964186267,0.4076705215954685,0.144795846117536,0.06217679594406622,0.4294100805460612,1.7006611656752089,1.0871708090957166,0.03294308512644756,-0.2845494802979682,0.24996955257447503,0.7646438280915565,-1.124714549527103,0.8333333333333334,0.6111111111111112,153.35821656050956,0.0150296247797339
TMO,2024-12-31,8.0,-2.4607715471660785,0.0001297228399358818,0.20735410410474042,0.41283612024534155,0.14774131859418363,0.06443295692349159,0.43612008838553995,1.6778066133502816,1.049080393893607,0.03695115066962861,0.18893482849653126,1.001970183650235,0.16450243093095784,-0.8889251508997706,0.3684210526315789,0.10526315789473684,110.71052561247215,0.02312221784802129
TMO,2025-03-31,3.0,-2.4528700265715955,0.00016252343685134376,0.21041892804821583,0.41335260385099537,0.15189519324910253,0.06594757896175071,0.4341650156999972,1.696014745620157,1.018611682865913,0.03599865104480398,-0.17295186028956983,0.8123702419329422,-0.2424664857844621,-0.7547906939590128,0.25,0.0,131.37694214876032,0.019073081132443645
TMUS,2020-06-30,,,,0.00806628240535473,0.617169373549884,0.006224888234961236,0.00058760997654902,0.09439687177816121,1.048725798801259,1.9716013715156517,-0.017276932245728027,,,,,0.0,0.0,-89.52138621464968,0.002329474010659959
TMUS,2020-09-30,5.0,-2.219651668334291,0.000249007800420256,0.01243908735071462,0.6089651625477086,0.036894675581300926,0.007180448949273262,0.1946201948151153,1.0175454904603658,1.9779813779092115,-0.018561925309621006,,,,-0.7071067811865525,0.0,0.0,-169.72017912075708,0.0021269601560967907
TMUS,2020-12-31,5.0,-2.5358249450724113,0.00044293440882029833,0.021384812798807874,0.5793240695482159,0.0368863906151805,0.010933004946499162,0.29639671337210505,1.0453702845490778,2.0068610723601985,-0.020443681915176443,-0.7071067811865475,-0.7071067811865476,,1.1467230259365484,0.0,0.0,-119.586378936551,0.0017797477955938256
TMUS,2021-03-31,5.0,-2.590043310075083,0.00037477752353573215,0.025184386875331997,0.5765481614163519,0.03953636281037862,0.015557961835492176,0.3935101949086749,1.0263685903904831,2.0213113995154397,-0.06684038004386833,-0.8234106450901868,-0.6026001619376583,,1.4899598019077918,0.0,0.0,-133.92755941095814,0.001936783726592936
TMUS,2021-06-30,6.0,-2.2490276898795614,0.0003829569456172138,0.027131931190246743,0.5612440432666852,0.04934318347999294,0.019568507901272528,0.39657976079323953,0.9978763197586727,2.0342349380684017,-0.05076040196163457,-1.0636497956289783,-0.5736449385196856,,1.051878618722048,0.0,0.2,-160.08949445668188,2.2045777182034555e-05
TMUS,2021-09-30,5.0,-2.5495618592567295,0.00041442983160119547,0.01980875413557141,0.5506062203479177,0.04207144112257449,0.01655834011532054,0.39357672743080213,0.97233902919229,2.025741915715684,-0.0540162800462897,-0.8956237229780277,-0.6834626097166272,,0.8900159683508058,0.16666666666666666,0.0,-115.49364871503319,0.0
TMUS,2021-12-31,5.0,-2.4928756698735413,0.0004406535281429931,0.010359936481797326,0.5431114106692628,0.03774432711750168,0.014820913956360642,0.3926660001176263,0.9159589904612384,2.0074288072637225,-0.05344654314831548,-0.7705200637445878,-0.5868318674728771,,0.5480820901137503,0.2857142857142857,0.0,-100.27214593684585,0.0
TMUS,2022-03-31,4.0,-2.507576925092619,0.00034323215996143387,0.004032715415955745,0.401098423191143,0.03484138719417488,0.013620493888629147,0.39092857619935273,0.8800316257005325,1.9946904264024001,-0.010621908719875627,-0.6912655747765946,-0.5223142517601522,,-0.6239326497186345,0.5,0.125,-167.57195894856662,0.0
TMUS,2022-06-30,4.0,-2.374220119933824,0.0006499612776658912,-0.006051611720020654,0.26516265736008976,0.021413436370435,0.008291465774779079,0.3872085559432628,0.8561521859631329,1.9862613902910942,-0.01001753697666558,-0.6473584315745857,-0.6605608530365755,,-0.49030718415897484,0.6666666666666666,0.4444444444444444,-132.98064812860738,0.0
TMUS,2022-09-30,4.0,-2.5214641086678817,0.00023748510799419047,-0.01070297008491058,0.12902863279347676,0.019167613600889078,0.007307975214775916,0.3812668267914656,0.8405218375296498,2.0085654331774463,-0.008399021988612766,-0.5966169836199405,-0.44231764186177497,,-0.32014001358814803,0.8,0.5,-321.72449746105093,0.003296867686862094
TMUS,2022-12-31,6.0,-2.452610236845436,0.0003092793808522782,-0.00800612578451109,,0.032549546945495215,0.012261037004425098,0.3766884075208917,0.8097242053054783,2.019673642679475,-0.0029617740197902,-0.5692380963435042,0.11413448872507126,,-0.1806729397324813,0.45454545454545453,0.5454545454545454,-634.9793604408818,0.017087157806481925
TMUS,2023-03-31,5.0,,0.00039514018646307343,-0.0012978508489910265,0.15152434783708255,0.04826574611484137,0.018079914929192527,0.37459101711955267,0.8040639517850416,2.0512275757411524,0.015989017916359403,-0.5361178320991196,-0.04416141149269786,,-0.8837688665738069,0.08333333333333333,0.5833333333333334,1658.2268263462274,0.04295498148968346
TMUS,2023-06-30,6.0,-2.4262908621468324,0.00041856790844741414,0.012444478082146423,0.3076560869454555,0.07821527654050753,0.029072435112084502,0.3716976580275587,0.7999176036736704,2.103379685189059,0.023172402741097643,-0.5094319571357054,0.06124691449194296,,-1.0812139794301703,0.0,0.46153846153846156,441.91764715871426,0.06750588220574442
TMUS,2023-09-30,5.0,-2.4969660456577047,0.00043417008127480345,0.026103733590898928,0.46318583844907024,0.09929421974908427,0.03701712398833342,0.37280240563726075,0.8100624024960998,2.148317223971928,0.03770822846042424,-0.4401845535710559,0.16034029204835976,,-1.3660288529922495,0.0,0.2857142857142857,752.7851726249388,0.08107086718660059
TMUS,2023-12-31,6.0,-2.455396989812092,0.00043152435721460644,0.03520374273030073,0.6157234145472136,0.10587082155859365,0.0397450049938115,0.3754103766146259,0.8434225844004657,2.1937211928817804,0.040841158245200744,-0.27926324583061407,-0.2927110050403269,,-1.451517521149752,0.06666666666666667,0.7333333333333333,1658.2268263462274,0.07144230453194779
TMUS,2024-03-31,6.0,-2.5519555056128773,0.00042923301632619913,0.04361811047722387,0.6226948548140601,0.11144931227712684,0.04201500124230163,0.3769875325729087,0.8797438789577423,2.2387681398865635,0.04802054388746342,-0.2148731288742229,-0.2543207807128832,,-1.3084784570185883,0.0625,0.75,539.1660276573843,0.06989256199929628
TMUS,2024-06-30,5.0,-2.4014264695024363,0.00043079202503136597,0.04932245279068592,0.6286285020734298,0.11953828259330435,0.04550672252931706,0.3806874378824815,0.8844619666048238,2.270408424266989,0.053828933348182305,1.5215259984649068,-0.11839612625146932,,-1.275957970700661,0.058823529411764705,0.7647058823529411,253.8368485177569,0.06351610806081048
TMUS,2024-09-30,7.0,-2.5409657718518424,0.0004081280773687025,0.06200787519696994,0.6341774366922481,0.12964027697922656,0.04979063881264784,0.38406766764796596,0.9374619811894623,2.2847107519463883,0.04198277876873627,1.8872712177625297,-0.13332581602734067,,-0.7741815025076083,0.2222222222222222,0.8333333333333334,234.93540632702738,0.04866806645474584
TMUS,2024-12-31,4.0,-2.495447771321315,0.0004581261035102033,0.06868361640207196,0.6357125307125308,0.1392997542997543,0.05440965832615565,0.39059407247103534,0.9385931783311696,2.3250844631652847,0.03928664176311686,2.1144378570655844,-0.2006146804305742,,-0.5142826122487696,0.15789473684210525,0.8421052631578947,279.69325096803755,0.05670703741028929
TMUS,2025-03-31,5.0,-2.4548953200937147,0.00045343170250397536,0.07909241098522864,0.6376191167222948,0.14412518744255792,0.0566197962627989,0.39285150130587065,0.9985990250125291,2.371482228949434,0.03928055343834758,1.566707630749906,-0.3782611350629889,,-0.5312257959875455,0.3,0.85,282.98986533262797,0.04475074391883795
TSLA,2020-06-30,,,,0.10029631572046677,0.20990722332670642,0.017229953611663355,0.00272715353349941,0.158279795463485,1.2498777506112468,2.350760038660926,0.001780529993989593,,,,,0.0,0.0,765.3912844036696,0.00025500052677740405
TSLA,2020-09-30,8.0,-2.257229549005596,0.00025891237800616384,0.17927134779185455,0.2248936313905585,0.02937799689336125,0.010378641471619784,0.35327941211557273,1.4500234631628344,1.8976459608005807,0.0037380417470915207,,,0.7071067811865483,0.7071067811865479,0.0,0.0,619.8930778739184,0.010914575620457974
TSLA,2020-12-31,6.0,-2.4009048832316435,0.00019682566761697893,0.23337843999588156,0.21118547219286915,0.027591875073382646,0.015554444231985527,0.5637327724417903,1.602134605725766,1.582160694278281,0.004288039677081962,-0.7071067811865476,-0.7071067811865476,-0.37081300134135886,0.6104758436625749,0.0,0.3333333333333333,1517.2985855072463,0.012095776195678191
TSLA,2021-03-31,6.0,-2.5247532723947113,0.00018530958944276585,0.24857260804674353,0.21176961602671118,0.03180300500834725,0.02419738973039916,0.7608523070083516,1.6180412088414355,1.4498988641667963,0.005157558864357074,-0.9186494464834831,-0.5771518334907431,-1.3963532624078645,0.9867051138877042,0.0,0.0,1591.7015415821502,0.013742918828929944
TSLA,2021-06-30,7.0,-2.3625440077366777,0.00014949250962246956,0.28688901081293666,0.22043858391858964,0.05209975634226745,0.042358356355938376,0.8130240778414912,1.6643253171876595,1.238833389497027,0.005342084066977165,-1.0161724091740822,-0.3426804944454596,-1.027134963531489,1.1884759621805088,0.0,0.0,598.2040674157304,0.013521419880756736
TSLA,2021-09-30,7.0,-2.372827304975594,0.00014826534018167582,0.295757909215956,0.23106642759562843,0.07402663934426229,0.0636038514442916,0.8592022008253095,1.5912159503989174,1.1187305103022178,0.004681066720377931,-0.8930580432292103,-0.5286860310913059,-0.8272900288535101,1.2028770225977605,0.0,0.16666666666666666,436.2730802919708,0.006324395411480573
TSLA,2021-12-31,7.0,-2.4473809873575876,0.00011837403954395916,0.306474397478111,0.25279155751258753,0.10253980640246735,0.09678932669247599,0.9439195380628982,1.470929221494406,1.0586594699978338,0.004198813118639247,-0.7216959159998858,-0.4778320709210316,-0.049227898920748255,0.7333126424875667,0.0,0.42857142857142855,465.3986567164179,0.0005957376830981231
TSLA,2022-03-31,6.0,-2.278653197350647,9.891334135020157e-05,0.34563692986493827,0.2709599614085866,0.13505386718121884,0.13931635627765407,1.031561399798465,1.400399566034241,0.9809665415294128,0.004472450069712279,-0.6368637037299487,-0.4992537295893001,0.9257122820119804,-0.13445595104595556,0.0,0.5,437.4715514848737,0.00046949085462855904
TSLA,2022-06-30,5.0,-2.604065471312269,0.0001208182899018301,0.35714847003724715,0.2709853199535479,0.14167882559628384,0.14955444844331986,1.0555878608810447,1.3867854674696416,0.9116275227014969,0.008907305205251478,-0.737792283736276,-0.8051379128402877,1.3150667725474305,-0.5902151747320064,0.0,0.0,310.10448963929394,0.0008987018386938198
TSLA,2022-09-30,8.0,-2.419578965511262,7.796023692515256e-05,0.38946840373578057,0.2661261237193273,0.14947303741501142,0.16510025524883074,1.1045487407232542,1.408370627454562,0.8598212264442173,0.009678362668458191,-0.6037254964810062,-0.6969625692086667,1.68411094915744,-1.4428732752376174,0.1,0.1,257.9233324295011,0.0008000982729400458
TSLA,2022-12-31,6.0,-2.196950611015452,8.451636090078406e-05,0.4167763417606371,0.25598438535759005,0.15413321548697553,0.17240444192712356,1.118541784666083,1.4501564548183856,0.8197406394063191,0.026540542858126882,-0.6256452449615199,-0.6991666305833991,1.7923296484190676,-1.6856988935641977,0.0,0.0,80.64880559085134,0.0019012756470135916
TSLA,2023-03-31,4.0,-2.4694065238060263,9.51005265282206e-05,0.4051917593156259,0.23134770732841287,0.13658394839309584,0.15060074973567011,1.102624074845407,1.5025900553804548,0.7946123106115056,0.008030897355624813,-0.6645212449307231,-0.8356235917946454,1.9150198018484395,-1.5143403743976136,0.08333333333333333,0.08333333333333333,283.0405518018018,0.0007922484411052517
TSLA,2023-06-30,7.0,-2.330604530607016,7.658820043832075e-05,0.4105748859923157,0.21486153060790403,0.1296954098779087,0.14596574383281266,1.1254503453146134,1.5400289615225486,0.7734545396653559,0.00676818534626144,-0.5343023473425624,-0.6764283517073045,1.5261963591856103,-1.5849582591466007,0.15384615384615385,0.15384615384615385,394.6950020842017,0.0006480411155946526
TSLA,2023-09-30,5.0,-2.7343530366675743,8.194919398298116e-05,0.38891160097596006,0.19806304991451565,0.11213043659563822,0.12163877603526123,1.0847971320571215,1.5945726491783312,0.7526534859521332,0.004249338166152692,-0.817723027735349,-1.3897883302102239,0.7954174934277007,-1.0496742778667105,0.21428571428571427,0.14285714285714285,517.0021031746031,0.0007036464653160759
TSLA,2023-12-31,5.0,-2.0756177406139527,3.930633381467528e-05,0.447905858199972,0.18248891736331416,0.15497091130790613,0.1587055502496144,1.0240989674138783,1.6439103028546587,0.7218534900988971,0.005008457706776079,-1.0950873170694135,0.21141531019249468,0.31185181135843026,-0.6932324483153417,0.06666666666666667,0.13333333333333333,440.67053294573645,0.0008046638500673066
TSLA,2024-03-31,3.0,-2.3432844127130457,0.00010732930906017887,0.4236947269566607,0.17779302337854241,0.14643516808274842,0.138609706875537,0.9465602333806222,1.6814636272268817,0.7003558900223387,0.0022565020404199275,-1.7771027976955986,-1.048897470326641,-0.5955321391855498,-0.018815611443240683,0.0625,0.0625,558.2236208368915,0.001175601641897502
TSLA,2024-06-30,6.0,-2.5013077703273554,6.132939227206559e-05,0.40958693095639787,0.17719633227721943,0.13188484861201452,0.11898243563320926,0.9021691034672056,1.7602736075330905,0.6867773311993358,0.002492667608450785,-1.1358962835059503,-1.0238420411379276,-0.9127525816582281,0.20540240504067117,0.11764705882352941,0.11764705882352941,328.6204669959587,0.0012398008955253176
TSLA,2024-09-30,5.0,-2.6026133637662356,5.091232950706114e-05,0.409761709413905,0.1822851260936696,0.13269171384457026,0.11496272250561838,0.8663896122427139,1.7982352991665738,0.6813789070407329,0.003945699696118823,-0.7699584253086506,-0.4617451840134724,-0.6793481688362516,1.067834549290633,0.2777777777777778,0.3333333333333333,346.45079725829726,0.0010274121092386963
TSLA,2024-12-31,6.0,-2.1789050426583954,5.29532982795835e-05,0.34853829906461486,0.17862626676220697,0.07258675401781145,0.061131945342471655,0.8421914737704211,1.8721135700806313,0.6760285081619605,0.002512003744225408,-0.8651184544604313,-1.9887164998588367,-1.1027258124459605,1.5499040089439806,0.5789473684210527,0.5263157894736842,926.0012264150944,0.000870538019152117
TSLA,2025-03-31,4.0,-2.5735624812282047,8.611584660859758e-05,0.34694341116772426,0.17662237265471564,0.06382934269357737,0.05093099100788764,0.7979244162420681,1.943061259411362,0.6715899550982162,0.007430117769777603,-1.236317878050264,-0.645500006668928,-1.6152945841536723,0.6502871646337907,0.5,0.35,1658.2268263462274,0.0014279415123923623
TXN,2020-06-30,,,,0.5458297506448839,0.642790984871874,0.42605742513121336,0.07910576096302666,0.18566924620235023,3.92417938049006,1.282182103610675,0.01351728049648436,,,,,0.0,0.0,97.92794930875576,0.013746674948656
TXN,2020-09-30,6.0,-2.3224765122650073,0.00017712051801955554,0.6656344665095927,0.6427154195011338,0.38732993197278914,0.15331538202625378,0.3958263211040054,4.081646734130635,1.2325756152545557,0.021786342918092925,,,0.7071067811865476,-0.7071067811865475,0.0,0.0,85.83940361445784,0.01760246045458373
TXN,2020-12-31,8.0,-2.469491223763758,0.0001231394548735107,0.8011526644001237,0.6450772547610493,0.39714337046352854,0.24113230187444323,0.607166881806447,4.153457999406352,1.1864763873429798,0.03137136281732078,-0.7071067811865475,-0.7071067811865475,0.8954180160665035,1.124506264248799,0.0,0.0,87.67865053763441,0.020720510869974777
TXN,2021-03-31,8.0,-2.3547472015860222,9.534970610158673e-05,0.9447496047801506,0.6470397509889112,0.40036314117113025,0.33085930173360845,0.826398006484285,4.5497748281583315,1.113187248740162,0.03591848930693501,-0.7940201176838343,-0.9102339983244622,0.9960934274195833,1.4001453982397833,0.0,0.0,93.92530211480363,0.022732719638562774
TXN,2021-06-30,7.0,-2.4727904611972282,7.589667226928075e-05,0.9869511568123392,0.6546354850256533,0.401205106789166,0.34575835475578404,0.8617994858611825,4.846625766871166,1.0035538616054183,0.03604071590825213,-1.020215445471049,-1.150618214657111,1.277043183893833,1.5476744635923412,0.0,0.0,84.0014816452897,0.021394665818649822
TXN,2021-09-30,5.0,-2.507128416069052,8.0549438064697e-05,0.9907771943098277,0.6636342961109848,0.41613600181942234,0.34665660094473283,0.8489851084884029,5.216681985294118,0.9426119980308039,0.03968682757507481,-0.8847466624527389,-0.9151995853902167,1.268381049458399,1.6860217001712392,0.0,0.0,80.76565051020408,0.021121841006342332
TXN,2021-12-31,6.0,-2.446378725504308,7.283607593555e-05,0.9907771943098277,0.6746620148277366,0.42351722634103794,0.34665660094473283,0.8320123368597703,5.233018099922768,0.8843022883148516,0.03610382118898063,-0.7744915618118511,-0.8378514693932803,1.257885891208738,2.040708532143727,0.0,0.0,73.03673054360578,0.02287879138306262
TXN,2022-03-31,6.0,-2.427714728145272,6.90050352582141e-05,0.9907771943098277,0.6867616033755274,0.43338607594936707,0.34665660094473283,0.8082875047960097,5.233018099922768,0.8523315039286138,0.038017371650465176,-0.7095875204571325,-0.7513864094832123,1.214040743221041,1.5606631711333743,0.0,0.0,69.42973754279194,0.02787397121929496
TXN,2022-06-30,5.0,-2.27551234741265,6.82082402007484e-05,0.9907771943098277,0.6925786035116374,0.4377807268272764,0.34665660094473283,0.8000980111896108,5.233018099922768,0.8276267422984345,0.04155137200358723,-0.6477849235540059,-0.7148038401958046,1.1455378265867249,1.3992042612646283,0.0,0.0,55.43128361419864,0.04138413522208696
TXN,2022-09-30,3.0,-2.572321130446326,6.488895684375598e-05,0.9907771943098277,0.6950965824665676,0.44205052005943535,0.34665660094473283,0.8017313266886391,5.21377331420373,0.8004253874063879,0.04164078879908632,-0.6058251173025802,-0.6662912531123063,1.036763911362136,1.383160284190804,0.0,0.0,56.31257713248639,0.047948736118000296
TXN,2022-12-31,3.0,-2.5480760049458944,8.711942133105676e-05,0.985487541520196,0.6875873776712602,0.43683842620331537,0.33890163950301655,0.775805467592458,5.045166038082973,0.805518157816516,0.040585331525095455,-0.6539443590045609,-0.7770188360436505,0.7523721099659945,1.0290258404196992,0.18181818181818182,0.18181818181818182,75.3080845323741,0.04918326668704696
TXN,2023-03-31,3.0,-2.5111415660005534,0.0001143219986233905,0.9306108742899251,0.6764434416982874,0.42334119577479234,0.3080395869672689,0.7276390534200192,4.9665688628078595,0.8351392526404081,0.028206681849522575,-0.656418398038978,-0.8193725493425148,0.2987629060663469,1.4558860070237336,0.25,0.25,94.40649431230611,0.04236871333160705
TXN,2023-06-30,3.0,-2.452337640105507,0.00010702018870329159,0.8760621743385381,0.6629297061792678,0.4084267573455183,0.27109140121492115,0.6637454484540173,5.117564484997368,0.8820083959712612,0.023311335130642933,-0.6401511244386494,-0.7985464804288667,-0.5093942535770934,1.8846468876439293,0.38461538461538464,0.3076923076923077,90.35868154158214,0.03742912602141732
TXN,2023-09-30,4.0,-2.4621746425296283,9.875929736466778e-05,0.8222345467379248,0.6446002650176679,0.3920605123674912,0.2386810527377231,0.6087862592854022,5.233018099922768,0.9073904890128384,0.016498097260643024,-0.698145343235788,-0.8471733220904533,-1.3591593479599688,2.011612942325917,0.21428571428571427,0.21428571428571427,84.46427589852009,0.03643587272668852
TXN,2023-12-31,3.0,-2.5848746966614056,0.00012045169342714276,0.7689298803818116,0.628974256521491,0.37159655231462985,0.20975472230053566,0.5644689677393371,5.233018099922768,0.9184528132774953,0.008658820443218888,-0.6638664033563603,-0.9431304272444686,-1.827755479344266,1.8033538083503746,0.5333333333333333,0.4,111.54589693411612,0.029377225867636865
TXN,2024-03-31,3.0,-2.6075922467905643,0.00015331589647883431,0.7257776750635544,0.6101422534372954,0.35158621510624366,0.18201987520221863,0.5177104999614822,5.163533834586466,0.9534694737475734,0.007098566221078273,-1.1380252874439225,-1.2789881005188288,-1.9818200172497449,1.6476429667868413,0.6875,0.5,151.11043029259898,0.029201773740150035
TXN,2024-06-30,7.0,-2.4500603766635876,0.000136863947666929,0.6817553894518328,0.5935868754660701,0.3301019139945314,0.15866307245424474,0.480648750364026,4.897128096034037,0.9773938722775932,0.008015748680715725,-1.0582398888563562,-1.184858936849238,-1.9000799420064096,1.297137260406769,0.7647058823529411,0.7058823529411765,156.50766826923078,0.02749854885861724
TXN,2024-09-30,6.0,-2.367573151875955,0.00013433585546121342,0.6471272219880525,0.586277130672777,0.31602062249379415,0.14432929753927995,0.4567084780744466,4.595026768103692,1.0128433925280127,0.006914173740452231,-0.4390097564670772,-0.5594298347760991,-1.7034788155626217,1.07950052823269,0.8333333333333334,0.7777777777777778,133.43268983268985,0.025015206972686384
TXN,2024-12-31,4.0,-2.1581069283246768,1.8911286794342752e-07,0.6224192436933,0.5814206252797136,0.3068218144619909,0.13637106341865404,0.4444633888166635,4.486190508988222,0.2882952142994426,0.009813969341924952,0.28053558041041793,0.0789281752137744,-1.4972880563446773,0.9628752223113203,0.7894736842105263,0.631578947368421,130.99796659404504,0.030183897438513425
TXN,2025-03-31,5.0,-2.4011103820958186,0.00016849772713154525,0.6020725462813764,0.5802230668577482,0.3036326250856751,0.13959250904142945,0.4597414688294482,4.516759568933482,0.284756086340467,0.00885755735541769,1.375729833321728,1.118122097888817,-1.2169409834358615,0.7772395280978714,0.7,0.55,130.16801359516617,0.03401472128462527
UNH,2020-06-30,,,,-0.020085929666516004,0.3212044159773408,0.10681064726898194,0.034480967150345744,0.32282331426671446,0.8430948871685532,1.8158491449302925,0.03373453127648754,,,,,0.0,0.0,47.78015016424214,0.005301039724247047
UNH,2020-09-30,4.0,-2.513129368931677,0.0004123580427779272,0.0004589883479548945,0.2789953871421499,0.07708266209833953,0.05116155346692676,0.6637232300261832,0.8333748534583821,1.7724498944384997,0.0404170754108208,,,,0.707106781186548,0.0,0.0,107.45034079348932,0.008592212781198252
UNH,2020-12-31,4.0,-2.4231840284603856,0.0004033294762435865,0.0013028182959357315,0.26601286841012867,0.06237546699875467,0.0620982503387913,0.9955556780044804,0.8016132120631881,1.780700704343371,0.05242493156153758,-0.7071067811865476,-0.7071067811865475,,0.8465674872592044,0.0,0.0,165.39226810293238,0.015553115851108324
UNH,2021-03-31,6.0,-2.2826929275017562,0.00031941631314968657,0.02475289854334836,0.26238798703768507,0.06421442590028754,0.0859281955231629,1.3381447286719124,0.7838786216805219,1.8125641934087013,0.06483538577517926,-0.7736505314504918,0.2708227924426918,,0.6481345128706162,0.0,0.0,80.70418659087109,0.021431119676444295
UNH,2021-06-30,5.0,-2.554679702719687,0.0003805947105262486,-0.0022833794314196104,0.24308064344227653,0.05333352934042389,0.07222406780462375,1.3541962944852755,0.7662103539658693,1.8260927659963502,0.04835684930676674,-1.0787616467750574,-1.3849777827126593,,0.7859003429840423,0.2,0.2,98.58704615384616,0.02362725269985443
UNH,2021-09-30,6.0,-2.512000269618987,0.00035787766003680835,-0.005017698054122249,0.24284246440475296,0.055226782089424,0.07472054269996137,1.3529765789897517,0.756006766000524,1.8566975930038676,0.061349561725677175,-0.8827048927466864,-0.5676910574124171,,0.7658339563165791,0.16666666666666666,0.0,103.20127135882832,0.02531644212739581
UNH,2021-12-31,7.0,-2.472866217005098,0.00034951390273808293,0.010548652692830146,0.2421861145978574,0.060101461419973086,0.08223962013241126,1.3683464293445808,0.7674352911304017,1.8497427240741118,0.0416055417267875,-0.7573559072509364,-0.31256058521503843,,1.0124818033130762,0.42857142857142855,0.42857142857142855,128.81808805031446,0.018670092006213408
UNH,2022-03-31,6.0,-2.2158468128068716,0.000337314239892675,0.014219269568302745,0.2388539741219963,0.05864560578054109,0.08146772629178285,1.3891531208091683,0.77903804782482,1.8362812376894786,0.039497534466716895,-0.6684917597192929,-0.712185185016269,,0.21364790231331163,0.5,0.375,101.45843557286595,0.020229742621847818
UNH,2022-06-30,5.0,-2.4752677626078157,0.0003429785624391071,0.015335460343279789,0.240079462162506,0.059544429982939774,0.08328875129611103,1.398766455904848,0.7789833749085097,1.8289881730319313,0.041914259394177866,-0.6217586644589355,-0.5048779113929348,,0.36730105443519023,0.3333333333333333,0.3333333333333333,99.46958925750396,0.023348775536762588
UNH,2022-09-30,5.0,-2.5925705271811603,0.00030581639086599396,0.022047469890148677,0.24219181386020475,0.061659441859874715,0.08571932765694622,1.3902060263819649,0.7921481627093894,1.8496357339066045,0.06542908244390218,-0.5825081128868372,-0.39143349385843984,,0.5401189157948836,0.2,0.3,94.34796804341272,0.024025752900217287
UNH,2022-12-31,4.0,-2.4022390749602267,0.00039497591740709234,0.020733498621007276,0.24560867714291001,0.062067731566315607,0.08560072071382152,1.3791501405583404,0.7884454010462075,1.8660323982904627,0.04656487176634383,-0.5437359181181965,-0.5061347451626549,,1.2069572699439215,0.2727272727272727,0.36363636363636365,110.95699610763242,0.023354061903663643
UNH,2023-03-31,5.0,-2.2965096545103716,0.00034010697276557183,0.01857972113063773,0.2475382801895554,0.06162931917224299,0.08259958907661925,1.3402645069916819,0.7948789939092252,1.9400880308019834,0.07675713695856705,-0.49281779415125676,-0.5105955855430147,,1.6728332248065823,0.08333333333333333,0.0,85.87030916245081,0.026071890967392364
UNH,2023-06-30,5.0,-2.6514016518621837,0.00035766221385144476,0.01668877041112965,0.2479175932169347,0.06056554237263819,0.0802118919411901,1.3243816334983831,0.8001477474471862,1.9899842634201212,0.08454153327478256,-0.4655612489562808,-0.5337331812637868,,2.0561775302525795,0.07692307692307693,0.0,89.10504548038658,0.027095964246253223
UNH,2023-09-30,7.0,-2.3387416654685915,0.0003504295892102142,0.014362259083134904,0.2495624781239062,0.0602446789006117,0.07946786904858966,1.3190852785470282,0.7963842089821868,2.0063232398342077,0.056015631741052715,-0.413579101575195,-0.36098864575983025,,1.7314457464606072,0.21428571428571427,0.07142857142857142,86.9860805958239,0.027241799192849393
UNH,2023-12-31,3.0,-2.422796493930301,0.0003492341059675852,0.016992817244329786,0.2447594598812772,0.06022517504345814,0.07995884339949233,1.3276647737726706,0.799885248567866,1.980288918405971,0.0522845734388463,-0.2846266013846567,-0.21903236014627958,,1.340795018675166,0.26666666666666666,0.13333333333333333,100.84642740134028,0.027296610881864775
UNH,2024-03-31,4.0,-2.260479755385937,0.0006159701595583082,-0.010506384372904867,0.24054051917456987,0.04047832995596687,0.05485302506702185,1.35512075539411,0.8107675695758687,1.932555442400379,0.022857341584233738,-2.130993488623227,-2.7062025835095698,,0.6052854440420997,0.8125,0.0,92.96466685895587,0.03158208189605517
UNH,2024-06-30,6.0,-2.6222805971202305,0.00018572794855628748,-0.0055393681802479305,0.23467267194030703,0.0365894473574288,0.05009728706299637,1.3691730999272678,0.8318581975403354,1.8943480417734435,0.013131799081019519,-2.208087051329144,-0.7809091871553309,,0.30107996003714405,0.8823529411764706,0.058823529411764705,95.81951568198396,0.024850120594181957
UNH,2024-09-30,7.0,-2.589487359890495,0.0002500359739240838,0.009202524282884122,0.2287216487517073,0.03634697307424765,0.05009030915030679,1.3781150096869137,0.858330079078395,1.8616285298078223,0.0240844913971874,-1.0859430834693093,0.1365333228069313,,0.7312324919463151,0.8888888888888888,0.4444444444444444,95.17342506847528,0.020123129571474076
UNH,2024-12-31,3.0,-2.3682293343897936,0.0003411583087009594,0.012130293795537615,0.2233422771174034,0.03598748869535673,0.04933840132276922,1.3709876157358845,0.8662805988876422,1.8964751809284768,0.044201184578937874,-1.5603900691337842,0.1503681422486477,,-0.08129120583696602,0.7894736842105263,0.0,97.97832887700535,0.03135391441250232
UNH,2025-03-31,6.0,-2.3170377667197357,0.0003135204855241736,0.046299708488034094,0.21989138095435512,0.053909578424462944,0.07409213588027146,1.3743779499980309,0.8651278115591239,1.900561187413264,0.05170938171078562,-0.3676045552662843,2.664772984188181,,0.2904868774246303,0.15,0.05,83.92882849342269,0.031039772047774295
UNP,2020-06-30,,,,0.02123515065691134,0.6246465598491989,0.26672950047125354,0.017811344504759657,0.07010406367949798,0.9628717560143967,2.863056163384391,0.01344568913441321,,,,,0.0,0.0,146.8135485040798,0.005738801256203566
UNP,2020-09-30,8.0,-2.356300716971151,0.0007921805499702427,0.055768490362932056,0.6278511404561825,0.2722907344756084,0.03920829109995364,0.14399421697349707,1.009189723320158,2.782027280021396,0.0184777104474626,,,,-0.7071067811865476,0.0,0.0,121.98551219512196,0.029044979460471267
UNP,2020-12-31,7.0,-2.5180267403084136,0.0008003227612528527,0.08665608672040999,0.6326202460850112,0.27090324384787473,0.061291632176393364,0.2262491630067434,1.0093752186384943,2.7476930980655614,0.03138580719266962,-0.7071067811865476,-0.7071067811865476,,-0.982122340849687,0.0,0.0,128.87135311709224,0.032212124404278716
UNP,2021-03-31,3.0,-2.4237128101153274,0.0009241425194995551,0.11130199634136642,0.627972027972028,0.2701890701890702,0.08297144675097431,0.30708661417322836,0.9468795658526403,2.760824372223801,0.03962755602482175,-0.8105676534555002,-0.7929185040113554,,-1.0818054430377557,0.0,0.0,134.10500138504156,0.0350647937998936
UNP,2021-06-30,7.0,-2.437927421914829,0.000983050366183504,0.12497579787021255,0.6311208363724775,0.2860199367858011,0.09412028258486747,0.32906895806831,0.9224317509045061,2.8628117563432953,0.040712839973616556,-1.0102584060724982,-0.9256605168828786,,-1.293710125601957,0.0,0.0,100.62046593863755,0.03541989899573817
UNP,2021-09-30,4.0,-2.480567279064046,0.0011672764878112479,0.12496460518694896,0.6293135960776919,0.2919102394870828,0.09962031018727074,0.34127035201750433,0.8376728608470182,3.0471415548899596,0.0519513926076024,-0.873258199064717,-0.8756460477249047,,-1.070390463692446,0.0,0.0,92.74257743480575,0.02115869916380303
UNP,2021-12-31,5.0,-2.3812322477111874,0.0011697052502308023,0.12108860424983284,0.6228673637864612,0.29916529077233533,0.10447205416594929,0.3492118149677078,0.7391325997111985,3.259418436087661,0.03720928438299782,-0.7615413615652954,-0.7563506719672476,,-0.02612914521918283,0.2857142857142857,0.2857142857142857,112.3190440552017,0.061594305890556277
UNP,2022-03-31,5.0,-2.382990448463993,0.0014693836707205979,0.12435905066882533,0.6173498654194061,0.30057803468208094,0.10812312258689173,0.3597173116833129,0.7255973686756312,3.6429308375400713,0.03464096447331104,-0.6607651162448515,-0.6944686299564198,,0.39777689365436464,0.375,0.5,123.41431997804611,0.05805225969988475
UNP,2022-06-30,6.0,-2.437953109828938,0.0013362415869697139,0.11725634493820172,0.6018012634454499,0.2923424961584429,0.10769883951316161,0.36839953454728436,0.6816165598817151,3.828243333016988,0.04194970248624696,-0.6169741548832348,-0.7112499555363521,,0.44472653016310126,0.0,0.0,95.09641219008265,0.07702497976121343
UNP,2022-09-30,6.0,-2.4843387879732495,0.0014158337476879634,0.12069987838000612,0.4350335680366792,0.28946291141313246,0.10990095547464826,0.3796719757226287,0.6897033158813264,4.095107996278038,0.04788544625180758,-0.5530314395351709,-0.597989574822511,,1.0523081016398828,0.0,0.0,83.4747004830918,0.08595924880800504
UNP,2022-12-31,4.0,-2.5337428828440456,0.0014908853222647582,0.12112016599622807,0.28538693467336684,0.2813266331658291,0.10795925687376341,0.3837505736974657,0.714178709904829,4.344608661595861,0.045788892377060096,-0.5759097155342302,-0.6558964825509802,,0.40024155013768287,0.09090909090909091,0.09090909090909091,96.63271405317417,0.07528612555413172
UNP,2023-03-31,4.0,,0.0014634279586628455,0.117635528330781,0.2821187826572534,0.27912727852897773,0.10716692189892803,0.38393568147013785,0.6991852578594889,4.323007947829631,0.04379603916422207,-0.5683032468078262,-0.591002082742306,,0.20238777341084996,0.08333333333333333,0.0,102.26654471544715,0.08180677593791981
UNP,2023-06-30,5.0,-2.538209314106973,0.0013415885967411954,0.11366969439825261,0.2761154855643045,0.2718352513628104,0.10246848279824805,0.3769506798126282,0.7125165271044513,4.303164224885983,0.04290551909624347,-0.5895939492563059,-0.6525838079864373,,0.8408008263117258,0.23076923076923078,0.15384615384615385,109.41956976029502,0.08160948857439096
UNP,2023-09-30,6.0,-2.418367640634,0.0012464776858938638,0.10453274745255503,0.42286661143330573,0.2636702568351284,0.09644304708511686,0.3657714307360127,0.6989947042455794,4.094856701727299,0.0383656509717599,-0.6833816981745218,-0.8228172386496613,,0.5776547915973624,0.2857142857142857,0.2857142857142857,110.96889417658109,0.08185316466770941
UNP,2023-12-31,8.0,-2.4191374973308033,0.001097565937150817,0.10692091405600117,0.5719142584684274,0.2644802852522907,0.09604287978078314,0.3631381435072439,0.721190781049936,3.8801065393093315,0.03185648629563727,-0.49920624475390146,-0.4216155665399798,,0.7948780049228529,0.4666666666666667,0.4666666666666667,111.46119361936194,0.02117758873162729
UNP,2024-03-31,6.0,-2.440122385088339,0.0010231611335671706,0.11477201643624213,0.5757865028637835,0.26521125591433553,0.09574073588517105,0.3609980110199235,0.7877482295845095,3.630812995438067,0.03351847660376348,-0.7691698393259738,-0.33930956939037155,,0.7497370512253099,0.4375,0.5,113.83379415073117,0.024975596483281418
UNP,2024-06-30,7.0,-2.495684011900951,0.0009381385657276433,0.12380346412159773,0.5818211947965863,0.26903637418178805,0.09665308552399025,0.35925657197075406,0.8659456086526962,3.4097233616644242,0.03516636871569713,-0.5423541692775208,0.2212247523825668,,0.85010013875859,0.4117647058823529,0.35294117647058826,105.3429756097561,0.02735966659965069
UNP,2024-09-30,7.0,-2.5196791614257767,0.0009587849985839025,0.12751783827862928,0.5880681818181818,0.2732625164690382,0.09840428489352633,0.36010897566580796,0.8805784481418131,3.246843811982495,0.036831435777762066,-0.2524072556762897,0.5054006928477566,,-0.056566075261401984,0.4444444444444444,0.4444444444444444,111.12043991179713,0.0221455257291811
UNP,2024-12-31,7.0,-2.543601975281825,0.000919808215195481,0.12830068647177179,0.5920412371134021,0.2782268041237113,0.0998195052668955,0.3587702686708486,0.8673422149066407,3.1197050039617236,0.042700054100258567,-0.5129784170038808,0.4826572736628778,,-1.125070013499834,0.3157894736842105,0.2631578947368421,98.60219489317353,0.023277107876506747
UNP,2025-03-31,3.0,-2.465034771637781,0.0010794164692081317,0.12147838317488605,0.593953641837829,0.27765404602821087,0.09914799296008012,0.3570918356075613,0.8143783425623551,3.114935911032999,0.04130305955736623,-0.3213893283099263,-0.06190220957867015,,-0.18481701971291792,0.4,0.4,109.93234298693923,0.03264580324626154
UPS,2020-06-30,,,,0.11636398794656526,0.23691285009042476,0.08641673591084609,0.028489936671124934,0.3296807773498558,1.2430704935160715,13.181215722120658,0.023453813066278653,,,,,0.0,0.0,99.48189555125725,0.00924283100979119
UPS,2020-09-30,7.0,-2.5011164142139863,0.0020243100864910124,0.16506753010934977,0.23687555459625392,0.08933496414610163,0.05985714630050698,0.6700304508167085,1.2656727708261102,11.468743738729714,0.030667297264113703,,,,-0.7071067811865439,0.0,0.0,120.13158956109135,0.01258074941624772
UPS,2020-12-31,4.0,-2.350647399321625,0.007631715788738995,0.08317181371106272,0.23766762272310904,0.005676272280870362,0.006068357316009439,1.0690743882143297,1.2385778470754776,16.54492535912121,0.023569522277241177,-0.7071067811865475,-0.7071067811865475,,1.1532773063734203,0.6666666666666666,0.0,155.4125283018868,0.018650429129728172
UPS,2021-03-31,6.0,-2.500208159409222,0.0009207654689306844,0.1939444326752817,0.24114814359616094,0.05776471771265126,0.08265949325094031,1.4309685310352822,1.2507033159618135,13.047332959011792,0.04818978070426383,-0.8988249568709151,1.0629067053931316,,-0.005340487416908644,0.0,0.0,101.3237836514929,0.024719423463265767
UPS,2021-06-30,6.0,-2.45080651001076,0.0013663342713499378,0.22262100041502797,0.24736659961499363,0.06573226915839335,0.09609676080554952,1.4619419356113756,1.2877083720642002,9.43020283641161,0.04857787049106793,-1.1064148386346382,-0.44205515285528824,,-1.4324214851167512,0.2,0.2,95.02440254069074,0.02036977145676306
UPS,2021-09-30,5.0,-2.45903062221197,0.001108615242579404,0.2414156861521176,0.250730839300089,0.06831758674744735,0.1006522892543928,1.4732998345869355,1.332507279598538,7.347542905526427,0.05668915115586768,-0.9044668828230131,-0.44237787515241,,-1.3300359916255318,0.0,0.16666666666666666,100.31100556070436,0.022846839957792384
UPS,2021-12-31,7.0,-2.2770918747654485,0.0008453479918192563,0.3909374347289471,0.2564782550597716,0.13249457789838315,0.1958036646729327,1.477823981771575,1.3936452846414915,4.943191820705532,0.062020693096770434,-0.7626024876106907,0.033401607636190614,,-1.4664306954698363,0.0,0.2857142857142857,77.51334395919669,0.01956425115572921
UPS,2022-03-31,5.0,-2.5752657293240215,0.0008151724554890387,0.35506245233705747,0.25765262209261114,0.108954301973531,0.1593330519831486,1.4623842206970081,1.4525764245350554,4.137233273743867,0.06317955821415419,-0.7129998022950873,-0.5727071542158426,,-1.37994847789604,0.125,0.25,97.66640128669079,0.023218885499861706
UPS,2022-06-30,7.0,-2.451462918011093,0.0007329752340632859,0.3606357092530852,0.258903685351502,0.10922187034835514,0.1588256230342914,1.4541558620789843,1.4720172567688188,3.7416221801274325,0.06849064920030037,-0.6534555935491227,-0.43097427787003345,,-0.6801193359404192,0.1111111111111111,0.0,77.25353047241255,0.03615896034296355
UPS,2022-09-30,3.0,-2.497493585894806,0.0007759320927177885,0.35889249904173726,0.26037832917804427,0.110688986505204,0.1603146684052717,1.4483344139909942,1.4505019660938827,3.4308979222552023,0.07158553262745616,-0.613620976192441,-0.4005155207921674,,-0.6644615769403364,0.0,0.0,83.60262505344164,0.04693693067241499
UPS,2022-12-31,5.0,-2.2455486030499587,0.0005707718941151,0.3498258981023249,0.25958261077557854,0.1150909924455341,0.16446042653184748,1.4289600170897567,1.3998542815509014,3.098198001021376,0.061873224959316055,-0.61549272005827,-0.37333165298306187,,0.08862770000066378,0.09090909090909091,0.09090909090909091,88.49185522323364,0.05528674172036029
UPS,2023-03-31,5.0,-2.617615912396218,0.0007566900982426979,0.31810027355043013,0.26011022905395154,0.10902563583961167,0.1524107073434507,1.3979345882253151,1.3557146561410585,2.867813106597042,0.042717177185999995,-0.5972636824280482,-0.4211045337909344,,0.19313168957730706,0.3333333333333333,0.4166666666666667,129.02715289982424,0.053223648081496364
UPS,2023-06-30,6.0,-2.528566850858946,0.0005959824640842827,0.2878744650499287,0.26024705221785516,0.10411337783600558,0.14142455615033686,1.3583706444824226,1.3177018587026526,2.683666965830309,0.040541875831191065,-0.5997018385798476,-0.40497437247294293,,0.6673985239328306,0.3076923076923077,0.23076923076923078,105.48924180327869,0.05670160706388893
UPS,2023-09-30,3.0,-2.5199568942318766,0.0008482711894571612,0.24366329624816424,0.2510475535595333,0.0919268539011969,0.1205320823692246,1.3111738001908848,1.2731222556043449,2.590871726126491,0.04281554932738611,-0.5989512178776397,-0.3837925166690772,,1.0635689055495967,0.42857142857142855,0.07142857142857142,365.5206719367589,0.06436539444815573
UPS,2023-12-31,6.0,-2.334946249745873,0.0008038697040828561,0.19751263774614522,0.24871918907627696,0.07374832340200972,0.09458744897311702,1.2825708383567052,1.2387765552986452,2.7040896270761516,0.03917857106768405,-0.5229144269442682,-0.5011469662685402,,0.9434871557566061,0.5333333333333333,0.13333333333333333,115.7524099378882,0.054789073213180765
UPS,2024-03-31,5.0,-2.604859034266518,0.0009329383644711667,0.16793055142540833,0.2422803909114209,0.06603594869566186,0.08492617685310251,1.2860597679076216,1.1813916500994035,2.7993166721115106,0.04564442365907337,-0.6076833066453032,-0.5007886070590019,,1.4861835798995164,0.5625,0.0625,250.05337062937062,0.0519564492218348
UPS,2024-06-30,6.0,-2.562036919448792,0.0008027561629604903,0.15058522416817646,0.2347210118209649,0.05870259882460727,0.07554711989187013,1.2869467690449488,1.1642064671112937,2.947075683191918,0.041081015633892944,-0.005892230752063565,-0.41559595158619655,,1.0391088052114255,0.5882352941176471,0.0,160.0817880794702,0.05006802071444985
UPS,2024-09-30,5.0,-2.4555893854979423,0.0008717900924724527,0.15460411491639087,0.237897801204155,0.06247932426173831,0.08206658314202328,1.3134998515385674,1.146135149828904,3.0503945322812474,0.04678705712498939,0.8347178921473992,0.1785565366495659,,-0.5467918197736902,0.5,0.0,156.07981481481482,0.048425547757712704
UPS,2024-12-31,7.0,-2.3254132327764996,0.0008327727354573702,0.16233772364632015,0.2424728231031075,0.06348962336664105,0.08398607010701614,1.3228314432109929,1.1675448183612547,3.073052404265704,0.06812732595597197,0.5700857165751473,0.8657896122357427,,-1.5309624754937692,0.42105263157894735,0.0,79.47424015944195,0.05268525603063499
UPS,2025-03-31,3.0,-2.535352206520827,0.0010991595606907297,0.16312392068554793,0.24461555384446154,0.06441535584644154,0.08480289048103484,1.3165011566992617,1.164131883662293,3.162341772151899,0.06996357957675296,0.3204583842913786,0.6535289579481993,,-1.6719902131860669,0.35,0.0,193.57393899204243,0.07130059951974244
V,2020-06-30,,,,0.17995223665964769,,0.4905933429811867,0.030468388886035643,0.07010406367949798,1.5534782608695652,1.1924332845400292,0.00552436949159073,,,,,0.0,0.0,198.58253032465217,0.0033037324062698526
V,2020-09-30,4.0,-2.3970235893725262,0.00019853585379513895,0.2461112195613433,,0.4538136445964983,0.056799934510053336,0.12516136345031265,1.7202221496243058,1.2137758942760755,,,,,-0.7071067811865476,0.0,0.0,,
V,2020-12-31,7.0,-2.384927901418022,0.0001381933021993829,0.31431975220395514,,0.488704,0.09575762135861456,0.19594196355792984,1.8357209302325581,1.1864769268734063,0.014021537933363677,-0.7071067811865475,-0.7071067811865475,,-1.1508371584077484,0.0,0.0,170.64795024671054,0.010864016032339031
V,2021-03-31,5.0,-2.460978276580691,0.00015301262308611033,0.3752329192546584,,0.49929755549311605,0.1335153275896614,0.2674063313965137,1.8997504981062985,1.1713423379942765,0.020193770700967527,-0.8434551228962758,-1.0536038096756475,,-1.174866331457347,0.0,0.0,178.04038205734554,0.015485526810447072
V,2021-06-30,4.0,-2.4583882420028136,0.00016754387798496292,0.3920878687027892,,0.479710336909966,0.13403616780430028,0.27941063073122135,2.029831823097289,1.1704502092050209,,-1.0849022549581362,-1.262083706071894,,-1.2258225865564951,0.0,0.0,,
V,2021-09-30,5.0,-2.4221381558049213,0.0001558592320249101,0.40989245465804997,,0.5107239161999585,0.15096815333488664,0.29559640452745045,1.9836684104040976,1.1637104156440294,0.024655068114145987,-0.8686848146111049,-0.7970104586462272,,-1.0379113796788282,0.0,0.0,130.64929552023122,0.01912711729610031
V,2021-12-31,5.0,-2.3883037589196667,0.0001906228842860846,0.3982544531280994,,0.5159163166777878,0.16044383275707907,0.31098809549239986,1.776772988646975,1.1953051202861946,0.032547023213734705,-0.76581158756232,-0.8291601387151795,,-1.2710435915513942,0.0,0.0,104.24784174125305,0.02924273519899647
V,2022-03-31,3.0,-2.483158352343541,0.0002184499445027283,0.3747928965332945,,0.5110071648661693,0.16720112722590677,0.3271991837329641,1.5760532283088675,1.2316314498312573,0.03191093226267098,-0.6846377449320789,-0.7806092651200891,,0.008970813802437912,0.0,0.0,109.55839707419018,0.03135328981786876
V,2022-06-30,4.0,-2.5693192861593306,0.00022452434220244065,0.3664404911412076,,0.519941599601168,0.1758928813436814,0.33829353427116365,1.4535993889631469,1.2859316374651475,0.038082851269073494,-0.6589774375480367,-0.6749999800161377,,0.39157740353105663,0.0,0.0,97.32710991065863,0.03641831222474938
V,2022-09-30,7.0,-2.487413473223351,0.0002012927085864957,0.36052329612010237,,0.5103036506311839,0.17877889603404173,0.3503382658793718,1.3919446144430845,1.3361606176743666,0.045997125790651974,-0.6066976308139284,-0.7159657240773042,,1.1740512428706755,0.0,0.0,86.46235888294711,0.037550984285494506
V,2022-12-31,5.0,-2.4117457319440714,0.00019927379975443897,0.3646252950258203,,0.5027660913638321,0.17955315788539689,0.3571306040117596,1.4028049534822071,1.3483334143647945,0.040801056605245384,-0.6025548442241431,-0.6902455204225398,,1.644273837825589,0.09090909090909091,0.09090909090909091,89.81306763285023,0.03161150513446641
V,2023-03-31,5.0,-2.472370866103248,0.00018477728389044044,0.38391502187708604,,0.5095374883000355,0.18407651295863905,0.36126196243729103,1.4531980103501985,1.3408118564614848,0.03850491741913724,-0.576575633418526,-0.5744408463695744,,0.27877661979345547,0.25,0.25,98.65797765574702,0.027807458798784743
V,2023-06-30,3.0,-2.4316833778044353,0.00018074440278796654,0.39786091323437417,,0.5193679117841098,0.1906381801041868,0.36705806380936185,1.4700930053518433,1.3117273460356813,0.0377663382179552,-0.5432679096905627,-0.5232715250540906,,0.8407009957552283,0.23076923076923078,0.3076923076923077,100.06722549742078,0.02801450486518703
V,2023-09-30,5.0,-2.4891744585320525,0.0001715631621107303,0.4082961278863233,,0.5288310614452381,0.1963538188277087,0.3711886323268206,1.473565695330565,1.2931818774275958,0.04107005252717091,-0.5152388230774169,-0.4269998030643877,,0.6102941396785784,0.07142857142857142,0.14285714285714285,94.0093444661574,0.03251240145225674
V,2023-12-31,4.0,-2.3832778399052765,0.0001925500270670603,0.4178889457022551,,0.5288310614452381,0.2009963760523279,0.3727441135298703,1.4740108520993922,1.2904968224610087,0.035224672192340226,-0.4962155679653201,-0.3517843350239358,,0.4849035473048816,0.4,0.4,100.60043242326607,0.029703604122655398
V,2024-03-31,4.0,-2.5601734011227855,0.00018747046643322737,0.41743737295105643,,0.5288310614452381,0.2023430644686569,0.3756495140850688,1.45125796638021,1.2956617832786057,0.03390379283215251,-1.0072280065691008,-0.766887036704906,,1.009074090286462,0.4375,0.4375,110.61793326345213,0.028854657423552345
V,2024-06-30,5.0,-2.374328354271236,0.00018363865501131056,0.4201309987491344,,0.5288310614452381,0.20918195578450077,0.3822995672607138,1.4242948493342678,1.2942159035963001,0.03464596022347741,-0.9094914272101625,-0.31454467534310665,,1.7131613065040354,0.11764705882352941,0.35294117647058826,101.71138950229319,0.033589770085862954
V,2024-09-30,5.0,-2.4878881993225463,0.0001994091076577841,0.4158620745670202,,0.5288310614452381,0.21380824617783784,0.3890632149209847,1.378709970330796,1.314380956558245,0.03260762911765514,-0.38809597532859963,-0.4530290077099629,,1.1154298510150775,0.2777777777777778,0.3888888888888889,99.42988240902591,0.03592543313957672
V,2024-12-31,5.0,-2.466518882032098,0.00022948280481752253,0.3978239120912399,,0.5288310614452381,0.21600809002860713,0.3980337336888043,1.2909670205713268,1.3370637413190605,0.03095410015488432,-0.6220999752678302,-1.6357874458973223,,1.6534157783102823,0.5263157894736842,0.5789473684210527,114.75748025149122,0.032040688168361656
V,2025-03-31,3.0,-2.4380350317615522,0.00025633077019690206,0.3742095427392436,,0.5285877568379362,0.21481425469629373,0.4063927927149385,1.2100002778884185,1.3767289905583475,0.028065888326832114,-0.8087721577188212,-1.9681679911411594,,1.5878354223168765,0.65,0.65,123.43914856783128,0.03149680221582022
VZ,2025-03-31,,,,-0.05685343513055914,0.610094071972525,0.1457070329998507,0.012827186589687773,0.08803409365765424,0.6116824419480562,2.727706616227447,0.018336768021260844,,,,,0.0,0.0,138.20004704498677,0.014898950062225027
WBA,2020-05-31,,,,-0.13503166584079349,0.19621920695560532,-0.05625082334343301,-0.01975845634167785,0.35125630465966406,0.6877322024993433,3.0541694024950754,0.01793045516008172,,,,,0.0,0.0,-53.328492211838004,0.022665797917492025
WBA,2020-08-31,5.0,-2.8508957120808796,0.0006534150514402485,-0.13503166584079349,0.2022096354595449,-0.021981097902328186,-0.01537850120090543,0.6996238890904797,0.6775941025354629,3.0892667875733095,0.07226442328473691,,,,0.7071067811865472,0.0,0.0,179.21900727272728,0.046650565199333104
WBA,2020-11-30,5.0,-1.6900379251978999,0.0020268515084673356,-0.13503166584079349,0.20517076769517859,-0.017825369960508614,-0.018756706978301736,1.0522478366427437,0.6835321117281236,3.158022151898734,0.09568242410554947,-0.7071067811865476,0.7071067811865475,,0.8941949446980543,0.6666666666666666,0.0,118.63848806682577,0.06232887493370716
WBA,2021-02-28,7.0,-2.838761894169761,0.0005948316887327813,-0.11759290934535842,0.2056166017078695,-0.004945938808012741,-0.0069888749098825295,1.4130532505901812,0.7245023581634068,3.1546602454924533,0.10889841277309446,-0.8018284191358382,-0.9825586393777329,,-0.7107638643557745,0.0,0.0,144.45639361702126,0.05871547886570565
WBA,2021-05-31,7.0,-2.4251037266125035,0.0009441132494047466,-0.06898805894521146,0.20904701555781896,0.017781475232667533,0.025469053207157394,1.4323363429580072,0.7457031281714039,3.141918149425155,0.11900123546314909,-1.1038802904601293,-1.4065010517930412,,-0.9431290904796792,0.8,0.2,109.6468293153327,0.043169480440825324
WBA,2021-08-31,6.0,-2.3103042152445767,0.0009246211205710831,-0.056740599843755304,0.2118195745194666,0.019176055966009856,0.028769403213206073,1.5002773909400722,0.7582561741456065,2.9375529401275022,0.10527680362430578,-0.8845141279456973,0.6701153912353638,,-1.0294250567651835,0.6666666666666666,0.0,-385.48087719298246,0.0379351282016293
WBA,2021-11-30,6.0,-2.4023395834251673,0.00033466387435874986,0.02198036219847989,0.21495569451441782,0.047639510416975374,0.07131943731958705,1.4970648668583677,0.7914776828279408,2.5236206239557584,0.11603232233418956,-0.7855450261319985,1.4408646017876197,,-0.8704242136627626,0.5714285714285714,0.0,87.36463682432432,0.04386587795560824
WBA,2022-02-28,5.0,-2.563260594980183,0.0007633046732754772,0.0173710526606254,0.22023700063994586,0.046274705955909934,0.06943785251492843,1.50055740129582,0.7674248123926924,2.2330139528244657,0.0961045906034468,-0.7247696291557969,0.12236072246360172,,0.7480290454830099,0.625,0.125,89.6533513986014,0.04398854407271999
WBA,2022-05-31,4.0,-2.5514687482248886,0.0007401867377330987,0.012153013889080064,0.2182639983347706,0.04001754438133753,0.0592784285655292,1.481310997012953,0.7701008931347636,2.0183309374039204,0.1176234866654754,-0.6998766546871661,0.008540251126678361,,-1.8178194708291104,0.6666666666666666,0.0,-220.6914966442953,0.04777712572020655
WBA,2022-08-31,4.0,-2.475660064368756,0.0010371528542559678,-0.0020372346286884613,0.21300950242270333,0.03270461104873289,0.04665751075729763,1.4266340207432413,0.7773359205083372,1.938725703137958,0.11563010342995435,-0.6523158759142311,-0.03872763568267486,,-1.8305665270478926,0.6,0.0,-100.79899449944995,0.061004049994768716
WBA,2022-11-30,3.0,-2.5505616965704965,0.0021249951215971206,-0.12732567765259567,0.20914028929371178,-0.022415723536887974,-0.032167972619768156,1.4350628730244464,0.7405528628932885,2.1228217385408192,0.13407032483802742,-0.5839287964204786,-1.362866814425738,,-2.7814756643801672,0.36363636363636365,0.09090909090909091,-15.866905721192587,0.05198189701836526
WBA,2023-02-28,5.0,-2.28388476923151,0.00046977402437966127,-0.13503166584079349,0.2024983119513842,-0.023610173306324554,-0.03345781227158558,1.4170930402540964,0.709164933828245,2.2462101276089075,0.18065886176050397,-0.5169171114282365,0.35155290356892493,,-2.4636587226882996,0.4166666666666667,0.08333333333333333,791.4140661157024,0.05988277319632729
WBA,2023-05-31,4.0,-2.461317087854842,0.001145064949726019,-0.13503166584079349,0.1984306580068769,-0.02437035295500632,-0.03472571189279732,1.4249162479061976,0.6727863107877772,2.3438996000455092,0.12716513315020436,-0.4544378111331563,0.32814604867249203,,-1.5660778229715195,0.46153846153846156,0.0,-174.51096629213484,0.06918606614736839
WBA,2023-08-31,3.0,-2.5531728475855506,0.0023455312086965536,-0.13503166584079349,0.19464916128011733,-0.022152558580970802,-0.031715232009635004,1.4316735420746662,0.511676874542862,2.4588811251057012,0.2121235761673946,-0.3531529517588388,0.1788533332552451,,-1.4327806738033424,0.5,0.0,-176.53579611650486,0.08277212020854548
WBA,2023-11-30,4.0,-2.3932823197941744,0.0009112879935132754,-0.13503166584079349,0.18881929132199485,0.004023706866283724,0.005824191740930193,1.4474691955652794,0.5027204868397386,2.4112548108595404,0.12796210183272877,-0.16742825226292335,-0.8764571914561833,,-0.29759582896485576,0.9333333333333333,0.0,-1071.0027160493828,0.10041712623385801
WBA,2024-02-29,3.0,-2.5044423497931105,0.008213861993017069,-0.13503166584079349,0.1858557636449141,-0.04174389333038259,-0.06399847319745851,1.5331218075645643,0.4172687815556708,2.730421627180319,0.042482991806072505,0.20305582902729047,-1.5019370275598858,,-0.1754994663587532,0.5,0.0,-99.17139614074915,0.09418244781654328
WBA,2024-05-31,5.0,-2.519225822365854,0.0017805800329247982,-0.13503166584079349,0.18376714399582222,-0.039929362614407826,-0.06416635287421729,1.609684742603853,0.35695050709058135,3.1548085429040817,0.10906668732442512,-0.2831339839454974,0.2827484697047377,,-0.15925804980232433,0.5294117647058824,0.0,1252.5749393939393,0.10899535528562562
WBA,2024-08-31,4.0,-2.5299360503090647,0.006719521186455704,-0.13503166584079349,0.17961898182951028,-0.058486898690884956,-0.06416635287421729,1.7067706978760295,0.37038217248530936,3.892371419685017,0.2962003319433889,0.4319991078887583,0.7842106657879918,,-0.48378089466267293,0.5555555555555556,0.0,-110.5336690647482,0.14011376634991396
WBA,2024-11-30,4.0,-2.426382366004034,0.0036356734728029004,-0.13503166584079349,0.1763923701374253,-0.05872653897040735,-0.06416635287421729,1.8411942564052344,0.3508032558876106,5.023650641498304,0.2962003319433889,0.7503691589831808,0.5305089075287062,,-0.4023310748562139,0.5789473684210527,0.0,-321.70434745762714,0.14011376634991396
WBA,2025-02-28,3.0,-2.541134104470426,0.013575222550406454,-0.13503166584079349,0.17391161275461517,-0.038046661620981276,-0.06416635287421729,1.9431922090710865,0.3508032558876106,5.77903725698433,0.2962003319433889,0.06531361266280096,0.10324296564006412,,-0.027983563162682752,0.5,0.0,-38.7778937148697,0.09752304469546154
WMT,2020-07-31,,,,-0.04754699176854185,0.2544830189775087,0.0470154346531922,0.02728092273213639,0.5802546107118484,0.7930500140317484,1.9235316575735557,0.0275303259634013,,,,,0.0,0.0,86.59642185179072,0.004149223104784681
WMT,2020-10-31,5.0,-2.3552491719916047,0.00035777652245523855,-0.010783930198977984,0.25480638649293447,0.042616993943842905,0.047562187016764124,1.1160380546651782,0.814908453768271,1.8941440773913611,0.02837347702212567,,,,0.7071067811865477,0.0,0.0,96.06624264451368,0.008894538624268354
WMT,2021-01-31,4.0,-2.3979923584782887,0.0005106603208994404,-0.0011955595815540954,0.25025381069373354,0.02242485201246558,0.038555986505404725,1.7193418482303533,0.870365365803527,1.8908996534390707,0.051844281417972655,-0.7071067811865476,-0.7071067811865475,,0.9229914612203786,0.3333333333333333,0.0,102.20076180061965,0.016252055174938385
WMT,2021-04-30,6.0,-2.552344583660447,0.00018733794996560386,0.023155520903039115,0.25100961376166187,0.02176466094211666,0.0501370070457843,2.303596972134056,0.8884982128511718,1.8675269347229069,0.054103531564064986,-0.8920333259142941,-0.026926450757051697,,0.5290290153683406,0.0,0.0,80.32395136778115,0.02740292336922922
WMT,2021-07-31,8.0,-2.433504183932595,0.00024058879014677147,0.027806870163476043,0.25097810631551987,0.01775163606496569,0.041083626641812095,2.31435719454017,0.9293144145957886,1.8218621847188496,0.04523812089601563,-1.1271866733710503,-0.7748929129484826,,0.8457866118402565,0.4,0.2,75.98765569757956,0.033054885028569236
WMT,2021-10-31,4.0,-2.2939624171103907,0.0003082105678469287,0.028459608423823626,0.25040649553641675,0.014021910546504838,0.03298782494241527,2.3525913129318856,0.9580309033743586,1.778458716539955,0.04181543542017885,-0.8934630222061158,-0.6998016300153453,,0.9424630823235428,0.6666666666666666,0.3333333333333333,99.02865331491712,0.03581240701317372
WMT,2022-01-31,6.0,-2.3710599946375943,0.00025544996488956174,0.056854786887828496,0.25098733487675334,0.0238723780191845,0.05668481122336875,2.3744937005360454,0.9463025504359542,1.7227253102010063,0.030497630709829762,-0.7868014307655615,1.0861384351840193,,1.1102911783831397,0.0,0.0,89.80486665534228,0.04238396860092219
WMT,2022-04-30,2.0,-2.5672225984504355,0.0004346582959546693,0.04125430390853906,0.2490186853421711,0.022563726860331278,0.05335358500828711,2.364573252395051,0.9230003601294198,1.7399018656768879,0.008201651137330082,-0.6936522358390711,-0.5026524138014047,,1.4267043400514923,0.25,0.5,109.12720947724709,0.03649041691922396
WMT,2022-07-31,5.0,-2.5039140947269725,0.00024823605975819697,0.030171343937045042,0.24598179046789515,0.02359549797218215,0.05643648555722383,2.391832781989152,0.8922806035086208,1.7742010131083237,0.015748761326404872,-0.600260202012458,-0.21900244226968343,,1.4867454895021472,0.0,0.0,75.82126495477094,0.04545044519422783
WMT,2022-10-31,4.0,-2.4342953984450633,0.0006814649192919744,-0.008807768266594442,0.2437744954275202,0.0149422107873197,0.036382558525222215,2.4348845725089947,0.872585770061472,1.8660216698015297,0.018762172474516725,-0.5568079919132336,-1.097324082820763,,1.4739097811745898,0.7,0.1,202.7081706864564,0.044714048836906
WMT,2023-01-31,6.0,-2.463336559211479,0.00018655351627770253,-0.0058638845593450145,0.24140463839525986,0.01910716535059522,0.047470315811720044,2.484424818684121,0.8479213403925289,1.9284428456235252,0.031309552293495545,-0.5284459486037295,0.4662758510901234,,1.288124990387493,0.36363636363636365,0.09090909090909091,98.94200503506563,0.04130470309971265
WMT,2023-04-30,5.0,-2.5354069118176765,0.0005564811368537996,-0.012537419705931724,0.24092916477096432,0.018164981568146412,0.04597270891715534,2.5308425854817136,0.8380504357214468,1.9819434249558672,0.04818030482623243,-0.5023470490506562,-0.36620368447061613,,1.3115001862230253,0.5,0.25,91.59464583333333,0.035049352781253235
WMT,2023-07-31,8.0,-2.4353759185506205,0.00023104276306515597,0.0012976437574354627,0.2419553768742252,0.022259247868559307,0.05667252254479444,2.5460214504751133,0.8340256121710603,2.0086005379510503,0.045014376622737384,-0.48747677406005213,0.34913290308791817,,1.3714281570161497,0.15384615384615385,0.38461538461538464,81.67521323127391,0.026494427203049575
WMT,2023-10-31,5.0,-2.4315003132385193,0.000639357355577342,0.011329566253883872,0.24271859858950978,0.02550466902009283,0.065002568463261,2.5486536763935783,0.8298261805482765,1.9942268521560453,0.029191942181751966,-0.41076653857884765,0.3289260517081972,,1.4006763324681535,0.07142857142857142,0.42857142857142855,98.1339858110287,0.01950204668478451
WMT,2024-01-31,6.0,-2.4284723244882693,0.00017641993796869713,0.00809569981428164,0.24375390549662487,0.023932111861137896,0.06132363130308269,2.562399493153921,0.8324884380509492,1.963471643732096,0.03444194723520574,-0.26929166104934,-0.4305044177817449,,1.4189462166053495,0.2,0.4,84.62136889991729,0.019986189160104098
WMT,2024-04-30,3.0,-2.443686760832186,0.00035319793351343124,0.024550231790804386,0.24499491885379077,0.02881648847157905,0.07422791913381167,2.575883567736601,0.8277575803962088,1.9144992876130325,0.030772091022361246,0.18883241881392712,0.5387831004442881,,1.2289969002846308,0.0,0.625,94.63742873848852,0.019644199260752827
WMT,2024-07-31,7.0,-2.5234451650176304,0.0003111413677347802,0.0041185529970090146,0.2462817746434398,0.023385235363552293,0.06098422946728009,2.6078090948927866,0.821973943634747,1.8698388494390115,0.0223444212430724,-0.3105370084854367,-0.8825856178104954,,1.3086274097607669,0.5882352941176471,0.7647058823529411,90.78533879093199,0.018179856689942077
WMT,2024-10-31,5.0,-2.371780523413184,0.0003040672217409086,0.026904827920163382,0.2469698836037571,0.029200720074678808,0.0768374643168159,2.6313551213911657,0.8217703380244504,1.8132316024806507,0.02634225545691742,-0.09752271029475149,0.5745677910069122,,1.3285541375597116,0.5,0.8333333333333334,123.34054859868813,0.016735115463086644
WMT,2025-01-31,6.0,-2.4623144822653815,0.00024924196046240523,0.023538707640822845,0.24851061330278934,0.028541010448100913,0.07528110342049509,2.637646748960992,0.8196065577128926,1.7819588975779797,0.016512824455810864,-0.8951871772711186,-0.3064665394957343,,1.5740037985138644,0.7368421052631579,0.8421052631578947,121.92550833439368,0.014103758254268033
XOM,2020-06-30,,,,-0.018303987607020844,0.35499353885914714,-0.03322872438619162,-0.002987593189394044,0.08990995726081966,0.9257202723939235,0.931547984803877,-0.02312576099827057,,,,,0.0,0.0,-307.5261952861953,0.019450351394289148
XOM,2020-09-30,4.0,-2.3535938288749367,0.00012546890419064808,-0.026910045056689154,0.33468484600429754,-0.022510999693031823,-0.004892027940150485,0.21731722299586678,0.894239392287538,0.9354646080185063,-0.022636218508869967,,,0.7071067811865475,-0.7071067811865476,0.0,0.0,182.21144400227402,0.0506808495749963
XOM,2020-12-31,3.0,-2.430511706362555,0.0003200779947451973,-0.11392774601629971,0.32422198461253987,-0.1613158266361148,-0.0622358137696144,0.35461869754287795,0.8618526640055026,0.9636085427182565,-0.016712869829743387,-0.7071067811865476,0.7071067811865475,-0.9986754162575562,-0.7255753455842172,0.6666666666666666,0.0,-6.944456764518188,0.06386440166676662
XOM,2021-03-31,6.0,-2.293685833306569,7.130073401500114e-05,-0.10786330730748642,0.314949385096204,-0.1049098928381147,-0.05512034849912486,0.525406584717234,0.8460202127243747,0.9800941719666969,0.016439854534330743,-0.7260942400388238,-0.7330891440732562,0.1295672220478325,-0.9681254414890759,0.5,0.0,101.66656583188693,0.06275320143211635
XOM,2021-06-30,7.0,-2.340894177267091,0.00010126300404091673,-0.09058488000164483,0.3071734648970421,-0.061751557686517036,-0.03915256577072986,0.6340336541709378,0.827411901249474,1.0074498930570357,0.056491424764067405,-0.9789480004643231,-0.6664095049389932,0.8998608004494126,-1.1921028726317606,0.4,0.0,55.64546154817528,0.05549807118905461
XOM,2021-09-30,8.0,-2.4301715799599184,9.573547279266703e-05,-0.059669212239937874,0.3109009942261421,-0.024350079860007676,-0.01760541053057187,0.7230124349401752,0.8374029018274614,1.027084817168789,0.09301259665851233,-0.8971338861911669,-0.6740842498622908,1.084444321445398,-1.131652004021932,0.3333333333333333,0.0,38.131534075481945,0.05954730529856113
XOM,2021-12-31,7.0,-2.3741762712361516,7.605609648017257e-05,0.07340684800285147,0.31465716549037037,0.08258567726348917,0.0684354741696184,0.8286603250982052,0.8956315616866,1.0014535272558653,0.13920160938476955,-0.7242590327891343,-1.1276878696479502,1.3448553739558553,-1.0600758054241428,0.8571428571428571,0.0,35.166963580955986,0.05822042736840041
XOM,2022-03-31,5.0,-2.250254502514711,0.00010833879545088599,0.09858803762015865,0.31075011882782416,0.08338964856064746,0.0754274968175826,0.9045187036940902,0.9683934872387221,0.9958104166089037,0.11347819037038454,-0.7337372098491232,-0.07689346187825595,1.2822511342280245,-0.9138909157931404,0.875,0.25,107.37589706786959,0.04867275748802122
XOM,2022-06-30,8.0,-2.3117244199379354,5.945905566200684e-05,0.16841525552227363,0.320600257635663,0.10860291206370627,0.11143248678974306,1.026054317257874,1.053419687587746,0.985388151196425,0.13574293145958197,-0.5598565307872799,0.11888508172580903,1.1844100506811603,-0.8993272473494935,0.6666666666666666,0.1111111111111111,19.48114700741795,0.058137379194379585
XOM,2022-09-30,7.0,-2.558381199719887,6.0034688020689176e-05,0.24140931252706724,0.33087305569493225,0.1301053687907677,0.14489878599069586,1.113703357036085,1.1625911641077673,0.9617682525761895,0.15960622874376743,-0.6320708136455684,0.0178482670579236,1.1709265746898716,-0.79604404969476,0.6,0.1,27.455228375606584,0.06848761747947353
XOM,2022-12-31,5.0,-2.4287682198055784,6.379162059987047e-05,0.27270092846724914,0.3205347291201189,0.13946191818934695,0.1525280414622333,1.0936895422243262,1.2440707011525005,0.9321446037935365,0.12385097038076803,-0.8425917832967151,-0.1294284013125095,1.2565935143595073,-0.6258243981746866,0.6363636363636364,0.45454545454545453,21.279104308472125,0.06383235318785466
XOM,2023-03-31,7.0,-2.519284913446135,5.57268184140334e-05,0.3131875336976518,0.332210154079313,0.15582217731750442,0.16714035292109533,1.0726352037844327,1.3361034642159806,0.8772795821158184,0.12992154376725615,-0.808423219399178,-0.10456408253255116,1.1546849485566686,-0.46599574255071347,0.5833333333333334,0.3333333333333333,35.44292174507347,0.07190568996871942
XOM,2023-06-30,5.0,-2.553110598225769,6.175467407005049e-05,0.28998925153447597,0.32401845468291723,0.14297127029365503,0.14055894738415506,0.9831272191640656,1.4209431370888457,0.8194942188850168,0.1062652710463827,-0.9375666555068476,-0.2718613913340566,1.0703975783630972,0.068092705204157,0.6153846153846154,0.5384615384615384,43.47054680728113,0.0750782255947037
XOM,2023-09-30,6.0,-2.352952510292474,5.3874500518177495e-05,0.2531858380061671,0.3073566894012697,0.12133316026715125,0.11161881888401534,0.9199366326423306,1.4430207806127007,0.7900346968789811,0.07982226274929788,-1.0316268879474793,-0.2536225429696739,0.6629128950830006,0.5467024078589979,0.8571428571428571,0.7142857142857143,40.52775938575121,0.06885551004615123
XOM,2023-12-31,6.0,-2.5602397090351725,5.728330451318229e-05,0.23478232103132946,0.32017729311614235,0.10647640280664819,0.09724580490752399,0.9133085110333211,1.4594709849311087,0.7771169623339196,0.08337008320754609,-0.6622669152991139,0.1171936483738714,1.006129759214298,1.0987712468580795,0.7333333333333333,0.4666666666666667,66.1985789626919,0.08147338265983481
XOM,2024-03-31,4.0,-2.4294867419075015,5.42407333670447e-05,0.21887011307998297,0.31047411671712577,0.09783597560066218,0.08806894079646006,0.9001692910584518,1.4390574234563607,0.7732490596581441,0.0690964029846995,-0.692717048999837,0.16619503882325276,0.9478179144206419,1.36111550184683,0.9375,0.6875,51.1569475487397,0.0676310281775437
XOM,2024-06-30,4.0,-2.4556800324575834,4.3509481772036e-05,0.2068496680634652,0.3081593674917908,0.09900330107611023,0.08608865543809512,0.8695533835979186,1.4089746620532548,0.7453488001284378,0.06521882957675129,-0.16390873639463335,0.319685862288728,0.8982570166671284,1.2569663070893706,0.9411764705882353,0.8235294117647058,51.32671287738756,0.06640199234952464
XOM,2024-09-30,4.0,-2.5004639102218578,4.326934166926151e-05,0.19024628203461474,0.3084459626282783,0.09788800102245034,0.08038844076242592,0.8212287504368289,1.3905853744518746,0.7141300436695507,0.0626687695698901,-0.42936988165528844,0.17083656412340315,0.8679842640422563,1.3378185013530255,0.9444444444444444,0.8333333333333334,57.145232205749856,0.0662994972962072
XOM,2024-12-31,3.0,-2.421706390033492,4.7589772465010076e-05,0.1752389943991389,0.3038169317192355,0.09808061364450436,0.07680659697517013,0.7830966194151022,1.3497370876091934,0.6925363110378607,0.06467594490079467,-0.3087400895595732,-0.24182019392666018,0.4873326650572112,1.2652610125974015,0.7894736842105263,0.5789473684210527,72.15178630499504,0.0765031614168698
XOM,2025-03-31,5.0,-2.417416652417076,4.6285970160309356e-05,0.15999422321370937,0.30434909031697155,0.09645809526301863,0.07258838318911426,0.7525380113632012,1.31211125619533,0.6723472615860899,0.05419819557569173,-0.1397292253930925,-0.25829715489812854,0.983737776756901,1.2357849126501905,0.95,0.8,65.34441080880305,0.074338130427849
